# Blender 5.2.0 LTS
# www.blender.org
mtllib void katana blade.mtl
o RenderMesh_87127434278076.002
v -0.095779 -1.295870 0.069982
v -0.139395 -1.257165 0.133837
v -0.148523 -1.293521 0.120024
v -0.073559 -1.182137 -0.078875
v -0.069500 -1.145052 -0.000714
v -0.054684 -1.182293 -0.000014
v -0.355705 -1.286515 -0.007345
v -0.351643 -1.249430 0.070818
v -0.370537 -1.249078 -0.007973
v -0.184666 -0.546066 -0.010908
v -0.198141 -0.839899 -0.022687
v -0.187425 -0.545959 -0.011721
v -0.050629 -1.221922 0.000407
v -0.077736 -1.181104 0.077684
v -0.074501 -1.220563 0.080876
v -0.335013 -1.287522 -0.077067
v -0.271182 -1.321559 -0.104197
v -0.314260 -1.319709 -0.063322
v -0.213805 -0.839131 0.002854
v -0.190478 -0.545807 -0.001433
v -0.192457 -0.545711 -0.003516
v -0.156597 -1.325997 -0.101123
v -0.215257 -1.347750 -0.084329
v -0.213484 -1.323932 -0.118011
v -0.253787 -1.361315 -0.025143
v -0.298451 -1.344212 -0.005482
v -0.286505 -1.344990 -0.045754
v -0.101956 -1.327447 -0.000282
v -0.148281 -1.349638 0.039124
v -0.136337 -1.350418 -0.001145
v -0.331110 -1.318769 -0.006500
v -0.338776 -1.286727 0.063352
v -0.148756 -1.111152 -0.102332
v -0.154930 -1.064090 -0.033231
v -0.107933 -1.112388 -0.059256
v -0.181014 -1.363948 -0.023259
v -0.146164 -1.350306 -0.041861
v -0.333206 -1.134706 0.062450
v -0.268606 -1.105571 0.093067
v -0.309429 -1.104334 0.049990
v -0.193132 -0.545712 -0.006306
v -0.176548 -0.252061 -0.006936
v -0.192299 -0.545769 -0.009104
v -0.348779 -1.170886 0.070390
v -0.283211 -1.136381 0.115185
v -0.285731 -1.174336 -0.142090
v -0.329422 -1.135695 -0.078037
v -0.276700 -1.137851 -0.128008
v -0.367674 -1.170536 -0.008403
v -0.218210 -1.254023 0.152746
v -0.219131 -1.290769 0.136812
v -0.205558 -1.109021 -0.119414
v -0.206073 -1.140797 -0.144870
v -0.080602 -1.259647 0.078113
v -0.057528 -1.261033 0.000345
v -0.218139 -1.367675 -0.003189
v -0.237972 -1.361880 -0.040178
v -0.216896 -1.362720 -0.045059
v -0.136422 -1.143163 -0.124143
v -0.175983 -1.364155 -0.002028
v -0.176680 -0.951936 -0.019346
v -0.189551 -0.840234 -0.020155
v -0.183401 -0.840397 -0.013620
v -0.276449 -1.320416 0.094274
v -0.219562 -1.322479 0.111167
v -0.355029 -1.209935 0.073156
v -0.208245 -1.216720 -0.166176
v -0.288672 -1.252944 -0.141464
v -0.289833 -1.213575 -0.146629
v -0.184931 -0.545997 -0.001260
v -0.182829 -0.546090 -0.003279
v -0.115767 -1.327232 -0.058044
v -0.075066 -1.297076 0.000189
v -0.161883 -1.324656 0.097417
v -0.178796 -1.348520 0.068131
v -0.182690 -0.546119 -0.008809
v -0.173111 -0.951953 -0.004374
v -0.183831 -0.840307 0.003595
v -0.177464 -0.951755 0.010312
v -0.216910 -0.950429 -0.031324
v -0.213310 -0.839309 -0.014540
v -0.206831 -0.839511 -0.020645
v -0.086425 -1.144838 -0.071410
v -0.070175 -1.221630 -0.081212
v -0.076423 -1.260681 -0.078445
v -0.178802 -1.062711 0.047183
v -0.170071 -1.007629 0.016246
v -0.185448 -1.006935 0.030902
v -0.090191 -1.144046 0.069009
v -0.219632 -1.346753 0.077966
v -0.259812 -1.345383 0.065865
v -0.216958 -1.214849 0.158122
v -0.136529 -1.178620 0.133409
v -0.215348 -1.175477 0.152316
v -0.208543 -1.061611 0.054215
v -0.211722 -1.107633 0.109952
v -0.323235 -1.104122 -0.007772
v -0.257397 -1.060247 -0.035889
v -0.306306 -1.104995 -0.064790
v -0.141993 -1.295187 -0.123241
v -0.190217 -0.545835 -0.011066
v -0.135371 -1.217993 0.138571
v -0.256069 -1.346179 -0.074562
v -0.282272 -1.289874 -0.127106
v -0.209856 -1.256089 -0.160374
v -0.211660 -1.292624 -0.143897
v -0.175985 -1.063405 -0.055497
v -0.206994 -1.177546 -0.160802
v -0.196050 -1.363494 -0.038865
v -0.142933 -1.141696 0.119051
v -0.110973 -1.111661 0.055329
v -0.154048 -1.109810 0.096206
v -0.168982 -1.007883 -0.024564
v -0.147830 -1.064133 -0.003347
v -0.239938 -1.361530 0.032641
v -0.254897 -1.361009 0.016842
v -0.219091 -1.362305 0.038840
v -0.197935 -1.363075 0.033759
v -0.092014 -1.296665 -0.070438
v -0.213543 -1.138945 0.135840
v -0.258984 -1.059876 0.023292
v -0.263309 -1.106913 -0.105469
v -0.132167 -1.258926 -0.137305
v -0.127832 -1.219582 -0.142257
v -0.344602 -1.171920 -0.086172
v -0.350705 -1.211004 -0.088929
v -0.118806 -1.326506 0.056542
v -0.094124 -1.112602 -0.001494
v -0.288801 -1.288207 0.116156
v -0.317301 -1.318983 0.051268
v -0.288702 -1.344394 0.035432
v -0.232454 -0.949727 -0.005959
v -0.228068 -0.950022 -0.020736
v -0.156518 -1.063718 0.025955
v -0.199065 -0.839629 0.011920
v -0.187722 -0.545872 -0.000604
v -0.182199 -1.363709 0.018919
v -0.203575 -0.950675 0.024514
v -0.207643 -0.839426 0.009342
v -0.218286 -0.950166 0.020090
v -0.297390 -1.211789 0.134270
v -0.203774 -1.006687 -0.045898
v -0.235131 -1.061094 -0.057060
v -0.224300 -1.005814 -0.041013
v -0.293035 -1.172641 0.129249
v -0.347468 -1.250465 -0.085739
v -0.183503 -1.007415 -0.039929
v -0.181304 -0.840396 -0.004935
v -0.182016 -0.546118 -0.006018
v -0.228877 -0.949808 0.008990
v -0.205961 -1.006164 0.035752
v -0.129327 -1.180185 -0.137667
v -0.266102 -1.059668 -0.006531
v -0.175054 -1.349314 -0.072298
v -0.240754 -1.004969 0.014417
v -0.245667 -1.004836 -0.006151
v -0.205370 -1.062355 -0.064152
v -0.215904 -0.839131 -0.005830
v -0.295898 -1.251187 0.129677
v -0.260005 -1.360868 -0.004195
v -0.374574 -1.209643 -0.008463
v -0.350134 -1.134493 -0.008246
v -0.190378 -0.840015 0.009879
v -0.201984 -0.951068 -0.034871
v -0.188656 -0.951251 0.020991
v -0.187242 -0.951606 -0.030528
v -0.226187 -1.005421 0.029669
v -0.164080 -1.007909 -0.003961
v -0.239655 -1.005238 -0.026423
v -0.237862 -1.060502 0.045399
v -0.137419 -2.307622 -0.069982
v -0.184068 -2.342613 -0.133837
v -0.190177 -2.305629 -0.120024
v -0.124620 -2.422796 0.078875
v -0.123622 -2.460089 0.000714
v -0.105796 -2.424192 0.000014
v -0.397235 -2.295586 0.007345
v -0.396234 -2.332880 -0.070818
v -0.415093 -2.331678 0.007973
v -0.287620 -3.047585 0.010908
v -0.276905 -2.753640 0.022687
v -0.290379 -3.047466 0.011721
v -0.098498 -2.385030 -0.000407
v -0.128868 -2.423483 -0.077684
v -0.122402 -2.384424 -0.080876
v -0.376530 -2.296284 0.077065
v -0.310119 -2.267607 0.104197
v -0.353203 -2.265910 0.063322
v -0.292578 -2.753119 -0.002854
v -0.293433 -3.047366 0.001432
v -0.295414 -3.047300 0.003515
v -0.195555 -2.272600 0.101123
v -0.252231 -2.246100 0.084329
v -0.252420 -2.269984 0.118011
v -0.289516 -2.229415 0.025143
v -0.335433 -2.242790 0.005482
v -0.323463 -2.242996 0.045754
v -0.140981 -2.275645 0.000282
v -0.185325 -2.249722 -0.039124
v -0.173357 -2.249925 0.001145
v -0.370074 -2.265463 0.006500
v -0.380346 -2.296765 -0.063352
v -0.205397 -2.487363 0.102332
v -0.215416 -2.533758 0.033231
v -0.164609 -2.489485 0.059256
v -0.216772 -2.232770 0.023259
v -0.183161 -2.249231 0.041861
v -0.387288 -2.448731 -0.062450
v -0.325299 -2.483075 -0.093067
v -0.366086 -2.480954 -0.049990
v -0.296085 -3.047243 0.006306
v -0.303688 -3.341264 0.006936
v -0.295251 -3.047254 0.009104
v -0.399834 -2.411395 -0.070390
v -0.337323 -2.451170 -0.115185
v -0.336715 -2.413135 0.142090
v -0.383434 -2.448055 0.078037
v -0.330714 -2.450240 0.128008
v -0.418694 -2.410191 0.008403
v -0.262876 -2.339267 -0.152746
v -0.260773 -2.302569 -0.136812
v -0.262181 -2.484818 0.119414
v -0.260082 -2.453107 0.144870
v -0.125269 -2.344970 -0.078114
v -0.102161 -2.345483 -0.000346
v -0.253465 -2.226005 0.003188
v -0.273707 -2.230151 0.040178
v -0.252634 -2.231047 0.045059
v -0.190473 -2.456473 0.124143
v -0.211741 -2.232977 0.002028
v -0.246310 -2.643746 0.019346
v -0.268315 -2.754012 0.020155
v -0.262173 -2.754354 0.013620
v -0.315460 -2.268313 -0.094274
v -0.258598 -2.270931 -0.111167
v -0.402854 -2.371963 -0.073156
v -0.256009 -2.377264 0.166176
v -0.333188 -2.334551 0.141464
v -0.337580 -2.373693 0.146629
v -0.287890 -3.047633 0.001260
v -0.285786 -3.047714 0.003279
v -0.154762 -2.274724 0.058044
v -0.116677 -2.308123 -0.000189
v -0.200934 -2.273502 -0.097417
v -0.215830 -2.248329 -0.068131
v -0.285646 -3.047695 0.008808
v -0.242750 -2.644023 0.004374
v -0.262608 -2.754410 -0.003595
v -0.247106 -2.643861 -0.010312
v -0.286527 -2.641941 0.031324
v -0.292070 -2.752982 0.014538
v -0.285597 -2.753312 0.020645
v -0.140508 -2.458913 0.071408
v -0.118002 -2.383715 0.081212
v -0.121019 -2.344283 0.078445
v -0.239320 -2.533170 -0.047183
v -0.235145 -2.588784 -0.016246
v -0.250527 -2.588212 -0.030902
v -0.144326 -2.459392 -0.069009
v -0.256672 -2.246735 -0.077966
v -0.296828 -2.244798 -0.065865
v -0.264846 -2.378412 -0.158122
v -0.187666 -2.421128 -0.133409
v -0.266477 -2.417782 -0.152316
v -0.269052 -2.531824 -0.054215
v -0.268438 -2.485695 -0.109954
v -0.379862 -2.480032 0.007772
v -0.317852 -2.529168 0.035889
v -0.362920 -2.480552 0.064790
v -0.183533 -2.304506 0.123241
v -0.293172 -3.047360 0.011065
v -0.183277 -2.381983 -0.138571
v -0.293033 -2.244312 0.074562
v -0.323774 -2.298274 0.127106
v -0.254379 -2.337894 0.160372
v -0.253176 -2.301336 0.143897
v -0.236457 -2.532711 0.055497
v -0.257981 -2.416408 0.160802
v -0.231794 -2.231988 0.038864
v -0.197083 -2.457400 -0.119051
v -0.167699 -2.489959 -0.055330
v -0.210781 -2.488265 -0.096206
v -0.234038 -2.588620 0.024564
v -0.208338 -2.534299 0.003347
v -0.275696 -2.230339 -0.032641
v -0.290646 -2.229629 -0.016842
v -0.254855 -2.231279 -0.038840
v -0.233707 -2.232249 -0.033759
v -0.133602 -2.307139 0.070437
v -0.267680 -2.454340 -0.135840
v -0.319464 -2.529406 -0.023292
v -0.319910 -2.482174 0.105469
v -0.176721 -2.341451 0.137305
v -0.175633 -2.381019 0.142257
v -0.395587 -2.410705 0.086172
v -0.398456 -2.371253 0.088929
v -0.157850 -2.275198 -0.056542
v -0.150830 -2.490406 0.001494
v -0.330419 -2.299399 -0.116156
v -0.356292 -2.266385 -0.051268
v -0.325704 -2.243410 -0.035432
v -0.302076 -2.641363 0.005959
v -0.297681 -2.641431 0.020736
v -0.217030 -2.533998 -0.025955
v -0.277847 -2.753833 -0.011920
v -0.290682 -3.047528 0.000604
v -0.217974 -2.232912 -0.018919
v -0.273217 -2.642792 -0.024514
v -0.286413 -2.753330 -0.009342
v -0.287920 -2.642091 -0.020090
v -0.345258 -2.374851 -0.134270
v -0.268812 -2.586953 0.045898
v -0.295592 -2.530153 0.057060
v -0.289341 -2.586136 0.041013
v -0.344135 -2.414226 -0.129249
v -0.391988 -2.332192 0.085739
v -0.248551 -2.587893 0.039929
v -0.260083 -2.754528 0.004935
v -0.284975 -3.047752 0.006018
v -0.298504 -2.641578 -0.008991
v -0.271036 -2.587294 -0.035752
v -0.180360 -2.420159 0.137667
v -0.326574 -2.529029 0.006531
v -0.212034 -2.247845 0.072298
v -0.305808 -2.585626 -0.014417
v -0.310716 -2.585354 0.006150
v -0.265829 -2.531342 0.064152
v -0.294670 -2.752946 0.005830
v -0.340534 -2.335711 -0.129677
v -0.295749 -2.229350 0.004195
v -0.422357 -2.370648 0.008463
v -0.404175 -2.447552 0.008246
v -0.269157 -2.754162 -0.009879
v -0.271598 -2.642530 0.034870
v -0.258301 -2.643444 -0.020992
v -0.256861 -2.643205 0.030527
v -0.291253 -2.586373 -0.029669
v -0.229152 -2.588997 0.003960
v -0.304690 -2.585449 0.026423
v -0.298362 -2.530518 -0.045399
v -0.331292 -1.792655 -0.052512
v -0.340812 -1.803220 -0.028467
v -0.340550 -1.792235 -0.029738
v -0.205251 -1.798240 -0.105694
v -0.182969 -1.819032 -0.094138
v -0.205793 -1.821050 -0.103057
v -0.344513 -1.792048 -0.005472
v -0.344648 -1.797681 -0.004822
v -0.230078 -1.821856 -0.106807
v -0.229492 -1.797172 -0.109662
v -0.342982 -1.792103 0.019067
v -0.254610 -1.821409 -0.105203
v -0.254007 -1.796090 -0.108130
v -0.277568 -1.795049 -0.101177
v -0.278154 -1.819732 -0.098323
v -0.133880 -1.801353 -0.042649
v -0.126933 -1.801647 -0.019067
v -0.134014 -1.806987 -0.041998
v -0.298991 -1.794098 -0.089150
v -0.299533 -1.816908 -0.086511
v -0.146157 -1.811819 -0.062824
v -0.145896 -1.800835 -0.064094
v -0.317675 -1.813081 -0.070363
v -0.317204 -1.793287 -0.072652
v -0.162753 -1.815903 -0.080499
v -0.162378 -1.800117 -0.082325
v -0.331667 -1.808440 -0.050687
v -0.182499 -1.799238 -0.096428
v -0.344545 -1.803021 -0.002909
v -0.229632 -1.845249 -0.098424
v -0.254151 -1.845403 -0.096603
v -0.277708 -1.843125 -0.089939
v -0.133912 -1.812327 -0.040084
v -0.299121 -1.838527 -0.078765
v -0.145959 -1.822230 -0.059093
v -0.317316 -1.831841 -0.063640
v -0.162468 -1.830864 -0.075138
v -0.331382 -1.823402 -0.045325
v -0.182611 -1.837792 -0.087416
v -0.340613 -1.813632 -0.024736
v -0.205380 -1.842669 -0.095309
v -0.204036 -1.861930 -0.082870
v -0.228178 -1.866092 -0.084964
v -0.344213 -1.807778 0.000164
v -0.252659 -1.866784 -0.082797
v -0.276253 -1.863968 -0.076478
v -0.133580 -1.817084 -0.037013
v -0.297776 -1.857790 -0.066324
v -0.145311 -1.831507 -0.053102
v -0.316150 -1.848556 -0.052846
v -0.161537 -1.844193 -0.066530
v -0.330452 -1.836731 -0.036716
v -0.181445 -1.854507 -0.076620
v -0.339965 -1.822908 -0.018746
v -0.343669 -1.811697 0.004230
v -0.250213 -1.884393 -0.064526
v -0.273867 -1.881137 -0.058666
v -0.133036 -1.821002 -0.032947
v -0.295572 -1.873656 -0.049863
v -0.144249 -1.839148 -0.045175
v -0.314237 -1.862325 -0.038560
v -0.160012 -1.855173 -0.055138
v -0.328926 -1.847711 -0.025325
v -0.179532 -1.868275 -0.062336
v -0.338904 -1.830548 -0.010818
v -0.201831 -1.877797 -0.066409
v -0.225793 -1.883261 -0.067150
v -0.246943 -1.897285 -0.042777
v -0.270681 -1.893706 -0.037461
v -0.132308 -1.823870 -0.028107
v -0.292627 -1.885272 -0.030268
v -0.142830 -1.844741 -0.035738
v -0.311681 -1.872404 -0.021556
v -0.157974 -1.863212 -0.041578
v -0.326888 -1.855749 -0.011765
v -0.176976 -1.878354 -0.045332
v -0.337485 -1.836142 -0.001382
v -0.198886 -1.889412 -0.046813
v -0.342941 -1.814566 0.009070
v -0.222605 -1.895830 -0.045947
v -0.266864 -1.900997 -0.014009
v -0.131437 -1.825536 -0.022754
v -0.289099 -1.892010 -0.008595
v -0.141132 -1.847986 -0.025301
v -0.308619 -1.878251 -0.002748
v -0.155533 -1.867874 -0.026578
v -0.324446 -1.860412 0.003235
v -0.173915 -1.884201 -0.026524
v -0.335787 -1.839386 0.009056
v -0.195358 -1.896151 -0.025139
v -0.342070 -1.816230 0.014422
v -0.218788 -1.903121 -0.022495
v -0.243028 -1.904764 -0.018720
v -0.130468 -1.825905 -0.017176
v -0.285180 -1.893507 0.013987
v -0.139245 -1.848708 -0.014426
v -0.305218 -1.879550 0.016848
v -0.152820 -1.868910 -0.010951
v -0.321734 -1.861449 0.018862
v -0.170513 -1.885502 -0.006928
v -0.333899 -1.840108 0.019931
v -0.191438 -1.897648 -0.002557
v -0.341102 -1.816600 0.019999
v -0.214547 -1.904743 0.001942
v -0.238678 -1.906427 0.006344
v -0.262622 -1.902619 0.010428
v -0.281080 -1.889684 0.036262
v -0.137270 -1.846867 -0.003700
v -0.301660 -1.876234 0.036176
v -0.149982 -1.866266 0.004463
v -0.318897 -1.858803 0.034276
v -0.166955 -1.882183 0.012402
v -0.331924 -1.838267 0.030657
v -0.187338 -1.893826 0.019717
v -0.340089 -1.815656 0.025501
v -0.210110 -1.900606 0.026045
v -0.234127 -1.902184 0.031066
v -0.258186 -1.898482 0.034530
v -0.129456 -1.824961 -0.011675
v -0.135315 -1.842562 0.006301
v -0.277019 -1.880747 0.057028
v -0.298137 -1.868477 0.054195
v -0.147173 -1.860079 0.018833
v -0.316087 -1.852617 0.048646
v -0.163432 -1.874428 0.030421
v -0.329969 -1.833963 0.040658
v -0.183279 -1.884887 0.040484
v -0.339087 -1.813449 0.030630
v -0.205716 -1.890933 0.048515
v -0.229620 -1.892264 0.054114
v -0.253792 -1.888809 0.057000
v -0.128453 -1.822753 -0.006546
v -0.273218 -1.867175 0.075165
v -0.294839 -1.856701 0.069934
v -0.144543 -1.850687 0.031384
v -0.313458 -1.843225 0.061198
v -0.160134 -1.862652 0.046159
v -0.328138 -1.827427 0.049391
v -0.179478 -1.871316 0.058620
v -0.338148 -1.810097 0.035110
v -0.201604 -1.876249 0.068141
v -0.225402 -1.877200 0.074245
v -0.249680 -1.874125 0.076626
v -0.127514 -1.819401 -0.002067
v -0.133484 -1.836027 0.015036
v -0.311148 -1.831134 0.071253
v -0.157238 -1.847488 0.058769
v -0.326531 -1.819013 0.056389
v -0.176141 -1.853844 0.073151
v -0.337324 -1.805782 0.038698
v -0.197994 -1.857341 0.083864
v -0.221699 -1.857807 0.090373
v -0.246068 -1.855217 0.092349
v -0.126690 -1.815086 0.001521
v -0.269882 -1.849702 0.089695
v -0.131878 -1.827612 0.022033
v -0.291943 -1.841538 0.082544
v -0.142234 -1.838597 0.041440
v -0.140370 -1.824457 0.048458
v -0.154902 -1.829758 0.067569
v -0.309284 -1.816994 0.078271
v -0.325235 -1.809173 0.061272
v -0.173448 -1.833411 0.083292
v -0.336658 -1.800735 0.041202
v -0.195080 -1.835232 0.094838
v -0.218710 -1.835128 0.101628
v -0.243155 -1.833108 0.103323
v -0.126025 -1.810040 0.004027
v -0.267190 -1.829269 0.099837
v -0.130581 -1.817773 0.026917
v -0.289607 -1.823807 0.091344
v -0.307967 -1.801569 0.081873
v -0.324319 -1.798438 0.063779
v -0.171545 -1.811121 0.088496
v -0.336188 -1.795230 0.042489
v -0.193020 -1.811111 0.100471
v -0.216598 -1.810388 0.107406
v -0.241095 -1.808987 0.108955
v -0.125555 -1.804535 0.005312
v -0.265285 -1.806979 0.105042
v -0.129664 -1.807038 0.029424
v -0.287956 -1.804465 0.095861
v -0.139052 -1.809031 0.052060
v -0.153251 -1.810415 0.072086
v -0.170533 -1.788173 0.088485
v -0.335938 -1.789562 0.042485
v -0.191925 -1.786282 0.100457
v -0.215475 -1.784919 0.107392
v -0.240001 -1.784158 0.108943
v -0.125305 -1.798868 0.005309
v -0.264275 -1.784032 0.105030
v -0.129177 -1.795988 0.029418
v -0.287078 -1.784552 0.095851
v -0.138352 -1.793151 0.052051
v -0.307267 -1.785690 0.081865
v -0.152373 -1.790503 0.072076
v -0.323831 -1.787388 0.063774
v -0.335923 -1.784038 0.041195
v -0.191855 -1.762079 0.094800
v -0.215403 -1.760095 0.101590
v -0.239930 -1.759955 0.103286
v -0.125289 -1.793343 0.004018
v -0.264209 -1.761667 0.099802
v -0.129145 -1.785216 0.026901
v -0.287021 -1.765144 0.091314
v -0.138308 -1.777674 0.048434
v -0.307222 -1.770212 0.078247
v -0.152316 -1.771094 0.067538
v -0.323800 -1.776617 0.061256
v -0.170469 -1.765809 0.083257
v -0.336142 -1.778956 0.038684
v -0.192812 -1.739810 0.083804
v -0.216384 -1.737253 0.090311
v -0.240887 -1.737686 0.092288
v -0.125507 -1.788260 0.001507
v -0.265093 -1.741088 0.089640
v -0.129572 -1.775305 0.022006
v -0.287789 -1.747285 0.082496
v -0.138920 -1.763433 0.041401
v -0.307835 -1.755971 0.071214
v -0.153084 -1.753236 0.058720
v -0.324225 -1.766707 0.056362
v -0.171353 -1.745228 0.073095
v -0.194745 -1.720675 0.068060
v -0.218367 -1.717626 0.074163
v -0.242821 -1.718551 0.076546
v -0.125950 -1.783892 -0.002086
v -0.266880 -1.723403 0.075090
v -0.130431 -1.766790 0.014999
v -0.289339 -1.731940 0.069869
v -0.140157 -1.751196 0.031333
v -0.309071 -1.743733 0.061146
v -0.154634 -1.737891 0.046095
v -0.325086 -1.758191 0.049356
v -0.173140 -1.727545 0.058546
v -0.336583 -1.774588 0.035091
v -0.245626 -1.703581 0.056904
v -0.126589 -1.780476 -0.006568
v -0.269473 -1.709569 0.056940
v -0.131681 -1.760128 0.006258
v -0.291588 -1.719935 0.054120
v -0.141950 -1.741621 0.018772
v -0.310865 -1.734160 0.048585
v -0.156883 -1.725886 0.030344
v -0.326334 -1.751528 0.040615
v -0.175731 -1.713711 0.040395
v -0.337223 -1.771171 0.030608
v -0.197550 -1.705705 0.048420
v -0.221244 -1.702271 0.054016
v -0.224861 -1.692016 0.030958
v -0.249151 -1.693583 0.034424
v -0.127394 -1.778194 -0.011699
v -0.272731 -1.700330 0.036165
v -0.133249 -1.755678 -0.003746
v -0.294416 -1.711918 0.036091
v -0.144205 -1.735227 0.004396
v -0.313120 -1.727765 0.034209
v -0.159711 -1.717869 0.012317
v -0.327903 -1.747079 0.030610
v -0.178990 -1.704471 0.019620
v -0.338027 -1.768889 0.025477
v -0.201077 -1.695707 0.025939
v -0.253209 -1.689097 0.010317
v -0.276480 -1.696184 0.013886
v -0.135055 -1.753681 -0.014475
v -0.297670 -1.708319 0.016759
v -0.146799 -1.732358 -0.011022
v -0.315714 -1.724897 0.018791
v -0.162965 -1.714270 -0.007016
v -0.329709 -1.745082 0.019882
v -0.182740 -1.700325 -0.002658
v -0.338953 -1.767866 0.019975
v -0.205134 -1.691221 0.001832
v -0.229022 -1.687414 0.006230
v -0.128320 -1.777170 -0.017202
v -0.136999 -1.754245 -0.025349
v -0.301173 -1.709335 -0.002835
v -0.149593 -1.733168 -0.026648
v -0.318508 -1.725707 0.003165
v -0.166467 -1.715286 -0.026611
v -0.331654 -1.745646 0.009006
v -0.186777 -1.701495 -0.025240
v -0.339950 -1.768155 0.014398
v -0.209502 -1.692487 -0.022603
v -0.233503 -1.688713 -0.018833
v -0.257578 -1.690363 -0.014117
v -0.129317 -1.777460 -0.022779
v -0.280517 -1.697354 -0.008696
v -0.304738 -1.714910 -0.021638
v -0.152436 -1.737614 -0.041642
v -0.321351 -1.730152 -0.011829
v -0.170033 -1.720861 -0.045413
v -0.333632 -1.748740 -0.001427
v -0.190885 -1.707919 -0.046906
v -0.340965 -1.769741 0.009047
v -0.213947 -1.699438 -0.046048
v -0.238063 -1.695843 -0.042880
v -0.262022 -1.697314 -0.037562
v -0.130332 -1.779047 -0.028130
v -0.284625 -1.703778 -0.030361
v -0.138978 -1.757339 -0.035783
v -0.155175 -1.745456 -0.055194
v -0.324089 -1.737993 -0.025381
v -0.173466 -1.730694 -0.062407
v -0.335538 -1.754197 -0.010858
v -0.194842 -1.719250 -0.066489
v -0.341943 -1.772539 0.004210
v -0.218229 -1.711700 -0.067239
v -0.242455 -1.708420 -0.064617
v -0.266304 -1.709576 -0.058754
v -0.131310 -1.781844 -0.032967
v -0.288582 -1.715109 -0.049945
v -0.140883 -1.762796 -0.045214
v -0.308172 -1.724743 -0.038631
v -0.326575 -1.748808 -0.036761
v -0.176584 -1.744255 -0.076677
v -0.337267 -1.761722 -0.018777
v -0.198435 -1.734879 -0.082934
v -0.342830 -1.776399 0.000148
v -0.222117 -1.728610 -0.085034
v -0.246442 -1.725766 -0.082869
v -0.270192 -1.726486 -0.076548
v -0.132197 -1.785704 -0.037029
v -0.292175 -1.730737 -0.066390
v -0.142613 -1.770322 -0.053134
v -0.311289 -1.738304 -0.052903
v -0.157660 -1.756270 -0.066574
v -0.328675 -1.762013 -0.045357
v -0.338729 -1.770912 -0.024759
v -0.179218 -1.760814 -0.087455
v -0.201470 -1.753960 -0.095355
v -0.343579 -1.781112 -0.002920
v -0.225401 -1.749259 -0.098473
v -0.249811 -1.746945 -0.096655
v -0.273477 -1.747135 -0.089989
v -0.132946 -1.790417 -0.040096
v -0.295211 -1.749819 -0.078810
v -0.144075 -1.779510 -0.059114
v -0.313924 -1.754863 -0.063679
v -0.159762 -1.769475 -0.075170
v -0.181225 -1.779476 -0.094158
v -0.203783 -1.775467 -0.103080
v -0.344151 -1.786424 -0.004828
v -0.227904 -1.772531 -0.106834
v -0.252378 -1.770816 -0.105229
v -0.275980 -1.770407 -0.098348
v -0.133517 -1.795729 -0.042004
v -0.297524 -1.771325 -0.086535
v -0.145189 -1.789867 -0.062835
v -0.315930 -1.773525 -0.070384
v -0.161363 -1.784358 -0.080516
v -0.330276 -1.776896 -0.050703
v -0.339844 -1.781269 -0.028479
vn 0.6183 -0.4097 0.6707
vn 0.6182 -0.4099 0.6707
vn 0.6181 -0.4100 0.6707
vn 0.9087 0.3570 -0.2166
vn 0.9087 0.3569 -0.2165
vn 0.9085 0.3574 -0.2167
vn -0.9089 -0.3566 0.2164
vn -0.9088 -0.3567 0.2165
vn -0.9089 -0.3565 0.2164
vn 0.2835 0.0254 -0.9586
vn 0.2836 0.0254 -0.9586
vn 0.9543 0.1007 0.2815
vn 0.9543 0.1009 0.2814
vn 0.9543 0.1010 0.2814
vn -0.5622 -0.6047 -0.5642
vn -0.5622 -0.6039 -0.5650
vn -0.5622 -0.6038 -0.5651
vn -0.7219 0.0675 0.6887
vn -0.7218 0.0675 0.6888
vn 0.1386 -0.8117 -0.5674
vn 0.1385 -0.8116 -0.5676
vn 0.1388 -0.8120 -0.5669
vn -0.3932 -0.9142 -0.0981
vn -0.3930 -0.9144 -0.0973
vn -0.3936 -0.9139 -0.0991
vn 0.5429 -0.8212 0.1758
vn 0.5435 -0.8206 0.1769
vn 0.5437 -0.8204 0.1772
vn -0.7844 -0.5919 0.1854
vn -0.7838 -0.5926 0.1858
vn -0.7837 -0.5927 0.1859
vn 0.5044 0.7340 -0.4548
vn 0.5029 0.7346 -0.4554
vn 0.5028 0.7347 -0.4554
vn 0.3275 -0.9409 -0.0860
vn 0.3267 -0.9414 -0.0840
vn 0.3255 -0.9421 -0.0811
vn -0.5449 0.6441 0.5369
vn -0.5448 0.6456 0.5352
vn -0.5448 0.6459 0.5348
vn -0.9568 0.0534 -0.2859
vn -0.6522 0.4209 0.6305
vn -0.6522 0.4197 0.6313
vn -0.6521 0.4193 0.6316
vn -0.6191 0.4101 -0.6697
vn -0.6183 0.4112 -0.6698
vn -0.6180 0.4115 -0.6698
vn -0.9705 0.0553 0.2348
vn -0.8792 0.4267 0.2119
vn -0.8796 0.4255 0.2127
vn -0.8797 0.4253 0.2128
vn 0.1983 -0.3937 0.8976
vn 0.1997 -0.3918 0.8981
vn 0.1980 -0.3941 0.8975
vn -0.1582 0.6196 -0.7688
vn -0.1609 0.6248 -0.7641
vn -0.1579 0.6189 -0.7694
vn 0.9444 -0.1672 0.2831
vn 0.9444 -0.1673 0.2830
vn 0.9444 -0.1670 0.2832
vn -0.0671 -0.9906 -0.1192
vn 0.2465 0.6041 -0.7578
vn 0.2488 0.6082 -0.7538
vn 0.2493 0.6091 -0.7529
vn 0.3215 -0.9399 0.1151
vn 0.3221 -0.9397 0.1147
vn 0.3230 -0.9395 0.1140
vn 0.7266 0.0788 -0.6825
vn 0.7262 0.0787 -0.6830
vn 0.7269 0.0788 -0.6822
vn -0.2463 -0.6075 0.7552
vn -0.2463 -0.6074 0.7552
vn -0.9582 0.1696 0.2305
vn -0.9584 0.1689 0.2302
vn -0.9582 0.1697 0.2305
vn -0.2359 -0.1330 -0.9626
vn -0.2361 -0.1324 -0.9627
vn -0.2358 -0.1332 -0.9626
vn 0.6926 -0.0058 0.7213
vn 0.7383 -0.6503 -0.1793
vn 0.7394 -0.6485 -0.1810
vn 0.7380 -0.6506 -0.1789
vn 0.3860 -0.8119 0.4380
vn 0.3836 -0.8130 0.4379
vn 0.3866 -0.8116 0.4380
vn 0.7279 -0.0108 -0.6856
vn -0.8956 -0.3613 -0.2594
vn -0.8960 -0.3597 -0.2605
vn -0.8960 -0.3594 -0.2607
vn 0.9566 0.0717 0.2826
vn 0.9565 0.0717 0.2826
vn 0.1587 -0.6235 0.7655
vn 0.1581 -0.6224 0.7666
vn 0.1580 -0.6222 0.7667
vn -0.6783 0.1312 -0.7230
vn -0.6793 0.1311 -0.7221
vn -0.6777 0.1312 -0.7235
vn 0.5920 0.5959 -0.5426
vn 0.5909 0.5971 -0.5426
vn 0.5922 0.5957 -0.5426
vn 0.9584 -0.1689 -0.2302
vn 0.9582 -0.1696 -0.2305
vn -0.7732 -0.5949 -0.2197
vn -0.7738 -0.5936 -0.2209
vn -0.7739 -0.5934 -0.2211
vn 0.9680 0.0966 -0.2315
vn 0.6687 0.2807 0.6885
vn 0.6688 0.2807 0.6885
vn 0.6688 0.2806 0.6884
vn 0.8953 0.3617 0.2601
vn 0.8953 0.3616 0.2602
vn 0.8953 0.3618 0.2601
vn -0.2008 -0.7910 0.5779
vn -0.2007 -0.7909 0.5781
vn -0.2009 -0.7912 0.5776
vn 0.2359 0.1330 0.9626
vn 0.2361 0.1326 0.9626
vn 0.2362 0.1323 0.9627
vn -0.1578 0.7662 0.6229
vn -0.1581 0.7663 0.6227
vn -0.1573 0.7659 0.6234
vn -0.5998 0.7766 -0.1926
vn -0.5994 0.7776 -0.1901
vn -0.5993 0.7777 -0.1898
vn 0.1993 -0.6320 -0.7489
vn 0.1992 -0.6318 -0.7491
vn 0.1994 -0.6321 -0.7488
vn -0.2273 0.0243 -0.9735
vn 0.6859 0.1144 0.7186
vn 0.6860 0.1144 0.7186
vn -0.1687 -0.8004 -0.5752
vn -0.1697 -0.7998 -0.5758
vn -0.1684 -0.8006 -0.5750
vn -0.2277 -0.3903 -0.8921
vn -0.2294 -0.3876 -0.8928
vn -0.2273 -0.3910 -0.8919
vn 0.2135 0.7458 -0.6310
vn 0.2175 0.7441 -0.6317
vn 0.2179 0.7439 -0.6317
vn -0.1974 0.3943 -0.8975
vn -0.1976 0.3950 -0.8972
vn -0.1973 0.3941 -0.8976
vn -0.0019 -0.9931 -0.1176
vn -0.2890 -0.9189 -0.2684
vn -0.2888 -0.9188 -0.2690
vn -0.2891 -0.9191 -0.2675
vn -0.4393 -0.7881 -0.4311
vn -0.4409 -0.7872 -0.4312
vn -0.4389 -0.7884 -0.4311
vn 0.5635 0.6016 0.5662
vn 0.5632 0.6018 0.5662
vn 0.5631 0.6019 0.5662
vn 0.9372 0.2685 -0.2225
vn 0.9372 0.2686 -0.2224
vn 0.9373 0.2686 -0.2223
vn 0.7850 0.5910 -0.1856
vn 0.7851 0.5908 -0.1858
vn 0.7854 0.5903 -0.1862
vn -0.1298 -0.9874 0.0904
vn -0.0057 -0.9919 0.1266
vn -0.2253 0.1387 -0.9644
vn -0.2242 0.1358 -0.9650
vn -0.2256 0.1395 -0.9642
vn 0.8788 -0.4270 -0.2132
vn 0.8785 -0.4278 -0.2126
vn 0.8789 -0.4267 -0.2134
vn 0.2047 0.6164 0.7604
vn 0.2046 0.6165 0.7603
vn 0.2048 0.6162 0.7605
vn -0.4452 0.7760 0.4468
vn -0.4471 0.7753 0.4461
vn -0.4472 0.7753 0.4461
vn -0.5152 0.6364 -0.5741
vn -0.5152 0.6387 -0.5715
vn -0.5152 0.6359 -0.5746
vn 0.7143 -0.1640 -0.6804
vn 0.7140 -0.1627 -0.6809
vn 0.7144 -0.1643 -0.6802
vn 0.2277 0.3903 0.8921
vn 0.2293 0.3876 0.8928
vn 0.2296 0.3871 0.8930
vn 0.6476 0.3714 0.6654
vn 0.6467 0.3728 0.6654
vn 0.6465 0.3731 0.6655
vn -0.6770 0.1544 -0.7196
vn -0.6762 0.1560 -0.7200
vn -0.6760 0.1564 -0.7201
vn 0.5153 -0.6374 0.5729
vn 0.5153 -0.6381 0.5721
vn 0.5153 -0.6382 0.5720
vn 0.6523 -0.4224 -0.6294
vn 0.6522 -0.4214 -0.6301
vn 0.6523 -0.4226 -0.6292
vn -0.7274 0.6476 -0.2269
vn -0.7285 0.6465 -0.2264
vn -0.7287 0.6463 -0.2263
vn 0.7745 0.5927 0.2211
vn 0.7757 0.5913 0.2204
vn 0.7760 0.5910 0.2203
vn 0.6643 0.7308 -0.1567
vn 0.6645 0.7307 -0.1565
vn 0.6647 0.7306 -0.1562
vn -0.5912 -0.5967 0.5427
vn -0.5920 -0.5959 0.5426
vn -0.5921 -0.5957 0.5426
vn -0.3069 -0.9153 0.2610
vn -0.3072 -0.9152 0.2609
vn -0.3064 -0.9154 0.2611
vn 0.2458 -0.4077 -0.8794
vn 0.2460 -0.4084 -0.8790
vn 0.2457 -0.4077 -0.8794
vn 0.5473 -0.6427 -0.5361
vn 0.5463 -0.6436 -0.5361
vn 0.5461 -0.6437 -0.5361
vn -0.9480 0.1422 -0.2849
vn -0.9481 0.1423 -0.2845
vn -0.9481 0.1423 -0.2843
vn 0.6550 0.7330 0.1835
vn 0.6548 0.7335 0.1821
vn 0.6548 0.7336 0.1820
vn -0.2865 0.0519 0.9567
vn -0.2863 0.0518 0.9567
vn 0.1792 0.7531 0.6330
vn 0.1777 0.7538 0.6327
vn 0.1793 0.7531 0.6330
vn 0.2212 -0.9361 0.2736
vn 0.2229 -0.9357 0.2734
vn 0.2253 -0.9352 0.2731
vn -0.6845 0.0421 -0.7278
vn -0.2828 0.1195 0.9517
vn -0.2825 0.1195 0.9518
vn -0.2821 0.1195 0.9519
vn 0.0512 -0.9289 0.3667
vn 0.0528 -0.9296 0.3648
vn 0.0488 -0.9279 0.3695
vn -0.7238 -0.1061 0.6818
vn -0.7249 -0.1033 0.6811
vn -0.7252 -0.1025 0.6809
vn 0.4793 0.7421 0.4686
vn 0.4785 0.7414 0.4705
vn 0.4785 0.7413 0.4706
vn -0.2077 0.3100 -0.9278
vn -0.2079 0.3101 -0.9277
vn -0.2076 0.3100 -0.9278
vn -0.7141 0.1632 0.6807
vn -0.7147 0.1660 0.6795
vn -0.7148 0.1666 0.6792
vn -0.6467 -0.3727 -0.6655
vn -0.6476 -0.3713 -0.6654
vn -0.6465 -0.3730 -0.6655
vn -0.1206 -0.9258 -0.3583
vn -0.1200 -0.9260 -0.3581
vn -0.1198 -0.9260 -0.3580
vn -0.6041 -0.7796 -0.1652
vn -0.6050 -0.7790 -0.1646
vn -0.6028 -0.7804 -0.1659
vn 0.2798 0.2919 -0.9146
vn 0.9588 0.0034 0.2842
vn 0.9588 0.0034 0.2840
vn 0.9587 0.0034 0.2845
vn -0.7152 0.1354 0.6857
vn -0.7148 0.1353 0.6861
vn -0.7153 0.1354 0.6855
vn 0.2302 0.2978 0.9264
vn 0.2301 0.2978 0.9265
vn 0.2302 0.2979 0.9264
vn 0.2761 0.3762 -0.8845
vn 0.2761 0.3763 -0.8844
vn 0.2760 0.3760 -0.8846
vn 0.6760 -0.1565 0.7201
vn 0.6760 -0.1564 0.7201
vn -0.6090 0.7788 0.1503
vn -0.6086 0.7795 0.1485
vn -0.6091 0.7786 0.1508
vn 0.7277 -0.6473 0.2268
vn 0.7276 -0.6475 0.2266
vn 0.7275 -0.6476 0.2265
vn 0.0698 -0.9334 -0.3521
vn 0.0696 -0.9333 -0.3524
vn 0.0693 -0.9331 -0.3528
vn 0.1070 -0.8025 0.5869
vn 0.1083 -0.8017 0.5878
vn 0.1066 -0.8028 0.5867
vn -0.6120 -0.7779 0.1425
vn -0.6116 -0.7782 0.1428
vn -0.6110 -0.7786 0.1432
vn -0.1992 0.6318 0.7491
vn -0.1993 0.6320 0.7489
vn -0.1994 0.6321 0.7488
vn -0.4207 0.7696 -0.4804
vn -0.4249 0.7681 -0.4790
vn -0.4203 0.7697 -0.4805
vn 0.2764 -0.1501 -0.9492
vn 0.2768 -0.1510 -0.9490
vn 0.2764 -0.1499 -0.9493
vn 0.2257 -0.1397 0.9641
vn 0.2257 -0.1396 0.9641
vn 0.9719 -0.0188 -0.2347
vn -0.9471 0.2263 0.2277
vn -0.9470 0.2263 0.2278
vn -0.1225 0.7557 -0.6433
vn -0.1264 0.7579 -0.6400
vn -0.1268 0.7581 -0.6397
vn 0.8667 -0.4228 0.2646
vn 0.8668 -0.4227 0.2646
vn 0.8668 -0.4226 0.2646
vn 0.7246 0.1032 -0.6814
vn 0.7235 0.1061 -0.6822
vn 0.7249 0.1024 -0.6812
vn -0.9620 0.1438 0.2320
vn -0.9622 0.1438 0.2314
vn -0.9623 0.1437 0.2310
vn -0.2460 0.4085 0.8790
vn -0.2458 0.4078 0.8794
vn -0.2457 0.4077 0.8794
vn -0.2068 -0.6167 -0.7596
vn -0.2046 -0.6192 -0.7581
vn -0.2073 -0.6162 -0.7598
vn -0.2758 0.1515 0.9492
vn -0.2761 0.1522 0.9490
vn -0.2762 0.1524 0.9489
vn -0.2761 -0.3764 0.8844
vn -0.2760 -0.3766 0.8843
vn -0.2760 -0.3765 0.8843
vn 0.0840 -0.9960 -0.0296
vn 0.2293 0.0123 0.9733
vn -0.6819 -0.3626 0.6352
vn -0.6820 -0.3625 0.6352
vn -0.6819 -0.3627 0.6352
vn 0.0506 -0.9941 0.0961
vn -0.1598 -0.9868 -0.0264
vn 0.4032 -0.8194 -0.4075
vn 0.4032 -0.8186 -0.4090
vn 0.4031 -0.8204 -0.4055
vn -0.6859 -0.1144 -0.7186
vn -0.6860 -0.1145 -0.7186
vn -0.3986 -0.9126 0.0908
vn -0.3985 -0.9127 0.0908
vn -0.3984 -0.9127 0.0909
vn 0.2870 0.1215 -0.9502
vn 0.2871 0.1213 -0.9502
vn 0.2872 0.1212 -0.9502
vn -0.9543 -0.1011 -0.2813
vn -0.9543 -0.1010 -0.2814
vn -0.2866 -0.1214 0.9503
vn -0.2865 -0.1215 0.9503
vn -0.2866 -0.1213 0.9503
vn 0.5526 -0.8224 -0.1354
vn 0.5525 -0.8224 -0.1354
vn 0.5528 -0.8223 -0.1352
vn -0.1415 -0.9208 0.3633
vn -0.1419 -0.9210 0.3628
vn -0.1421 -0.9210 0.3626
vn -0.8668 0.4227 -0.2646
vn -0.8667 0.4228 -0.2646
vn -0.8668 0.4226 -0.2645
vn -0.7379 0.6509 0.1787
vn -0.7379 0.6508 0.1787
vn -0.7378 0.6509 0.1786
vn -0.9680 -0.0967 0.2317
vn -0.9680 -0.0966 0.2316
vn -0.9681 -0.0962 0.2315
vn -0.9444 0.1672 -0.2831
vn -0.9444 0.1673 -0.2830
vn -0.9444 0.1674 -0.2830
vn 0.6821 0.3626 -0.6351
vn 0.6821 0.3625 -0.6351
vn 0.6822 0.3624 -0.6351
vn -0.4646 -0.7820 0.4154
vn -0.4648 -0.7819 0.4154
vn 0.2301 0.0326 0.9726
vn 0.2300 0.0326 0.9727
vn 0.9702 0.0703 -0.2320
vn 0.9699 0.0701 -0.2333
vn 0.9704 0.0703 -0.2312
vn 0.2848 0.0947 -0.9539
vn 0.2845 0.0947 -0.9540
vn 0.2849 0.0947 -0.9539
vn 0.6914 0.0825 0.7177
vn 0.6905 0.0827 0.7186
vn 0.6920 0.0824 0.7172
vn 0.7197 0.1620 -0.6752
vn 0.7197 0.1620 -0.6751
vn 0.7198 0.1620 -0.6751
vn -0.9554 0.0737 -0.2860
vn -0.9554 0.0737 -0.2859
vn 0.9585 -0.0169 0.2847
vn -0.7231 0.0472 0.6892
vn -0.7026 0.2179 0.6774
vn -0.7025 0.2179 0.6775
vn 0.7283 0.0094 -0.6852
vn 0.7282 0.0094 -0.6853
vn 0.2828 0.0051 -0.9592
vn -0.9692 0.0756 0.2343
vn -0.9692 0.0756 0.2344
vn -0.2872 0.0316 0.9573
vn -0.6683 0.2138 -0.7125
vn -0.6687 0.2137 -0.7121
vn -0.2262 0.0445 -0.9731
vn -0.2263 0.0445 -0.9730
vn -0.2266 0.0446 -0.9730
vn 0.9721 0.0015 -0.2347
vn 0.2323 0.1002 0.9675
vn 0.2320 0.1003 0.9675
vn 0.9477 0.1550 0.2788
vn -0.6834 0.0624 -0.7273
vn -0.6834 0.0624 -0.7274
vn 0.6927 0.0145 0.7210
vn 0.6930 0.0145 0.7208
vn -0.2244 0.1137 -0.9678
vn -0.2232 0.1135 -0.9681
vn -0.2225 0.1134 -0.9683
vn -0.2753 0.2023 0.9398
vn -0.2751 0.2023 0.9399
vn -0.2752 0.2023 0.9399
vn -0.9330 0.2247 -0.2812
vn -0.9329 0.2247 -0.2813
vn -0.9330 0.2247 -0.2811
vn 0.2332 -0.9392 -0.2519
vn -0.9006 0.3376 -0.2737
vn -0.9006 0.3376 -0.2738
vn -0.2625 0.3160 0.9117
vn -0.2623 0.3159 0.9118
vn -0.2622 0.3158 0.9119
vn 0.9241 0.2701 0.2702
vn 0.9242 0.2701 0.2702
vn -0.6446 0.3269 -0.6911
vn -0.6445 0.3269 -0.6912
vn -0.6775 0.3311 0.6568
vn -0.6775 0.3311 0.6567
vn 0.7025 0.2767 -0.6557
vn 0.7026 0.2767 -0.6556
vn -0.9145 0.3393 0.2206
vn -0.9144 0.3393 0.2206
vn 0.2326 0.1834 0.9551
vn 0.2327 0.1834 0.9551
vn 0.2839 0.1777 -0.9423
vn 0.2840 0.1777 -0.9422
vn 0.2841 0.1777 -0.9422
vn -0.2188 0.1964 -0.9558
vn -0.2190 0.1965 -0.9557
vn -0.2187 0.1964 -0.9558
vn 0.9614 0.1536 -0.2284
vn 0.9613 0.1536 -0.2286
vn 0.9613 0.1536 -0.2285
vn 0.6843 0.1659 0.7100
vn 0.6846 0.1658 0.7098
vn 0.6847 0.1658 0.7097
vn 0.6184 -0.4096 0.6707
vn 0.9088 0.3568 -0.2165
vn -0.9087 -0.3568 0.2165
vn 0.9542 0.1006 0.2816
vn 0.1384 -0.8115 -0.5678
vn -0.3929 -0.9144 -0.0971
vn 0.5421 -0.8220 0.1744
vn -0.7845 -0.5917 0.1853
vn 0.5047 0.7338 -0.4547
vn 0.3279 -0.9407 -0.0869
vn -0.5449 0.6439 0.5371
vn -0.6522 0.4212 0.6303
vn -0.6193 0.4099 -0.6697
vn -0.8791 0.4269 0.2118
vn 0.1999 -0.3915 0.8982
vn -0.1614 0.6258 -0.7631
vn 0.9444 -0.1674 0.2830
vn -0.1209 -0.9886 -0.0900
vn 0.2462 0.6035 -0.7584
vn 0.3212 -0.9399 0.1153
vn 0.7259 0.0787 -0.6833
vn -0.2462 -0.6075 0.7552
vn -0.9584 0.1688 0.2301
vn -0.2362 -0.1322 -0.9627
vn 0.7396 -0.6482 -0.1812
vn 0.3805 -0.8145 0.4379
vn -0.8956 -0.3617 -0.2592
vn 0.1589 -0.6238 0.7652
vn -0.6799 0.1310 -0.7215
vn 0.5906 0.5973 -0.5426
vn 0.9584 -0.1687 -0.2301
vn -0.7730 -0.5952 -0.2194
vn 0.6686 0.2808 0.6886
vn 0.8954 0.3611 0.2605
vn -0.2005 -0.7907 0.5785
vn 0.2358 0.1331 0.9626
vn -0.1582 0.7664 0.6226
vn -0.5999 0.7764 -0.1932
vn 0.1990 -0.6313 -0.7495
vn -0.1709 -0.7990 -0.5766
vn -0.2297 -0.3870 -0.8930
vn 0.2125 0.7462 -0.6309
vn -0.1977 0.3952 -0.8971
vn -0.2888 -0.9187 -0.2693
vn -0.4430 -0.7860 -0.4313
vn 0.5640 0.6011 0.5662
vn 0.9372 0.2684 -0.2226
vn 0.7849 0.5912 -0.1855
vn -0.0739 -0.9894 0.1247
vn -0.2239 0.1351 -0.9652
vn 0.8785 -0.4279 -0.2126
vn 0.2045 0.6166 0.7602
vn -0.4448 0.7761 0.4470
vn -0.5152 0.6391 -0.5711
vn 0.7140 -0.1625 -0.6810
vn 0.2273 0.3910 0.8919
vn 0.6478 0.3711 0.6653
vn -0.6771 0.1540 -0.7196
vn 0.5153 -0.6372 0.5731
vn 0.6522 -0.4212 -0.6302
vn -0.7273 0.6477 -0.2270
vn 0.7743 0.5929 0.2212
vn 0.6643 0.7309 -0.1568
vn -0.5911 -0.5968 0.5427
vn -0.3074 -0.9151 0.2609
vn 0.2461 -0.4085 -0.8789
vn -0.9479 0.1422 -0.2852
vn 0.6551 0.7329 0.1839
vn 0.1775 0.7539 0.6326
vn 0.2204 -0.9362 0.2737
vn -0.2832 0.1194 0.9516
vn 0.0536 -0.9299 0.3639
vn -0.7235 -0.1069 0.6820
vn 0.4795 0.7423 0.4681
vn -0.2079 0.3102 -0.9277
vn -0.7140 0.1625 0.6810
vn -0.6478 -0.3710 -0.6654
vn -0.1215 -0.9255 -0.3587
vn -0.6053 -0.7788 -0.1645
vn -0.7147 0.1353 0.6863
vn 0.2762 0.3765 -0.8843
vn -0.6085 0.7795 0.1483
vn 0.7280 -0.6469 0.2272
vn 0.0699 -0.9334 -0.3520
vn 0.1102 -0.8007 0.5889
vn -0.6122 -0.7778 0.1424
vn -0.1990 0.6313 0.7496
vn -0.4260 0.7677 -0.4787
vn 0.2769 -0.1512 -0.9489
vn 0.2257 -0.1395 0.9642
vn -0.1215 0.7552 -0.6441
vn 0.8667 -0.4229 0.2647
vn 0.7231 0.1069 -0.6824
vn -0.9619 0.1439 0.2325
vn -0.2461 0.4086 0.8789
vn -0.2044 -0.6195 -0.7579
vn -0.2757 0.1513 0.9493
vn -0.2764 -0.3760 0.8844
vn 0.0554 -0.9951 -0.0823
vn -0.6821 -0.3624 0.6352
vn 0.0819 -0.9956 0.0455
vn -0.1612 -0.9864 0.0325
vn 0.4033 -0.8184 -0.4094
vn -0.3987 -0.9126 0.0907
vn 0.2870 0.1216 -0.9502
vn -0.9543 -0.1012 -0.2813
vn -0.2865 -0.1216 0.9503
vn 0.5523 -0.8226 -0.1356
vn -0.1410 -0.9207 0.3640
vn -0.8667 0.4229 -0.2646
vn -0.7379 0.6508 0.1788
vn -0.9444 0.1671 -0.2832
vn 0.6820 0.3627 -0.6351
vn -0.4644 -0.7822 0.4154
vn 0.9697 0.0700 -0.2341
vn 0.2845 0.0948 -0.9540
vn 0.6899 0.0828 0.7191
vn 0.7196 0.1619 -0.6752
vn -0.6687 0.2137 -0.7122
vn 0.2318 0.1003 0.9676
vn -0.2251 0.1138 -0.9677
vn -0.2756 0.2022 0.9398
vn -0.9329 0.2247 -0.2814
vn 0.2331 -0.9392 -0.2519
vn -0.9006 0.3375 -0.2738
vn -0.2626 0.3160 0.9117
vn -0.6447 0.3268 -0.6911
vn -0.6774 0.3312 0.6568
vn 0.2838 0.1777 -0.9423
vn -0.2191 0.1965 -0.9557
vn 0.9613 0.1535 -0.2290
vn 0.6843 0.1660 0.7101
vn 0.6499 0.3576 -0.6707
vn 0.6498 0.3577 -0.6707
vn 0.6497 0.3578 -0.6707
vn 0.8763 -0.4304 0.2166
vn 0.8764 -0.4302 0.2164
vn 0.8760 -0.4308 0.2167
vn -0.8765 0.4300 -0.2164
vn -0.8764 0.4302 -0.2165
vn -0.8765 0.4299 -0.2164
vn 0.2804 -0.0486 0.9587
vn 0.2805 -0.0486 0.9586
vn 0.9427 -0.1788 -0.2815
vn 0.9427 -0.1790 -0.2814
vn 0.9427 -0.1791 -0.2814
vn -0.5107 0.6486 0.5643
vn -0.5107 0.6481 0.5650
vn -0.5107 0.6479 0.5652
vn -0.7250 -0.0079 -0.6887
vn -0.7251 -0.0079 -0.6886
vn -0.7247 -0.0079 -0.6890
vn 0.2048 0.7976 0.5674
vn 0.2046 0.7974 0.5677
vn 0.2051 0.7978 0.5669
vn -0.3168 0.9434 0.0981
vn -0.3165 0.9436 0.0974
vn -0.3172 0.9432 0.0991
vn 0.6086 0.7738 -0.1758
vn 0.6091 0.7731 -0.1769
vn 0.6093 0.7729 -0.1772
vn -0.7329 0.6545 -0.1855
vn -0.7325 0.6549 -0.1857
vn -0.7323 0.6551 -0.1859
vn 0.4424 -0.7729 0.4548
vn 0.4409 -0.7735 0.4554
vn 0.4407 -0.7735 0.4554
vn 0.4037 0.9108 0.0860
vn 0.4029 0.9114 0.0840
vn 0.4018 0.9121 0.0812
vn -0.5960 -0.5972 -0.5368
vn -0.5960 -0.5987 -0.5352
vn -0.5960 -0.5990 -0.5348
vn -0.9580 0.0254 0.2857
vn -0.6846 -0.3659 -0.6305
vn -0.6844 -0.3646 -0.6314
vn -0.6844 -0.3643 -0.6316
vn -0.6507 -0.3578 0.6697
vn -0.6500 -0.3590 0.6698
vn -0.6498 -0.3593 0.6698
vn -0.9719 0.0246 -0.2342
vn -0.9113 -0.3529 -0.2120
vn -0.9116 -0.3518 -0.2127
vn -0.9116 -0.3516 -0.2128
vn 0.2300 0.3760 -0.8976
vn 0.2311 0.3741 -0.8981
vn 0.2297 0.3765 -0.8975
vn -0.2086 -0.6045 0.7688
vn -0.2117 -0.6094 0.7641
vn -0.2082 -0.6039 0.7694
vn 0.9549 0.0890 -0.2831
vn 0.9550 0.0891 -0.2831
vn 0.9549 0.0889 -0.2832
vn 0.0146 0.9928 0.1193
vn 0.1960 -0.6223 0.7578
vn 0.1980 -0.6266 0.7538
vn 0.1984 -0.6275 0.7529
vn 0.3976 0.9103 -0.1152
vn 0.3982 0.9101 -0.1147
vn 0.3991 0.9098 -0.1140
vn 0.7178 -0.1382 0.6824
vn 0.7173 -0.1381 0.6829
vn 0.7181 -0.1383 0.6821
vn -0.1955 0.6256 -0.7552
vn -0.1955 0.6257 -0.7552
vn -0.1956 0.6256 -0.7552
vn -0.9689 -0.0900 -0.2304
vn -0.9689 -0.0901 -0.2304
vn -0.9689 -0.0904 -0.2305
vn -0.2241 0.1520 0.9626
vn -0.2244 0.1515 0.9627
vn -0.2240 0.1522 0.9626
vn 0.6905 -0.0511 -0.7216
vn 0.7892 0.5874 0.1792
vn 0.7902 0.5855 0.1810
vn 0.7890 0.5878 0.1789
vn 0.4514 0.7774 -0.4380
vn 0.4491 0.7788 -0.4380
vn 0.4520 0.7771 -0.4380
vn 0.7265 -0.0490 0.6855
vn -0.8629 0.4337 0.2594
vn -0.8634 0.4322 0.2605
vn -0.8635 0.4318 0.2608
vn 0.9474 -0.1500 -0.2827
vn 0.9474 -0.1500 -0.2826
vn 0.2094 0.6084 -0.7655
vn 0.2087 0.6073 -0.7666
vn 0.2086 0.6071 -0.7667
vn -0.6869 -0.0750 0.7229
vn -0.6878 -0.0748 0.7220
vn -0.6863 -0.0751 0.7234
vn 0.5411 -0.6425 0.5426
vn 0.5398 -0.6436 0.5426
vn 0.5413 -0.6424 0.5426
vn 0.9690 0.0896 0.2302
vn 0.9689 0.0903 0.2305
vn -0.7217 0.6564 0.2197
vn -0.7224 0.6552 0.2210
vn -0.7226 0.6550 0.2211
vn 0.9568 -0.1758 0.2315
vn 0.9568 -0.1759 0.2315
vn 0.6434 -0.3347 -0.6885
vn 0.6435 -0.3346 -0.6884
vn 0.8625 -0.4341 -0.2601
vn 0.8626 -0.4337 -0.2604
vn -0.1350 0.8047 -0.5782
vn -0.1350 0.8048 -0.5780
vn -0.1352 0.8050 -0.5776
vn 0.2242 -0.1519 -0.9626
vn 0.2244 -0.1514 -0.9627
vn 0.2245 -0.1513 -0.9627
vn -0.2203 -0.7506 -0.6229
vn -0.2206 -0.7508 -0.6226
vn -0.2197 -0.7504 -0.6234
vn -0.6616 -0.7247 0.1926
vn -0.6612 -0.7257 0.1901
vn -0.6612 -0.7258 0.1899
vn 0.2506 0.6135 0.7489
vn 0.2505 0.6133 0.7491
vn 0.2506 0.6135 0.7488
vn -0.2288 -0.0055 0.9734
vn 0.6742 -0.1703 -0.7186
vn 0.6742 -0.1704 -0.7186
vn -0.1023 0.8116 0.5752
vn -0.1034 0.8110 0.5758
vn -0.1021 0.8117 0.5750
vn -0.1949 0.4077 0.8921
vn -0.1967 0.4051 0.8928
vn -0.1944 0.4083 0.8919
vn 0.1515 -0.7608 0.6310
vn 0.1556 -0.7594 0.6317
vn 0.1560 -0.7593 0.6317
vn -0.2290 -0.3766 0.8976
vn -0.2294 -0.3774 0.8972
vn 0.0797 0.9899 0.1176
vn -0.2125 0.9396 0.2684
vn -0.2124 0.9394 0.2690
vn -0.2126 0.9398 0.2675
vn -0.3731 0.8215 0.4311
vn -0.3747 0.8208 0.4312
vn -0.3726 0.8218 0.4311
vn 0.5126 -0.6455 -0.5662
vn 0.5118 -0.6461 -0.5662
vn 0.5118 -0.6462 -0.5662
vn 0.9120 -0.3446 0.2225
vn 0.9120 -0.3447 0.2223
vn 0.7338 -0.6535 0.1856
vn 0.7339 -0.6534 0.1857
vn 0.7342 -0.6529 0.1862
vn -0.0483 0.9947 -0.0904
vn 0.0758 0.9891 -0.1266
vn -0.2360 -0.1198 0.9644
vn -0.2346 -0.1170 0.9650
vn -0.2363 -0.1205 0.9642
vn 0.9109 0.3533 0.2132
vn 0.9107 0.3542 0.2127
vn 0.9109 0.3530 0.2134
vn 0.1534 -0.6311 -0.7604
vn 0.1533 -0.6312 -0.7603
vn 0.1535 -0.6310 -0.7605
vn -0.5075 -0.7368 -0.4468
vn -0.5093 -0.7360 -0.4461
vn -0.5094 -0.7359 -0.4461
vn -0.5658 -0.5919 0.5741
vn -0.5659 -0.5942 0.5715
vn -0.5658 -0.5914 0.5746
vn 0.7253 0.1048 0.6804
vn 0.7250 0.1036 0.6809
vn 0.7254 0.1051 0.6802
vn 0.1948 -0.4078 -0.8921
vn 0.1967 -0.4052 -0.8928
vn 0.1971 -0.4046 -0.8930
vn 0.6149 -0.4234 -0.6654
vn 0.6138 -0.4247 -0.6655
vn 0.6137 -0.4249 -0.6655
vn -0.6873 -0.0983 0.7197
vn -0.6867 -0.0999 0.7200
vn -0.6866 -0.1003 0.7201
vn 0.5659 0.5928 -0.5729
vn 0.5660 0.5936 -0.5721
vn 0.5660 0.5937 -0.5720
vn 0.6848 0.3674 0.6294
vn 0.6846 0.3663 0.6302
vn 0.6848 0.3676 0.6292
vn -0.7782 -0.5856 0.2269
vn -0.7792 -0.5845 0.2264
vn -0.7794 -0.5842 0.2263
vn 0.7232 -0.6543 -0.2211
vn 0.7245 -0.6530 -0.2204
vn 0.7248 -0.6528 -0.2203
vn 0.6020 -0.7829 0.1567
vn 0.6022 -0.7829 0.1565
vn 0.6024 -0.7827 0.1562
vn -0.5400 0.6433 -0.5427
vn -0.5410 0.6426 -0.5426
vn -0.5412 0.6424 -0.5426
vn -0.2306 0.9374 -0.2610
vn -0.2310 0.9373 -0.2609
vn -0.2301 0.9375 -0.2611
vn 0.2785 0.3863 0.8793
vn 0.2787 0.3866 0.8791
vn 0.2784 0.3861 0.8794
vn 0.5981 0.5957 0.5361
vn 0.5973 0.5965 0.5361
vn 0.5972 0.5966 0.5361
vn -0.9564 -0.0638 0.2851
vn -0.9565 -0.0639 0.2845
vn -0.9566 -0.0639 0.2842
vn 0.5926 -0.7843 -0.1835
vn 0.5923 -0.7848 -0.1822
vn 0.5923 -0.7849 -0.1820
vn -0.2896 -0.0281 -0.9567
vn 0.1167 -0.7653 -0.6330
vn 0.1154 -0.7657 -0.6327
vn 0.1168 -0.7653 -0.6330
vn 0.2974 0.9147 -0.2736
vn 0.2991 0.9142 -0.2734
vn 0.3014 0.9136 -0.2731
vn -0.6857 0.0143 0.7277
vn -0.2918 -0.0958 -0.9517
vn -0.2912 -0.0959 -0.9518
vn -0.2910 -0.0959 -0.9519
vn 0.1273 0.9216 -0.3668
vn 0.1290 0.9221 -0.3648
vn 0.1249 0.9208 -0.3695
vn -0.7126 0.1653 -0.6818
vn -0.7140 0.1624 -0.6810
vn -0.7143 0.1617 -0.6809
vn 0.4167 -0.7790 -0.4686
vn 0.4160 -0.7782 -0.4705
vn 0.4159 -0.7781 -0.4706
vn -0.2325 -0.2919 0.9278
vn -0.2326 -0.2920 0.9277
vn -0.2324 -0.2919 0.9278
vn -0.7251 -0.1040 -0.6807
vn -0.7259 -0.1067 -0.6795
vn -0.7261 -0.1073 -0.6792
vn -0.6139 0.4246 0.6655
vn -0.6149 0.4233 0.6654
vn -0.6136 0.4249 0.6655
vn -0.0441 0.9326 0.3583
vn -0.0436 0.9327 0.3581
vn -0.0433 0.9327 0.3580
vn -0.5379 0.8266 0.1652
vn -0.5390 0.8261 0.1646
vn -0.5366 0.8274 0.1658
vn 0.2549 -0.3139 0.9146
vn 0.9553 -0.0821 -0.2840
vn 0.9553 -0.0821 -0.2839
vn -0.7238 -0.0762 -0.6857
vn -0.7237 -0.0761 -0.6859
vn -0.7241 -0.0762 -0.6855
vn 0.2049 -0.3157 -0.9265
vn 0.2050 -0.3158 -0.9264
vn 0.2442 -0.3976 0.8845
vn 0.2443 -0.3978 0.8844
vn 0.2442 -0.3974 0.8846
vn 0.6865 0.1004 -0.7201
vn 0.6865 0.1003 -0.7202
vn -0.6709 -0.7261 -0.1503
vn -0.6705 -0.7269 -0.1484
vn -0.6710 -0.7260 -0.1508
vn 0.7784 0.5854 -0.2267
vn 0.7784 0.5855 -0.2266
vn 0.7783 0.5857 -0.2264
vn 0.1462 0.9244 0.3522
vn 0.1460 0.9244 0.3524
vn 0.1457 0.9243 0.3528
vn 0.1725 0.7911 -0.5869
vn 0.1739 0.7901 -0.5877
vn 0.1722 0.7913 -0.5867
vn -0.5461 0.8255 -0.1425
vn -0.5456 0.8258 -0.1428
vn -0.5449 0.8262 -0.1432
vn -0.2505 -0.6133 -0.7491
vn -0.2506 -0.6135 -0.7489
vn -0.2507 -0.6136 -0.7488
vn -0.4825 -0.7324 0.4804
vn -0.4866 -0.7306 0.4790
vn -0.4821 -0.7326 0.4805
vn 0.2878 0.1269 0.9492
vn 0.2883 0.1277 0.9490
vn 0.2878 0.1267 0.9493
vn 0.2364 0.1206 -0.9641
vn 0.2365 0.1207 -0.9641
vn 0.9702 -0.0611 0.2346
vn -0.9625 -0.1477 -0.2277
vn -0.9624 -0.1477 -0.2278
vn -0.1841 -0.7431 0.6433
vn -0.1883 -0.7449 0.6400
vn -0.1887 -0.7451 0.6397
vn 0.8985 0.3501 -0.2646
vn 0.8986 0.3500 -0.2646
vn 0.8986 0.3499 -0.2646
vn 0.7137 -0.1624 0.6814
vn 0.7123 -0.1652 0.6822
vn 0.7140 -0.1616 0.6812
vn -0.9706 -0.0643 -0.2321
vn -0.9707 -0.0642 -0.2315
vn -0.9708 -0.0642 -0.2310
vn -0.2787 -0.3868 -0.8790
vn -0.2785 -0.3863 -0.8793
vn -0.2784 -0.3861 -0.8794
vn -0.1554 0.6316 0.7595
vn -0.1531 0.6339 0.7581
vn -0.1559 0.6311 0.7598
vn -0.2873 -0.1283 -0.9492
vn -0.2878 -0.1292 -0.9490
vn -0.2878 -0.1292 -0.9489
vn -0.2443 0.3978 -0.8844
vn -0.2442 0.3979 -0.8843
vn -0.2442 0.3980 -0.8843
vn 0.1655 0.9858 0.0296
vn 0.2275 -0.0311 -0.9733
vn -0.6498 0.4174 -0.6352
vn -0.6499 0.4173 -0.6352
vn -0.6498 0.4175 -0.6352
vn 0.1322 0.9866 -0.0960
vn -0.0782 0.9966 0.0264
vn 0.4691 0.7835 0.4075
vn 0.4691 0.7827 0.4090
vn 0.4691 0.7845 0.4055
vn -0.6742 0.1704 0.7186
vn -0.6742 0.1703 0.7186
vn -0.3222 0.9423 -0.0908
vn -0.3221 0.9423 -0.0909
vn 0.2761 -0.1447 0.9502
vn 0.2762 -0.1445 0.9502
vn 0.2762 -0.1444 0.9502
vn -0.9427 0.1791 0.2813
vn -0.9427 0.1792 0.2813
vn -0.9427 0.1791 0.2814
vn -0.2756 0.1445 -0.9503
vn -0.2755 0.1447 -0.9503
vn -0.2757 0.1444 -0.9503
vn 0.6183 0.7742 0.1354
vn 0.6182 0.7742 0.1354
vn 0.6185 0.7740 0.1352
vn -0.0654 0.9294 -0.3633
vn -0.0658 0.9295 -0.3628
vn -0.0659 0.9296 -0.3626
vn -0.8986 -0.3501 0.2646
vn -0.8985 -0.3502 0.2646
vn -0.8986 -0.3500 0.2645
vn -0.7888 -0.5880 -0.1787
vn -0.7889 -0.5880 -0.1787
vn -0.7888 -0.5881 -0.1786
vn -0.9568 0.1756 -0.2315
vn -0.9568 0.1758 -0.2316
vn -0.9569 0.1755 -0.2315
vn -0.9550 -0.0890 0.2831
vn -0.9550 -0.0891 0.2830
vn -0.9550 -0.0892 0.2830
vn 0.6500 -0.4174 0.6351
vn 0.6500 -0.4173 0.6351
vn 0.6501 -0.4173 0.6351
vn -0.3988 0.8175 -0.4154
vn -0.3987 0.8176 -0.4154
vn -0.3989 0.8175 -0.4154
vn 0.2266 -0.0514 -0.9726
vn 0.2265 -0.0514 -0.9727
vn 0.9611 -0.1497 0.2321
vn 0.9608 -0.1496 0.2334
vn 0.9613 -0.1498 0.2313
vn 0.2757 -0.1178 0.9540
vn 0.2762 -0.1178 0.9539
vn 0.2761 -0.1178 0.9539
vn 0.6823 -0.1390 -0.7177
vn 0.6814 -0.1391 -0.7185
vn 0.6829 -0.1389 -0.7172
vn 0.7039 -0.2205 0.6752
vn 0.7040 -0.2206 0.6751
vn 0.7040 -0.2206 0.6750
vn -0.9582 0.0051 0.2861
vn -0.9583 0.0051 0.2857
vn 0.9568 -0.0619 -0.2842
vn -0.7244 0.0124 -0.6893
vn -0.7181 -0.1594 -0.6774
vn -0.7181 -0.1594 -0.6775
vn 0.7251 -0.0693 0.6851
vn 0.7251 -0.0693 0.6852
vn 0.2814 -0.0284 0.9592
vn -0.9722 0.0043 -0.2340
vn -0.9722 0.0043 -0.2342
vn -0.9722 0.0043 -0.2343
vn -0.2886 -0.0079 -0.9574
vn -0.6837 -0.1581 0.7124
vn -0.6836 -0.1582 0.7125
vn -0.2295 -0.0258 0.9730
vn 0.9687 -0.0814 0.2346
vn 0.9686 -0.0814 0.2347
vn 0.2231 -0.1190 -0.9675
vn 0.2229 -0.1190 -0.9676
vn 0.2232 -0.1190 -0.9675
vn 0.9318 -0.2324 -0.2789
vn 0.9318 -0.2324 -0.2788
vn -0.6863 -0.0060 0.7273
vn -0.6864 -0.0060 0.7272
vn 0.6892 -0.0714 -0.7211
vn -0.2329 -0.0949 0.9679
vn -0.2318 -0.0948 0.9681
vn -0.2311 -0.0948 0.9683
vn -0.2910 -0.1790 -0.9398
vn -0.2912 -0.1789 -0.9398
vn -0.2909 -0.1790 -0.9399
vn -0.9483 -0.1473 0.2812
vn -0.9483 -0.1472 0.2813
vn 0.3095 0.9169 0.2519
vn 0.3096 0.9169 0.2519
vn -0.9253 -0.2624 0.2737
vn -0.9253 -0.2624 0.2738
vn -0.2876 -0.2933 -0.9117
vn -0.2874 -0.2933 -0.9118
vn -0.2873 -0.2932 -0.9118
vn 0.8988 -0.3451 -0.2702
vn 0.8989 -0.3451 -0.2702
vn -0.6693 -0.2728 0.6911
vn -0.6692 -0.2728 0.6911
vn -0.6692 -0.2728 0.6912
vn -0.7024 -0.2743 -0.6568
vn -0.7025 -0.2743 -0.6567
vn 0.6774 -0.3335 0.6557
vn 0.6774 -0.3335 0.6556
vn -0.9392 -0.2630 -0.2206
vn -0.9393 -0.2629 -0.2206
vn 0.2167 -0.2019 -0.9551
vn 0.2168 -0.2019 -0.9551
vn 0.2683 -0.2004 0.9422
vn 0.2684 -0.2005 0.9422
vn 0.2685 -0.2005 0.9422
vn -0.2346 -0.1779 0.9557
vn -0.2341 -0.1778 0.9558
vn -0.2340 -0.1778 0.9558
vn 0.9454 -0.2319 0.2289
vn 0.9454 -0.2320 0.2289
vn 0.9455 -0.2321 0.2285
vn 0.6687 -0.2215 -0.7098
vn 0.6683 -0.2216 -0.7101
vn 0.6688 -0.2215 -0.7097
vn 0.6499 0.3575 -0.6707
vn 0.8764 -0.4303 0.2165
vn -0.8763 0.4303 -0.2165
vn 0.9427 -0.1787 -0.2816
vn -0.5107 0.6488 0.5642
vn 0.2046 0.7973 0.5678
vn -0.3164 0.9436 0.0971
vn 0.6078 0.7747 -0.1743
vn -0.7332 0.6543 -0.1854
vn 0.4427 -0.7728 0.4547
vn 0.4041 0.9106 0.0869
vn -0.5960 -0.5969 -0.5371
vn -0.6846 -0.3662 -0.6303
vn -0.6509 -0.3576 0.6697
vn -0.9112 -0.3532 -0.2118
vn 0.2314 0.3737 -0.8982
vn -0.2123 -0.6104 0.7631
vn 0.9550 0.0892 -0.2830
vn -0.0393 0.9952 0.0900
vn 0.1958 -0.6217 0.7584
vn 0.3973 0.9104 -0.1154
vn 0.7170 -0.1381 0.6833
vn -0.9690 -0.0894 -0.2301
vn -0.2246 0.1512 0.9627
vn 0.7904 0.5852 0.1812
vn 0.4461 0.7805 -0.4379
vn -0.8628 0.4340 0.2592
vn 0.9474 -0.1500 -0.2825
vn 0.2096 0.6087 -0.7652
vn -0.6883 -0.0747 0.7215
vn 0.5395 -0.6438 0.5426
vn 0.9690 0.0894 0.2301
vn -0.7215 0.6567 0.2194
vn 0.6433 -0.3347 -0.6885
vn 0.8627 -0.4335 -0.2605
vn -0.1348 0.8045 -0.5785
vn 0.2241 -0.1521 -0.9626
vn -0.2207 -0.7508 -0.6225
vn -0.6617 -0.7245 0.1931
vn 0.2502 0.6128 0.7496
vn -0.1047 0.8103 0.5766
vn -0.1971 0.4046 0.8930
vn 0.1504 -0.7612 0.6309
vn -0.2295 -0.3776 0.8971
vn -0.2123 0.9394 0.2692
vn -0.3769 0.8198 0.4313
vn 0.5127 -0.6454 -0.5662
vn 0.9120 -0.3445 0.2226
vn 0.7337 -0.6537 0.1854
vn 0.0076 0.9922 -0.1247
vn -0.2342 -0.1162 0.9652
vn 0.9106 0.3543 0.2126
vn 0.1531 -0.6313 -0.7602
vn -0.5071 -0.7370 -0.4469
vn -0.5660 -0.5946 0.5711
vn 0.7249 0.1033 0.6811
vn 0.1944 -0.4084 -0.8919
vn 0.6151 -0.4231 -0.6653
vn -0.6875 -0.0979 0.7196
vn 0.5659 0.5927 -0.5730
vn 0.6846 0.3662 0.6303
vn -0.7781 -0.5857 0.2270
vn 0.7230 -0.6545 -0.2212
vn 0.6020 -0.7830 0.1567
vn -0.5400 0.6434 -0.5427
vn -0.2312 0.9373 -0.2609
vn 0.2788 0.3869 0.8790
vn 0.5983 0.5955 0.5361
vn -0.9563 -0.0638 0.2853
vn 0.5926 -0.7842 -0.1838
vn 0.1149 -0.7659 -0.6326
vn 0.2967 0.9149 -0.2737
vn -0.2920 -0.0958 -0.9516
vn 0.1298 0.9223 -0.3640
vn -0.7123 0.1660 -0.6820
vn 0.4169 -0.7792 -0.4681
vn -0.2327 -0.2920 0.9277
vn -0.7249 -0.1033 -0.6810
vn -0.6151 0.4230 0.6653
vn -0.0450 0.9324 0.3587
vn -0.5392 0.8260 0.1645
vn -0.7234 -0.0761 -0.6863
vn 0.2048 -0.3157 -0.9265
vn 0.2443 -0.3979 0.8843
vn -0.6705 -0.7269 -0.1483
vn 0.7787 0.5848 -0.2272
vn 0.1464 0.9245 0.3520
vn 0.1756 0.7889 -0.5888
vn -0.5463 0.8254 -0.1424
vn -0.2502 -0.6128 -0.7496
vn -0.4876 -0.7301 0.4787
vn 0.2884 0.1280 0.9489
vn 0.2364 0.1205 -0.9642
vn -0.1831 -0.7427 0.6441
vn 0.8985 0.3502 -0.2647
vn 0.7119 -0.1660 0.6824
vn -0.9705 -0.0644 -0.2325
vn -0.2788 -0.3870 -0.8789
vn -0.1528 0.6342 0.7579
vn -0.2872 -0.1281 -0.9493
vn -0.2445 0.3974 -0.8844
vn 0.1369 0.9871 0.0824
vn -0.6500 0.4172 -0.6352
vn 0.1634 0.9855 -0.0456
vn -0.0796 0.9963 -0.0325
vn 0.4691 0.7825 0.4094
vn -0.6742 0.1705 0.7186
vn -0.3223 0.9423 -0.0907
vn 0.2760 -0.1448 0.9502
vn -0.9427 0.1793 0.2813
vn -0.2755 0.1448 -0.9503
vn 0.6179 0.7745 0.1356
vn -0.0649 0.9291 -0.3640
vn -0.8985 -0.3503 0.2646
vn -0.7889 -0.5879 -0.1788
vn -0.9568 0.1759 -0.2317
vn -0.9549 -0.0889 0.2831
vn 0.6499 -0.4175 0.6351
vn -0.3985 0.8177 -0.4154
vn 0.9606 -0.1495 0.2342
vn 0.6808 -0.1392 -0.7191
vn 0.7038 -0.2205 0.6753
vn -0.9723 0.0043 -0.2338
vn -0.6840 -0.1580 0.7122
vn 0.2227 -0.1190 -0.9676
vn -0.2336 -0.0949 0.9677
vn -0.2913 -0.1789 -0.9398
vn -0.9482 -0.1472 0.2813
vn 0.3095 0.9169 0.2520
vn -0.2877 -0.2934 -0.9117
vn -0.7024 -0.2744 -0.6568
vn 0.6773 -0.3335 0.6558
vn -0.9392 -0.2630 -0.2207
vn 0.2683 -0.2004 0.9423
vn -0.2345 -0.1779 0.9557
vn 0.9454 -0.2319 0.2291
vn -0.9263 -0.0215 -0.3762
vn -0.9263 -0.0214 -0.3762
vn 0.3703 -0.1154 -0.9217
vn 0.3704 -0.1154 -0.9217
vn -0.9869 0.0050 -0.1613
vn -0.9869 0.0049 -0.1612
vn 0.1554 -0.1171 -0.9809
vn -0.9976 0.0311 0.0623
vn -0.0669 -0.1130 -0.9913
vn -0.2857 -0.1034 -0.9527
vn -0.2858 -0.1034 -0.9527
vn 0.9576 -0.0554 -0.2828
vn -0.4906 -0.0886 -0.8669
vn -0.4906 -0.0886 -0.8668
vn 0.8690 -0.0772 -0.4888
vn -0.6714 -0.0694 -0.7378
vn -0.6714 -0.0693 -0.7378
vn 0.7366 -0.0949 -0.6697
vn 0.7366 -0.0950 -0.6697
vn 0.7366 -0.0950 -0.6696
vn -0.8192 -0.0466 -0.5716
vn 0.5674 -0.1079 -0.8163
vn -0.9871 -0.0704 -0.1436
vn -0.9871 -0.0705 -0.1436
vn 0.1547 -0.3307 -0.9310
vn -0.9976 0.0052 0.0684
vn -0.0676 -0.3378 -0.9388
vn -0.0676 -0.3377 -0.9388
vn -0.0675 -0.3378 -0.9388
vn -0.2864 -0.3281 -0.9002
vn 0.9575 -0.0809 -0.2768
vn -0.4912 -0.3021 -0.8170
vn -0.4913 -0.3021 -0.8169
vn 0.8688 -0.1523 -0.4712
vn -0.6720 -0.2612 -0.6930
vn -0.6719 -0.2612 -0.6930
vn 0.7362 -0.2158 -0.6414
vn -0.8197 -0.2070 -0.5341
vn -0.8197 -0.2071 -0.5341
vn 0.5670 -0.2683 -0.7788
vn 0.5670 -0.2682 -0.7788
vn -0.9267 -0.1423 -0.3479
vn -0.9266 -0.1424 -0.3479
vn 0.3698 -0.3072 -0.8769
vn 0.1632 -0.5272 -0.8339
vn -0.9966 -0.0180 0.0798
vn -0.0587 -0.5444 -0.8368
vn -0.2775 -0.5348 -0.7981
vn 0.9585 -0.1043 -0.2653
vn -0.4828 -0.4987 -0.7199
vn 0.8717 -0.2214 -0.4372
vn 0.8717 -0.2214 -0.4371
vn -0.6644 -0.4376 -0.6059
vn -0.6644 -0.4376 -0.6058
vn 0.7410 -0.3270 -0.5865
vn -0.8133 -0.3546 -0.4612
vn 0.5733 -0.4159 -0.7059
vn 0.5733 -0.4160 -0.7059
vn -0.9219 -0.2536 -0.2930
vn 0.3774 -0.4837 -0.7897
vn -0.9842 -0.1395 -0.1095
vn -0.9842 -0.1394 -0.1095
vn -0.9946 -0.0381 0.0964
vn -0.0407 -0.7221 -0.6905
vn -0.0407 -0.7222 -0.6905
vn -0.2596 -0.7125 -0.6519
vn -0.2596 -0.7124 -0.6520
vn 0.9606 -0.1246 -0.2486
vn -0.4657 -0.6675 -0.5810
vn 0.8778 -0.2809 -0.3882
vn 0.8777 -0.2808 -0.3882
vn -0.6491 -0.5893 -0.4811
vn 0.7506 -0.4226 -0.5079
vn 0.7507 -0.4226 -0.5078
vn -0.8005 -0.4815 -0.3568
vn -0.8005 -0.4815 -0.3569
vn 0.5861 -0.5427 -0.6016
vn -0.9122 -0.3491 -0.2144
vn 0.3927 -0.6353 -0.6650
vn -0.9782 -0.1988 -0.0607
vn 0.1802 -0.6960 -0.6950
vn 0.1802 -0.6961 -0.6950
vn -0.0147 -0.8611 -0.5082
vn -0.2335 -0.8514 -0.4696
vn 0.9635 -0.1403 -0.2280
vn -0.4409 -0.7996 -0.4077
vn 0.8865 -0.3273 -0.3273
vn 0.8865 -0.3273 -0.3272
vn -0.6269 -0.7079 -0.3254
vn 0.7647 -0.4974 -0.4098
vn 0.7646 -0.4974 -0.4098
vn -0.7819 -0.5807 -0.2267
vn 0.6047 -0.6419 -0.4714
vn 0.6047 -0.6420 -0.4714
vn -0.8982 -0.4239 -0.1163
vn -0.8982 -0.4239 -0.1162
vn 0.4150 -0.7540 -0.5093
vn -0.9694 -0.2453 0.0004
vn -0.9694 -0.2454 0.0004
vn 0.2050 -0.8281 -0.5217
vn -0.9916 -0.0540 0.1172
vn -0.2008 -0.9443 -0.2609
vn 0.9672 -0.1508 -0.2043
vn -0.4098 -0.8878 -0.2093
vn 0.8974 -0.3583 -0.2574
vn 0.8974 -0.3583 -0.2575
vn -0.5989 -0.7872 -0.1472
vn 0.7823 -0.5473 -0.2974
vn -0.7586 -0.6470 -0.0776
vn 0.6281 -0.7082 -0.3224
vn -0.8806 -0.4739 -0.0040
vn 0.4429 -0.8332 -0.3311
vn -0.9585 -0.2763 0.0701
vn 0.2361 -0.9164 -0.3233
vn -0.9879 -0.0644 0.1407
vn 0.0180 -0.9539 -0.2995
vn 0.9715 -0.1555 -0.1791
vn -0.3740 -0.9274 0.0034
vn 0.9100 -0.3723 -0.1826
vn 0.9100 -0.3723 -0.1827
vn -0.5668 -0.8227 0.0438
vn 0.8025 -0.5697 -0.1771
vn -0.7317 -0.6767 0.0821
vn 0.6550 -0.7379 -0.1627
vn -0.8603 -0.4963 0.1164
vn 0.4750 -0.8687 -0.1401
vn 0.4751 -0.8687 -0.1400
vn -0.9459 -0.2903 0.1449
vn -0.9459 -0.2902 0.1449
vn 0.2719 -0.9559 -0.1106
vn -0.9837 -0.0692 0.1661
vn 0.0557 -0.9956 -0.0757
vn -0.1631 -0.9859 -0.0371
vn -0.3355 -0.9162 0.2190
vn 0.9236 -0.3683 -0.1067
vn 0.9235 -0.3683 -0.1068
vn 0.9235 -0.3684 -0.1068
vn -0.5321 -0.8127 0.2374
vn 0.8244 -0.5634 -0.0551
vn 0.8243 -0.5634 -0.0551
vn -0.7027 -0.6683 0.2440
vn -0.7027 -0.6683 0.2441
vn 0.6839 -0.7296 -0.0007
vn 0.6839 -0.7295 -0.0007
vn 0.6839 -0.7296 -0.0006
vn -0.8385 -0.4899 0.2385
vn 0.5097 -0.8587 0.0536
vn 0.5096 -0.8587 0.0535
vn -0.9323 -0.2863 0.2208
vn 0.3105 -0.9448 0.1050
vn -0.9791 -0.0678 0.1919
vn 0.0962 -0.9838 0.1511
vn -0.1226 -0.9741 0.1898
vn -0.1226 -0.9742 0.1898
vn 0.9761 -0.1542 -0.1531
vn 0.9373 -0.3468 -0.0340
vn 0.9373 -0.3467 -0.0340
vn -0.4969 -0.7576 0.4233
vn 0.8466 -0.5286 0.0621
vn -0.6733 -0.6222 0.3995
vn -0.6732 -0.6222 0.3995
vn 0.7134 -0.6835 0.1547
vn -0.8163 -0.4552 0.3555
vn -0.8163 -0.4553 0.3555
vn 0.5449 -0.8036 0.2394
vn -0.9186 -0.2648 0.2935
vn -0.9186 -0.2648 0.2934
vn 0.3497 -0.8834 0.3119
vn -0.9744 -0.0606 0.2164
vn 0.1375 -0.9193 0.3688
vn -0.0813 -0.9096 0.4074
vn -0.0813 -0.9096 0.4075
vn 0.9808 -0.1469 -0.1286
vn -0.2963 -0.8549 0.4259
vn -0.4630 -0.6604 0.5912
vn 0.8679 -0.4675 0.1679
vn 0.8679 -0.4674 0.1679
vn -0.6449 -0.5410 0.5399
vn 0.7418 -0.6022 0.2951
vn 0.7418 -0.6022 0.2952
vn -0.7950 -0.3940 0.4614
vn -0.7949 -0.3939 0.4614
vn -0.7949 -0.3939 0.4615
vn 0.5788 -0.7065 0.4073
vn 0.5788 -0.7064 0.4073
vn -0.9052 -0.2267 0.3594
vn 0.3875 -0.7752 0.4989
vn 0.3875 -0.7753 0.4989
vn -0.9699 -0.0476 0.2389
vn 0.1773 -0.8054 0.5655
vn 0.1773 -0.8055 0.5655
vn -0.0416 -0.7958 0.6042
vn -0.0415 -0.7958 0.6041
vn 0.9853 -0.1340 -0.1063
vn -0.2585 -0.7467 0.6129
vn 0.9506 -0.3087 0.0317
vn -0.6191 -0.4289 0.6579
vn -0.6191 -0.4288 0.6579
vn 0.7676 -0.4901 0.4131
vn -0.7755 -0.3095 0.5502
vn -0.7755 -0.3094 0.5502
vn 0.6096 -0.5724 0.5483
vn 0.6096 -0.5725 0.5483
vn -0.8932 -0.1742 0.4146
vn 0.4218 -0.6260 0.6559
vn 0.4217 -0.6260 0.6560
vn -0.9658 -0.0298 0.2576
vn 0.2134 -0.6484 0.7308
vn 0.2133 -0.6485 0.7307
vn -0.0055 -0.6388 0.7694
vn -0.0054 -0.6388 0.7694
vn 0.9894 -0.1162 -0.0875
vn -0.2242 -0.5974 0.7699
vn 0.9627 -0.2561 0.0871
vn 0.9627 -0.2562 0.0870
vn -0.4322 -0.5264 0.7322
vn -0.4321 -0.5264 0.7322
vn 0.8874 -0.3829 0.2568
vn 0.8873 -0.3830 0.2568
vn 0.7893 -0.3533 0.5022
vn -0.7591 -0.2064 0.6174
vn 0.6357 -0.4088 0.6548
vn -0.8830 -0.1101 0.4563
vn -0.8830 -0.1100 0.4564
vn -0.8829 -0.1099 0.4564
vn 0.4507 -0.4438 0.7745
vn -0.9623 -0.0079 0.2718
vn 0.2439 -0.4567 0.8555
vn 0.0250 -0.4471 0.8941
vn 0.9928 -0.0944 -0.0733
vn -0.1952 -0.4153 0.8885
vn 0.9729 -0.1921 0.1287
vn -0.4061 -0.3628 0.8387
vn -0.4062 -0.3628 0.8387
vn 0.9038 -0.2799 0.3239
vn -0.5973 -0.2920 0.7469
vn -0.7466 -0.0902 0.6591
vn 0.6555 -0.2243 0.7211
vn -0.8752 -0.0380 0.4822
vn -0.8752 -0.0379 0.4822
vn 0.4729 -0.2384 0.8483
vn 0.4728 -0.2385 0.8483
vn -0.9597 0.0163 0.2806
vn 0.2671 -0.2407 0.9331
vn 0.0483 -0.2310 0.9717
vn 0.0483 -0.2310 0.9718
vn 0.9955 -0.0699 -0.0645
vn -0.1731 -0.2099 0.9623
vn 0.9807 -0.1199 0.1547
vn -0.3863 -0.1783 0.9050
vn -0.3863 -0.1784 0.9050
vn 0.9163 -0.1637 0.3656
vn -0.5808 -0.1378 0.8023
vn 0.8059 -0.1990 0.5576
vn 0.6681 -0.0291 0.7435
vn -0.8703 0.0387 0.4910
vn 0.4869 -0.0210 0.8732
vn -0.9580 0.0424 0.2836
vn 0.2818 -0.0119 0.9594
vn 0.0630 -0.0023 0.9980
vn 0.9971 -0.0440 -0.0616
vn -0.1591 0.0075 0.9872
vn 0.9856 -0.0434 0.1635
vn 0.9856 -0.0433 0.1635
vn -0.3737 0.0169 0.9274
vn 0.9242 -0.0405 0.3797
vn -0.5702 0.0256 0.8211
vn 0.8164 -0.0357 0.5764
vn -0.7387 0.0329 0.6733
vn -0.7387 0.0329 0.6732
vn -0.8685 0.1152 0.4822
vn -0.8685 0.1150 0.4822
vn 0.4920 0.1968 0.8480
vn 0.4920 0.1968 0.8481
vn -0.9574 0.0681 0.2806
vn 0.2873 0.2172 0.9329
vn 0.0685 0.2269 0.9715
vn 0.9978 -0.0180 -0.0646
vn -0.1539 0.2253 0.9620
vn 0.9874 0.0332 0.1546
vn -0.3691 0.2126 0.9048
vn 0.9271 0.0827 0.3655
vn 0.9271 0.0828 0.3655
vn -0.5663 0.1892 0.8022
vn -0.5664 0.1892 0.8022
vn 0.8203 0.1279 0.5574
vn -0.7358 0.1562 0.6590
vn -0.7357 0.1562 0.6590
vn 0.6727 0.1666 0.7209
vn -0.9579 0.0930 0.2717
vn 0.2832 0.4344 0.8551
vn 0.0643 0.4441 0.8937
vn 0.9973 0.0065 -0.0734
vn -0.1579 0.4318 0.8881
vn -0.1578 0.4318 0.8881
vn 0.9860 0.1059 0.1286
vn 0.9860 0.1059 0.1285
vn 0.9860 0.1060 0.1285
vn -0.3726 0.3979 0.8384
vn -0.3726 0.3979 0.8383
vn -0.3725 0.3979 0.8384
vn 0.9249 0.1996 0.3236
vn 0.9249 0.1996 0.3237
vn -0.5693 0.3442 0.7466
vn 0.8174 0.2830 0.5019
vn -0.7380 0.2730 0.6171
vn -0.7380 0.2731 0.6171
vn 0.6692 0.3519 0.6545
vn -0.8698 0.1879 0.4562
vn -0.8698 0.1879 0.4561
vn 0.4881 0.4032 0.7741
vn 0.2697 0.6279 0.7301
vn 0.0508 0.6376 0.7687
vn 0.0508 0.6375 0.7687
vn 0.9957 0.0288 -0.0878
vn -0.1707 0.6157 0.7693
vn 0.9815 0.1705 0.0868
vn 0.9815 0.1707 0.0867
vn -0.3841 0.5632 0.7316
vn 0.9176 0.3037 0.2565
vn 0.9176 0.3037 0.2564
vn -0.5789 0.4824 0.6574
vn -0.5790 0.4824 0.6574
vn -0.5790 0.4823 0.6574
vn 0.8077 0.4211 0.4126
vn -0.7453 0.3771 0.5499
vn 0.6577 0.5171 0.5478
vn -0.8743 0.2525 0.4144
vn -0.8744 0.2526 0.4144
vn 0.4753 0.5872 0.6553
vn -0.9594 0.1149 0.2575
vn 0.0286 0.7970 0.6033
vn 0.9933 0.0465 -0.1061
vn -0.1917 0.7672 0.6121
vn 0.9741 0.2238 0.0316
vn 0.9741 0.2239 0.0314
vn 0.9741 0.2239 0.0313
vn -0.4030 0.6992 0.5905
vn 0.9057 0.3894 0.1674
vn 0.9057 0.3894 0.1675
vn -0.5947 0.5961 0.5393
vn -0.5947 0.5962 0.5393
vn 0.7919 0.5349 0.2946
vn 0.7919 0.5348 0.2946
vn -0.7572 0.4629 0.4609
vn 0.6388 0.6532 0.4066
vn -0.8818 0.3059 0.3591
vn -0.8818 0.3059 0.3590
vn 0.4542 0.7386 0.4981
vn -0.9619 0.1330 0.2387
vn 0.2475 0.7873 0.5647
vn -0.0009 0.9137 0.4065
vn 0.9899 0.0599 -0.1287
vn -0.2199 0.8781 0.4250
vn 0.9642 0.2629 -0.0343
vn 0.9642 0.2629 -0.0342
vn -0.4283 0.7988 0.4224
vn 0.8898 0.4521 0.0616
vn 0.8898 0.4521 0.0615
vn -0.6159 0.6795 0.3988
vn -0.6159 0.6794 0.3988
vn 0.7708 0.6182 0.1540
vn -0.7731 0.5256 0.3550
vn 0.6135 0.7528 0.2386
vn -0.8917 0.3449 0.2932
vn -0.8917 0.3450 0.2931
vn 0.4261 0.8495 0.3110
vn 0.4261 0.8496 0.3110
vn -0.9653 0.1463 0.2163
vn 0.2179 0.9040 0.3679
vn -0.2536 0.9424 0.2181
vn 0.9524 0.2855 -0.1071
vn 0.9524 0.2855 -0.1072
vn -0.4585 0.8566 0.2366
vn -0.4585 0.8566 0.2367
vn 0.8707 0.4886 -0.0556
vn -0.6412 0.7278 0.2434
vn -0.6412 0.7278 0.2433
vn -0.6411 0.7278 0.2433
vn 0.7455 0.6666 -0.0014
vn -0.7921 0.5621 0.2379
vn -0.7922 0.5620 0.2379
vn -0.7921 0.5621 0.2380
vn 0.5832 0.8106 0.0527
vn 0.5833 0.8106 0.0527
vn -0.9035 0.3675 0.2204
vn -0.9035 0.3675 0.2205
vn 0.3924 0.9139 0.1040
vn -0.9693 0.1539 0.1918
vn 0.1825 0.9717 0.1501
vn -0.0364 0.9814 0.1887
vn 0.9859 0.0675 -0.1533
vn 0.9392 0.2905 -0.1830
vn -0.4921 0.8695 0.0429
vn 0.8496 0.4967 -0.1776
vn -0.6693 0.7385 0.0814
vn 0.7174 0.6773 -0.1633
vn 0.7174 0.6773 -0.1634
vn -0.8133 0.5702 0.1159
vn 0.5496 0.8234 -0.1409
vn -0.9167 0.3725 0.1446
vn 0.3550 0.9282 -0.1116
vn 0.3550 0.9282 -0.1115
vn -0.9738 0.1557 0.1660
vn 0.1431 0.9867 -0.0767
vn -0.0758 0.9964 -0.0381
vn 0.9814 0.0693 -0.1790
vn -0.2910 0.9567 0.0025
vn -0.5273 0.8367 -0.1481
vn 0.8274 0.4760 -0.2981
vn 0.8274 0.4760 -0.2980
vn -0.6987 0.7111 -0.0784
vn -0.6987 0.7111 -0.0783
vn 0.6879 0.6499 -0.3232
vn 0.6879 0.6498 -0.3232
vn -0.8355 0.5495 -0.0045
vn -0.8355 0.5495 -0.0046
vn 0.5145 0.7906 -0.3320
vn -0.9305 0.3597 0.0698
vn -0.9305 0.3597 0.0699
vn 0.3158 0.8917 -0.3243
vn 0.3158 0.8917 -0.3242
vn -0.9784 0.1513 0.1407
vn 0.1019 0.9483 -0.3005
vn -0.1170 0.9580 -0.2619
vn -0.1170 0.9580 -0.2618
vn 0.9767 0.0649 -0.2045
vn -0.3301 0.9202 -0.2103
vn 0.9254 0.2777 -0.2579
vn 0.8055 0.4277 -0.4102
vn 0.8055 0.4277 -0.4103
vn -0.7278 0.6470 -0.2273
vn 0.6588 0.5857 -0.4720
vn 0.6588 0.5857 -0.4721
vn 0.6589 0.5857 -0.4720
vn -0.8574 0.5012 -0.1167
vn 0.4797 0.7140 -0.5100
vn -0.9441 0.3297 -0.0000
vn -0.9441 0.3297 0.0001
vn -0.9441 0.3297 0.0002
vn 0.2771 0.8063 -0.5225
vn 0.2771 0.8063 -0.5226
vn -0.9830 0.1411 0.1171
vn 0.0611 0.8585 -0.5091
vn -0.1577 0.8682 -0.4705
vn 0.9721 0.0547 -0.2282
vn -0.3689 0.8349 -0.4085
vn 0.9118 0.2477 -0.3276
vn 0.9118 0.2477 -0.3275
vn -0.5621 0.7600 -0.3262
vn -0.7551 0.5497 -0.3574
vn 0.6316 0.4884 -0.6021
vn -0.8780 0.4278 -0.2148
vn 0.4470 0.5976 -0.6656
vn -0.9569 0.2840 -0.0610
vn 0.2408 0.6767 -0.6957
vn 0.2408 0.6768 -0.6957
vn -0.9874 0.1256 0.0963
vn 0.0229 0.7222 -0.6913
vn -0.1959 0.7318 -0.6527
vn -0.1959 0.7319 -0.6527
vn 0.9678 0.0393 -0.2487
vn -0.4052 0.7053 -0.5817
vn 0.8990 0.2021 -0.3884
vn -0.5947 0.6436 -0.4817
vn 0.7849 0.3544 -0.5082
vn -0.8960 0.3334 -0.2933
vn 0.4184 0.4478 -0.7902
vn 0.4185 0.4478 -0.7902
vn -0.9681 0.2254 -0.1097
vn -0.9681 0.2254 -0.1098
vn -0.9681 0.2253 -0.1098
vn 0.2089 0.5099 -0.8345
vn 0.2090 0.5099 -0.8345
vn -0.9912 0.1056 0.0797
vn -0.0106 0.5467 -0.8373
vn -0.2294 0.5564 -0.7986
vn 0.9640 0.0194 -0.2653
vn -0.4370 0.5385 -0.7204
vn -0.4371 0.5385 -0.7204
vn 0.8878 0.1434 -0.4373
vn 0.8878 0.1433 -0.4373
vn -0.6233 0.4938 -0.6063
vn -0.6233 0.4938 -0.6064
vn 0.7669 0.2599 -0.5868
vn -0.7790 0.4243 -0.4616
vn -0.7790 0.4244 -0.4616
vn 0.6076 0.3631 -0.7064
vn 0.3954 0.2725 -0.8772
vn -0.9771 0.1568 -0.1438
vn -0.9771 0.1568 -0.1437
vn 0.1832 0.3148 -0.9313
vn 0.1832 0.3149 -0.9313
vn -0.9942 0.0825 0.0683
vn -0.0376 0.3414 -0.9392
vn -0.2565 0.3510 -0.9006
vn 0.9609 -0.0039 -0.2768
vn -0.4628 0.3433 -0.8173
vn 0.8788 0.0748 -0.4713
vn -0.6464 0.3186 -0.6933
vn 0.7523 0.1496 -0.6416
vn 0.7523 0.1495 -0.6416
vn -0.7983 0.2778 -0.5343
vn 0.5883 0.2166 -0.7791
vn -0.9105 0.2230 -0.3481
vn -0.9105 0.2231 -0.3481
vn -0.9835 0.0818 -0.1613
vn 0.1651 0.1020 -0.9810
vn 0.1651 0.1019 -0.9810
vn -0.9964 0.0570 0.0623
vn -0.0568 0.1175 -0.9915
vn -0.2756 0.1271 -0.9528
vn 0.9587 -0.0294 -0.2828
vn -0.4809 0.1305 -0.8670
vn 0.8724 -0.0002 -0.4888
vn 0.8724 -0.0001 -0.4888
vn -0.6627 0.1274 -0.7379
vn -0.6628 0.1274 -0.7379
vn 0.7420 0.0291 -0.6697
vn -0.8120 0.1180 -0.5717
vn 0.5747 0.0567 -0.8164
vn -0.9208 0.1025 -0.3762
vn 0.3790 0.0814 -0.9218
vn -0.0669 -0.1131 -0.9913
vn -0.2857 -0.1033 -0.9527
vn 0.8690 -0.0771 -0.4888
vn -0.9871 -0.0703 -0.1436
vn 0.1548 -0.3307 -0.9310
vn -0.4912 -0.3022 -0.8170
vn -0.6720 -0.2611 -0.6930
vn 0.7362 -0.2159 -0.6414
vn 0.3698 -0.3071 -0.8769
vn -0.0587 -0.5444 -0.8367
vn -0.2776 -0.5347 -0.7981
vn -0.4828 -0.4986 -0.7199
vn -0.6644 -0.4377 -0.6058
vn -0.8134 -0.3546 -0.4612
vn 0.8778 -0.2809 -0.3881
vn 0.5861 -0.5428 -0.6016
vn -0.9122 -0.3491 -0.2143
vn 0.3927 -0.6353 -0.6649
vn 0.1803 -0.6960 -0.6950
vn -0.6268 -0.7079 -0.3254
vn 0.6047 -0.6419 -0.4715
vn 0.6281 -0.7083 -0.3223
vn -0.8806 -0.4738 -0.0039
vn -0.9585 -0.2763 0.0700
vn 0.2361 -0.9163 -0.3234
vn -0.3741 -0.9274 0.0034
vn 0.9100 -0.3722 -0.1827
vn -0.7316 -0.6767 0.0821
vn 0.6550 -0.7379 -0.1626
vn -0.8603 -0.4962 0.1164
vn 0.4750 -0.8688 -0.1401
vn 0.2720 -0.9559 -0.1106
vn -0.5322 -0.8127 0.2374
vn 0.6840 -0.7295 -0.0008
vn -0.8385 -0.4899 0.2384
vn -0.4969 -0.7576 0.4232
vn 0.8466 -0.5287 0.0621
vn 0.7134 -0.6834 0.1548
vn -0.8163 -0.4552 0.3556
vn 0.5449 -0.8036 0.2393
vn 0.1376 -0.9193 0.3688
vn -0.0814 -0.9096 0.4074
vn -0.2962 -0.8549 0.4259
vn 0.8679 -0.4675 0.1678
vn -0.7950 -0.3940 0.4613
vn 0.1772 -0.8055 0.5655
vn -0.2584 -0.7467 0.6129
vn 0.7675 -0.4902 0.4131
vn -0.7756 -0.3094 0.5502
vn 0.6097 -0.5724 0.5483
vn -0.2242 -0.5974 0.7700
vn -0.7591 -0.2063 0.6174
vn 0.4508 -0.4438 0.7745
vn 0.2438 -0.4568 0.8555
vn 0.0251 -0.4470 0.8942
vn 0.0482 -0.2311 0.9717
vn 0.9807 -0.1198 0.1547
vn 0.9163 -0.1636 0.3656
vn 0.8059 -0.1991 0.5576
vn 0.4868 -0.0211 0.8732
vn 0.0630 -0.0022 0.9980
vn 0.9874 0.0333 0.1546
vn -0.3690 0.2126 0.9048
vn 0.9271 0.0827 0.3656
vn -0.1579 0.4318 0.8880
vn 0.9860 0.1058 0.1286
vn -0.3726 0.3980 0.8383
vn 0.9249 0.1997 0.3236
vn 0.8173 0.2830 0.5019
vn 0.6692 0.3519 0.6544
vn -0.1707 0.6156 0.7693
vn 0.9815 0.1708 0.0867
vn -0.3841 0.5631 0.7317
vn 0.9176 0.3036 0.2565
vn -0.5789 0.4824 0.6573
vn -0.1918 0.7672 0.6121
vn 0.9741 0.2238 0.0317
vn 0.9057 0.3894 0.1673
vn -0.5948 0.5961 0.5393
vn -0.2198 0.8781 0.4250
vn 0.9642 0.2629 -0.0344
vn 0.8898 0.4521 0.0617
vn -0.6158 0.6795 0.3987
vn -0.7731 0.5256 0.3551
vn 0.6135 0.7528 0.2385
vn 0.2179 0.9040 0.3678
vn -0.2536 0.9424 0.2180
vn -0.6412 0.7277 0.2434
vn -0.7922 0.5620 0.2378
vn -0.0364 0.9814 0.1888
vn 0.7173 0.6773 -0.1634
vn 0.6879 0.6499 -0.3231
vn -0.9305 0.3597 0.0697
vn -0.1169 0.9580 -0.2619
vn 0.8054 0.4278 -0.4102
vn 0.9118 0.2476 -0.3276
vn -0.5621 0.7600 -0.3261
vn 0.6316 0.4885 -0.6021
vn 0.2408 0.6767 -0.6958
vn 0.2089 0.5100 -0.8345
vn -0.0105 0.5466 -0.8373
vn -0.2294 0.5563 -0.7987
vn 0.8878 0.1435 -0.4373
vn 0.1833 0.3148 -0.9313
vn -0.0377 0.3415 -0.9391
vn -0.0568 0.1174 -0.9915
vn 0.7420 0.0290 -0.6697
vn -0.9208 0.1026 -0.3763
vn 0.3791 0.0814 -0.9218
vt 1.802550 -1.850780
vt 1.824570 -1.995690
vt 1.802550 -1.987790
vt 1.871830 -1.875170
vt 1.893850 -1.919280
vt 1.871830 -1.919280
vt 2.094220 -1.919280
vt 2.072200 -1.963400
vt 2.072200 -1.919280
vt 1.831435 -1.915310
vt 1.906000 -1.919280
vt 1.831435 -1.918940
vt 1.848200 -1.919280
vt 1.871830 -1.963400
vt 1.848200 -1.964950
vt 1.908830 -1.987790
vt 1.892440 -1.951580
vt 1.916090 -1.975230
vt 1.906000 -1.926540
vt 1.926850 -1.926165
vt 1.926850 -1.923505
vt 1.892440 -1.886980
vt 1.902690 -1.919280
vt 1.883790 -1.919280
vt 1.936550 -1.939790
vt 1.948390 -1.964980
vt 1.925540 -1.958860
vt 1.948390 -1.854680
vt 1.971230 -1.879710
vt 1.948390 -1.873590
vt 2.113130 -1.919280
vt 2.094220 -1.958840
vt 2.004330 -1.886990
vt 1.968410 -1.884600
vt 1.980680 -1.863340
vt 1.936550 -1.898780
vt 1.925540 -1.879710
vt 1.892450 -1.951580
vt 1.916090 -1.975220
vt 1.756870 -1.918600
vt 2.024940 -1.963400
vt 2.002920 -1.987790
vt 2.002920 -1.958840
vt 2.024940 -1.842880
vt 2.002920 -1.879730
vt 2.002920 -1.850780
vt 1.831435 -1.919280
vt 1.831435 -1.922910
vt 1.756870 -1.919280
vt 2.024940 -1.919280
vt 1.802550 -1.879730
vt 1.824570 -1.919280
vt 1.802550 -1.919280
vt 1.984000 -1.919280
vt 2.002920 -1.919280
vt 1.824570 -1.963400
vt 1.948390 -1.919280
vt 1.927880 -1.931120
vt 1.924710 -1.919280
vt 1.984000 -1.886990
vt 1.948390 -1.895610
vt 1.933340 -1.895655
vt 1.906000 -1.912020
vt 1.906000 -1.906710
vt 1.783640 -1.951580
vt 1.783640 -1.919280
vt 2.048570 -1.964950
vt 2.048570 -1.919280
vt 1.968985 -1.915310
vt 1.968985 -1.912655
vt 1.947200 -1.918600
vt 1.783640 -1.886980
vt 2.004330 -1.886980
vt 1.987960 -1.896440
vt 1.927535 -1.912405
vt 1.927535 -1.915060
vt 1.949070 -1.918100
vt 2.094220 -1.879730
vt 1.963435 -1.919280
vt 1.990770 -1.926540
vt 1.963435 -1.932925
vt 2.016890 -1.879730
vt 1.987940 -1.850780
vt 1.848200 -1.873620
vt 1.824570 -1.875170
vt 2.113130 -1.886980
vt 1.936100 -1.953970
vt 1.949767 -1.936117
vt 1.949767 -1.943482
vt 1.893850 -1.958840
vt 1.994080 -1.919280
vt 2.004330 -1.951580
vt 1.987960 -1.942130
vt 1.908330 -1.919280
vt 1.948390 -1.983880
vt 1.968410 -1.953970
vt 1.980680 -1.975220
vt 1.871830 -1.995690
vt 1.848200 -1.998380
vt 1.908810 -1.942130
vt 2.012980 -1.919280
vt 1.983070 -1.899260
vt 1.927880 -1.907450
vt 1.879880 -1.879730
vt 1.916090 -1.863340
vt 1.892450 -1.886990
vt 1.949767 -1.902450
vt 1.936100 -1.919280
vt 1.936100 -1.899260
vt 1.912770 -1.886990
vt 1.893850 -1.879730
vt 1.968890 -1.931120
vt 1.960220 -1.939790
vt 1.972060 -1.919280
vt 1.968890 -1.907450
vt 1.928360 -1.953970
vt 1.987940 -1.987790
vt 2.072200 -1.875170
vt 2.048570 -1.873620
vt 1.893850 -1.850780
vt 2.024940 -1.875170
vt 2.048570 -1.840190
vt 1.980690 -1.863340
vt 2.072200 -1.842880
vt 2.094220 -1.850780
vt 1.912770 -1.919280
vt 1.912770 -1.951580
vt 1.948390 -1.879230
vt 1.948390 -1.854690
vt 2.016890 -1.958840
vt 1.980690 -1.975230
vt 1.971230 -1.958860
vt 1.933340 -1.919280
vt 1.933340 -1.905640
vt 1.928360 -1.884600
vt 2.065335 -1.923255
vt 1.990770 -1.919280
vt 2.065335 -1.919625
vt 1.913700 -1.899260
vt 1.960220 -1.898780
vt 1.927785 -1.915995
vt 1.949570 -1.919970
vt 1.927785 -1.913340
vt 2.048570 -1.998380
vt 1.947010 -1.919280
vt 1.960680 -1.939310
vt 1.947010 -1.936117
vt 2.024940 -1.995690
vt 1.960680 -1.899260
vt 1.947010 -1.902450
vt 1.933340 -1.932925
vt 1.906000 -1.931860
vt 1.949767 -1.919280
vt 1.948390 -1.959340
vt 1.908810 -1.896440
vt 2.012990 -1.919280
vt 2.065335 -1.915650
vt 2.139900 -1.919280
vt 2.065335 -1.919280
vt 1.988440 -1.919280
vt 1.802550 -1.958840
vt 1.848200 -1.840190
vt 2.113130 -1.951580
vt 2.072200 -1.995690
vt 2.094220 -1.987790
vt 1.948390 -1.942960
vt 1.984000 -1.951580
vt 1.990770 -1.912020
vt 1.963435 -1.905640
vt 1.963435 -1.932995
vt 1.947010 -1.890128
vt 1.921050 -1.898310
vt 2.139900 -1.919970
vt 1.947700 -1.920470
vt 1.947010 -1.948442
vt 1.960680 -1.919280
vt 1.936100 -1.939310
vt 1.960680 -1.884600
vt 1.960680 -1.953970
vt 1.928575 -1.891455
vt 1.824570 -1.842880
vt 1.879880 -1.958840
vt 1.913700 -1.939310
vt 1.908830 -1.850780
vt 1.933340 -1.942915
vt 1.983070 -1.939310
vt 1.990770 -1.906710
vt 1.936100 -1.884600
vt 0.740741 0.214286
vt 0.703704 0.142857
vt 0.740741 0.142857
vt 0.740741 0.642857
vt 0.703704 0.714286
vt 0.703704 0.642857
vt 0.740741 0.071429
vt 0.703704 0.071429
vt 0.703704 0.571429
vt 0.740741 0.571429
vt 0.722222 0.000000
vt 0.703704 0.500000
vt 0.740741 0.500000
vt 0.740741 0.428571
vt 0.703704 0.428571
vt 0.740741 0.928571
vt 0.722222 1.000000
vt 0.703704 0.928572
vt 0.740741 0.357143
vt 0.703704 0.357143
vt 0.703704 0.857143
vt 0.740741 0.857143
vt 0.703704 0.285714
vt 0.740741 0.285714
vt 0.703704 0.785714
vt 0.740741 0.785714
vt 0.703704 0.214286
vt 0.740741 0.714286
vt 0.666667 0.071429
vt 0.666667 0.571429
vt 0.685185 0.000000
vt 0.666667 0.500000
vt 0.666667 0.428571
vt 0.685185 1.000000
vt 0.666667 0.928571
vt 0.666667 0.357143
vt 0.666667 0.857143
vt 0.666667 0.285714
vt 0.666667 0.785714
vt 0.666667 0.214286
vt 0.666667 0.714286
vt 0.666667 0.142857
vt 0.666667 0.642857
vt 0.629630 0.642857
vt 0.629630 0.571429
vt 0.648148 0.000000
vt 0.629630 0.071429
vt 0.629630 0.500000
vt 0.629630 0.428571
vt 0.648148 1.000000
vt 0.629630 0.928571
vt 0.629630 0.357143
vt 0.629630 0.857143
vt 0.629630 0.285714
vt 0.629630 0.785714
vt 0.629630 0.214286
vt 0.629630 0.714286
vt 0.629630 0.142857
vt 0.611111 0.000000
vt 0.592593 0.071429
vt 0.592593 0.500000
vt 0.592593 0.428571
vt 0.611111 1.000000
vt 0.592593 0.928572
vt 0.592593 0.357143
vt 0.592593 0.857143
vt 0.592593 0.285714
vt 0.592593 0.785714
vt 0.592593 0.214286
vt 0.592593 0.714286
vt 0.592593 0.142857
vt 0.592593 0.642857
vt 0.592593 0.571429
vt 0.555556 0.500000
vt 0.555556 0.428571
vt 0.574074 1.000000
vt 0.555556 0.928572
vt 0.555556 0.357143
vt 0.555556 0.857143
vt 0.555556 0.285714
vt 0.555556 0.785714
vt 0.555556 0.214286
vt 0.555556 0.714286
vt 0.555556 0.142857
vt 0.555556 0.642857
vt 0.555556 0.071429
vt 0.555556 0.571429
vt 0.574074 0.000000
vt 0.518519 0.428571
vt 0.537037 1.000000
vt 0.518519 0.928572
vt 0.518519 0.357143
vt 0.518519 0.857143
vt 0.518519 0.285714
vt 0.518519 0.785714
vt 0.518519 0.214286
vt 0.518519 0.714286
vt 0.518519 0.142857
vt 0.518519 0.642857
vt 0.518519 0.071429
vt 0.518519 0.571429
vt 0.537037 0.000000
vt 0.518519 0.500000
vt 0.500000 1.000000
vt 0.481481 0.928572
vt 0.481481 0.357143
vt 0.481481 0.857143
vt 0.481481 0.285714
vt 0.481481 0.785714
vt 0.481481 0.214286
vt 0.481481 0.714286
vt 0.481481 0.142857
vt 0.481481 0.642857
vt 0.481481 0.071429
vt 0.481481 0.571429
vt 0.500000 0.000000
vt 0.481481 0.500000
vt 0.481481 0.428571
vt 0.444444 0.357143
vt 0.444444 0.857143
vt 0.444444 0.285714
vt 0.444444 0.785714
vt 0.444444 0.214286
vt 0.444444 0.714286
vt 0.444444 0.142857
vt 0.444444 0.642857
vt 0.444444 0.071429
vt 0.444444 0.571429
vt 0.462963 0.000000
vt 0.444444 0.500000
vt 0.444444 0.428571
vt 0.462963 1.000000
vt 0.444444 0.928572
vt 0.407407 0.857143
vt 0.407407 0.357143
vt 0.407407 0.285714
vt 0.407407 0.785714
vt 0.407407 0.214286
vt 0.407407 0.714286
vt 0.407407 0.142857
vt 0.407407 0.642857
vt 0.407407 0.071429
vt 0.407407 0.571429
vt 0.425926 0.000000
vt 0.407407 0.500000
vt 0.407407 0.428571
vt 0.425926 1.000000
vt 0.407407 0.928572
vt 0.370370 0.357143
vt 0.370370 0.285714
vt 0.370370 0.785714
vt 0.370370 0.214286
vt 0.370370 0.714286
vt 0.370370 0.142857
vt 0.370370 0.642857
vt 0.370370 0.071429
vt 0.370370 0.571429
vt 0.388889 0.000000
vt 0.370370 0.500000
vt 0.370370 0.428571
vt 0.388889 1.000000
vt 0.370370 0.928571
vt 0.370370 0.857143
vt 0.333333 0.214286
vt 0.333333 0.714286
vt 0.333333 0.142857
vt 0.333333 0.642857
vt 0.333333 0.071429
vt 0.333333 0.571429
vt 0.351852 0.000000
vt 0.333333 0.500000
vt 0.333333 0.428571
vt 0.351852 1.000000
vt 0.333333 0.928572
vt 0.333333 0.357143
vt 0.333333 0.857143
vt 0.333333 0.285714
vt 0.333333 0.785714
vt 0.296296 0.785714
vt 0.296296 0.714286
vt 0.296296 0.214286
vt 0.296296 0.142857
vt 0.296296 0.642857
vt 0.296296 0.071429
vt 0.296296 0.571429
vt 0.314815 0.000000
vt 0.296296 0.500000
vt 0.296296 0.428571
vt 0.314815 1.000000
vt 0.296296 0.928572
vt 0.296296 0.357143
vt 0.296296 0.857143
vt 0.296296 0.285714
vt 0.259259 0.214286
vt 0.259259 0.142857
vt 0.259259 0.642857
vt 0.259259 0.071429
vt 0.259259 0.571429
vt 0.277778 0.000000
vt 0.259259 0.500000
vt 0.259259 0.428571
vt 0.277778 1.000000
vt 0.259259 0.928571
vt 0.259259 0.357143
vt 0.259259 0.857143
vt 0.259259 0.285714
vt 0.259259 0.785714
vt 0.259259 0.714286
vt 0.222222 0.642857
vt 0.222222 0.071429
vt 0.222222 0.571429
vt 0.240741 0.000000
vt 0.222222 0.500000
vt 0.222222 0.428571
vt 0.240741 1.000000
vt 0.222222 0.928571
vt 0.222222 0.357143
vt 0.222222 0.857143
vt 0.222222 0.285714
vt 0.222222 0.785714
vt 0.222222 0.214286
vt 0.222222 0.714286
vt 0.222222 0.142857
vt 0.185185 0.071429
vt 0.185185 0.571429
vt 0.203704 0.000000
vt 0.185185 0.500000
vt 0.185185 0.428571
vt 0.203704 1.000000
vt 0.185185 0.928572
vt 0.185185 0.357143
vt 0.185185 0.857143
vt 0.185185 0.285714
vt 0.185185 0.785714
vt 0.185185 0.214286
vt 0.185185 0.714286
vt 0.185185 0.142857
vt 0.185185 0.642857
vt 0.166667 0.000000
vt 0.148148 0.071429
vt 0.148148 0.571429
vt 0.148148 0.500000
vt 0.148148 0.428571
vt 0.166667 1.000000
vt 0.148148 0.928572
vt 0.148148 0.357143
vt 0.148148 0.857143
vt 0.148148 0.285714
vt 0.148148 0.785714
vt 0.148148 0.214286
vt 0.148148 0.714286
vt 0.148148 0.142857
vt 0.148148 0.642857
vt 0.111111 0.571429
vt 0.111111 0.500000
vt 0.111111 0.428571
vt 0.129630 1.000000
vt 0.111111 0.928571
vt 0.111111 0.357143
vt 0.111111 0.857143
vt 0.111111 0.285714
vt 0.111111 0.785714
vt 0.111111 0.214286
vt 0.111111 0.714286
vt 0.111111 0.142857
vt 0.111111 0.642857
vt 0.111111 0.071429
vt 0.129630 0.000000
vt 0.074074 0.428571
vt 0.092593 1.000000
vt 0.074074 0.928572
vt 0.074074 0.357143
vt 0.074074 0.857143
vt 0.074074 0.285714
vt 0.074074 0.785714
vt 0.074074 0.214286
vt 0.074074 0.714286
vt 0.074074 0.142857
vt 0.074074 0.642857
vt 0.074074 0.071429
vt 0.074074 0.571429
vt 0.092593 0.000000
vt 0.074074 0.500000
vt 0.037037 0.500000
vt 0.037037 0.428571
vt 0.055556 1.000000
vt 0.037037 0.928571
vt 0.037037 0.357143
vt 0.037037 0.857143
vt 0.037037 0.285714
vt 0.037037 0.785714
vt 0.037037 0.214286
vt 0.037037 0.714286
vt 0.037037 0.142857
vt 0.037037 0.642857
vt 0.037037 0.071429
vt 0.037037 0.571429
vt 0.055556 0.000000
vt 0.000000 0.428571
vt 0.000000 0.357143
vt 0.000000 0.857143
vt 0.000000 0.285714
vt 0.000000 0.785714
vt 0.000000 0.214286
vt 0.000000 0.714286
vt 0.000000 0.142857
vt 0.000000 0.642857
vt 0.000000 0.071429
vt 0.000000 0.571429
vt 0.018519 0.000000
vt 0.000000 0.500000
vt 0.018519 1.000000
vt 0.000000 0.928571
vt 1.000000 0.928571
vt 0.962963 0.857143
vt 1.000000 0.857143
vt 1.000000 0.357143
vt 0.962963 0.285714
vt 1.000000 0.285714
vt 0.962963 0.785714
vt 1.000000 0.785714
vt 0.962963 0.214286
vt 1.000000 0.214286
vt 1.000000 0.714286
vt 0.962963 0.714286
vt 1.000000 0.142857
vt 0.962963 0.142857
vt 1.000000 0.642857
vt 0.962963 0.642857
vt 0.962963 0.071429
vt 1.000000 0.071429
vt 0.962963 0.571429
vt 1.000000 0.571429
vt 0.981481 0.000000
vt 0.962963 0.500000
vt 1.000000 0.500000
vt 0.962963 0.428571
vt 1.000000 0.428571
vt 0.981481 1.000000
vt 0.962963 0.928571
vt 0.962963 0.357143
vt 0.925926 0.285714
vt 0.925926 0.785714
vt 0.925926 0.214286
vt 0.925926 0.714286
vt 0.925926 0.142857
vt 0.925926 0.642857
vt 0.925926 0.071429
vt 0.925926 0.571429
vt 0.944444 0.000000
vt 0.925926 0.500000
vt 0.925926 0.428571
vt 0.944444 1.000000
vt 0.925926 0.928571
vt 0.925926 0.357143
vt 0.925926 0.857143
vt 0.888889 0.785714
vt 0.888889 0.214286
vt 0.888889 0.714286
vt 0.888889 0.142857
vt 0.888889 0.642857
vt 0.888889 0.071429
vt 0.888889 0.571429
vt 0.907407 0.000000
vt 0.888889 0.500000
vt 0.888889 0.428571
vt 0.907407 1.000000
vt 0.888889 0.928571
vt 0.888889 0.357143
vt 0.888889 0.857143
vt 0.888889 0.285714
vt 0.851852 0.214286
vt 0.851852 0.714286
vt 0.851852 0.142857
vt 0.851852 0.642857
vt 0.851852 0.071429
vt 0.851852 0.571429
vt 0.870370 0.000000
vt 0.851852 0.500000
vt 0.851852 0.428571
vt 0.870370 1.000000
vt 0.851852 0.928571
vt 0.851852 0.357143
vt 0.851852 0.857143
vt 0.851852 0.285714
vt 0.851852 0.785714
vt 0.814815 0.214286
vt 0.814815 0.142857
vt 0.814815 0.714286
vt 0.814815 0.642857
vt 0.814815 0.071429
vt 0.814815 0.571429
vt 0.833333 0.000000
vt 0.814815 0.500000
vt 0.814815 0.428571
vt 0.833333 1.000000
vt 0.814815 0.928571
vt 0.814815 0.357143
vt 0.814815 0.857143
vt 0.814815 0.285714
vt 0.814815 0.785714
vt 0.777778 0.714286
vt 0.777778 0.642857
vt 0.777778 0.071429
vt 0.777778 0.571429
vt 0.796296 0.000000
vt 0.777778 0.500000
vt 0.777778 0.428571
vt 0.796296 1.000000
vt 0.777778 0.928571
vt 0.777778 0.357143
vt 0.777778 0.857143
vt 0.777778 0.285714
vt 0.777778 0.785714
vt 0.777778 0.214286
vt 0.777778 0.142857
vt 0.759259 0.000000
vt 0.759259 1.000000
s 1
usemtl none.006
f 1/1/1 2/2/2 3/3/3
f 4/4/4 5/5/5 6/6/6
f 7/7/7 8/8/8 9/9/9
f 10/10/10 11/11/11 12/12/10
f 13/13/12 14/14/13 15/15/14
f 16/16/15 17/17/16 18/18/17
f 19/19/18 20/20/19 21/21/19
f 22/22/20 23/23/21 24/24/22
f 25/25/23 26/26/24 27/27/25
f 28/28/26 29/29/27 30/30/28
f 31/31/29 32/32/30 7/7/31
f 33/33/32 34/34/33 35/35/34
f 30/30/35 36/36/36 37/37/37
f 38/16/38 39/38/39 40/39/40
f 41/12/41 42/40/41 43/10/41
f 44/41/42 45/42/43 38/43/44
f 46/44/45 47/45/46 48/46/47
f 41/47/48 21/48/48 42/49/48
f 38/43/49 49/50/50 44/41/51
f 3/51/52 50/52/53 51/53/54
f 48/43/55 52/54/56 53/55/57
f 13/13/58 54/56/59 55/52/60
f 56/57/61 57/58/61 58/59/61
f 59/45/62 52/54/63 33/60/64
f 29/29/65 60/61/66 30/30/67
f 61/62/68 62/63/69 63/64/70
f 51/53/71 64/65/71 65/66/72
f 49/50/73 66/67/74 44/41/75
f 67/68/76 68/8/77 69/67/78
f 70/69/79 71/70/79 42/71/79
f 72/72/80 73/53/81 28/66/82
f 29/29/83 74/73/84 75/74/85
f 76/75/86 10/76/86 42/77/86
f 9/9/87 16/78/88 7/7/89
f 77/79/90 78/80/91 79/81/90
f 65/66/92 3/51/93 51/53/94
f 80/62/95 81/63/96 82/64/97
f 59/82/98 35/35/99 83/83/100
f 84/84/101 55/52/102 85/85/102
f 18/86/103 7/7/104 16/78/105
f 6/6/106 84/84/106 4/4/106
f 86/87/107 87/88/108 88/89/109
f 6/6/110 89/90/111 14/14/112
f 90/91/113 64/92/114 91/93/115
f 92/13/116 93/4/117 94/6/118
f 95/94/119 39/38/120 96/24/121
f 97/95/122 98/96/123 99/97/124
f 24/31/125 100/78/126 22/86/127
f 101/48/128 42/49/128 12/47/128
f 15/15/129 93/98/129 102/99/130
f 103/100/131 24/24/132 23/23/133
f 104/32/134 105/9/135 106/7/136
f 52/101/137 107/102/138 33/33/139
f 46/41/140 53/55/141 108/50/142
f 109/103/143 56/57/143 58/59/143
f 57/58/144 27/27/145 103/100/146
f 27/27/147 17/17/148 103/100/149
f 110/104/150 111/105/151 112/106/152
f 113/107/153 114/108/154 34/109/155
f 35/110/156 5/5/157 83/111/158
f 56/57/159 115/112/159 116/113/159
f 117/114/160 56/57/160 118/115/160
f 69/67/161 108/50/162 67/68/163
f 119/51/164 55/52/165 73/53/166
f 112/110/167 120/5/168 110/111/169
f 39/38/170 121/116/171 40/39/172
f 122/92/173 47/117/174 99/97/175
f 84/84/176 123/118/177 124/119/178
f 110/111/179 94/6/180 93/4/181
f 89/120/182 93/98/183 14/14/184
f 125/121/185 69/122/186 126/119/187
f 1/83/188 74/73/189 127/123/190
f 100/78/191 85/124/192 119/125/193
f 47/45/194 97/54/195 99/60/196
f 89/90/197 128/126/198 111/127/199
f 35/35/200 114/128/201 128/129/202
f 129/130/203 130/131/204 64/92/205
f 116/113/206 91/93/207 131/132/208
f 106/7/209 123/118/210 100/78/211
f 100/104/212 72/105/213 22/22/214
f 132/133/215 81/63/216 133/134/217
f 128/129/218 134/135/219 111/105/220
f 20/136/221 135/137/222 136/138/221
f 86/139/223 96/24/224 112/106/225
f 75/74/226 137/140/227 29/29/228
f 43/141/229 42/142/229 101/143/229
f 138/79/230 139/80/231 140/81/232
f 117/114/233 75/74/234 90/91/235
f 8/8/236 141/144/237 66/67/238
f 111/105/239 86/139/240 112/106/241
f 142/145/242 143/146/243 144/147/244
f 145/148/245 66/67/246 141/144/247
f 68/124/248 16/78/249 146/118/250
f 57/58/251 23/23/252 58/59/253
f 18/18/254 26/26/255 31/95/256
f 107/149/257 142/145/257 147/150/257
f 71/136/258 148/137/259 149/138/260
f 150/151/261 139/152/262 19/19/263
f 151/153/264 86/109/265 88/107/266
f 152/121/267 53/55/268 59/45/269
f 2/2/270 15/15/271 102/99/270
f 97/95/272 121/116/273 153/154/274
f 73/53/275 127/65/276 28/66/277
f 154/155/278 58/59/279 23/23/280
f 75/74/281 65/156/282 90/91/283
f 26/26/284 130/131/285 31/95/286
f 45/90/287 96/126/288 39/127/289
f 98/96/290 122/92/291 99/97/292
f 105/9/293 124/119/294 123/118/295
f 102/84/296 50/52/297 2/85/296
f 76/157/298 42/158/298 149/159/298
f 155/147/299 132/133/300 156/145/299
f 122/92/301 157/160/302 52/101/303
f 73/53/304 54/56/305 1/161/306
f 124/162/307 4/44/308 84/84/309
f 150/151/310 158/11/311 132/133/312
f 145/14/313 120/5/314 45/90/315
f 17/163/316 106/7/317 24/31/318
f 141/15/319 94/6/320 145/14/321
f 50/52/322 129/161/323 51/53/324
f 56/57/325 36/36/325 60/61/325
f 70/157/326 42/158/326 136/159/326
f 159/164/327 32/32/328 129/165/329
f 56/57/330 137/140/330 118/115/330
f 56/57/331 160/166/331 25/25/331
f 72/105/332 154/155/333 22/22/334
f 126/119/335 68/124/336 146/118/335
f 160/166/337 131/132/338 26/26/339
f 152/121/340 67/68/341 108/50/342
f 146/118/343 161/68/343 126/119/344
f 92/13/345 159/56/346 50/52/347
f 30/30/348 72/105/349 28/28/350
f 117/114/351 91/93/352 115/112/353
f 125/121/354 162/55/355 47/45/356
f 40/167/357 162/55/358 38/43/359
f 9/9/360 66/67/361 161/68/362
f 161/68/363 125/121/364 126/119/365
f 152/121/366 83/46/367 4/44/368
f 131/132/369 64/92/369 130/131/370
f 70/157/371 135/137/372 163/168/372
f 63/168/373 77/79/374 61/169/375
f 62/63/376 164/133/377 11/11/378
f 165/170/379 78/80/380 163/168/381
f 113/171/382 166/172/383 61/62/384
f 158/11/385 43/10/386 81/63/385
f 42/173/387 71/136/387 149/138/387
f 42/174/388 21/21/388 20/20/388
f 167/175/389 150/151/389 155/147/390
f 63/64/391 10/76/392 76/75/392
f 42/40/393 10/10/393 12/12/393
f 19/19/394 41/47/395 158/11/394
f 42/173/396 20/136/396 136/138/396
f 144/171/397 133/134/398 80/62/397
f 82/19/399 12/47/400 11/11/401
f 76/157/402 148/137/402 63/168/402
f 163/168/403 138/79/404 165/169/403
f 77/79/405 87/88/405 168/153/405
f 43/141/406 82/64/407 81/63/407
f 163/168/408 71/70/409 70/69/409
f 11/11/410 80/151/411 82/19/412
f 151/153/413 140/81/414 167/88/415
f 156/145/416 133/134/417 169/150/418
f 36/36/419 154/155/419 37/37/419
f 153/176/420 169/150/421 98/149/420
f 151/153/422 170/177/423 95/108/424
f 168/153/425 134/177/426 114/108/426
f 143/178/427 169/150/428 144/171/428
f 170/179/429 155/147/429 121/146/430
f 34/178/431 147/180/432 113/171/432
f 121/146/433 156/145/434 153/176/433
f 165/169/435 151/153/436 88/107/436
f 147/150/437 164/133/438 166/134/439
f 164/133/440 144/147/441 80/151/442
f 61/169/443 168/153/444 113/107/445
f 88/89/446 79/81/447 165/170/448
f 1/1/1 54/181/449 2/2/2
f 4/4/4 83/111/450 5/5/5
f 7/7/7 32/32/451 8/8/8
f 10/10/10 62/63/11 11/11/11
f 13/13/12 6/6/452 14/14/13
f 16/16/15 104/182/15 17/17/16
f 19/19/18 139/152/18 20/20/19
f 22/22/20 154/155/453 23/23/21
f 25/25/23 160/166/454 26/26/24
f 28/28/26 127/123/455 29/29/27
f 31/31/29 130/163/456 32/32/30
f 33/33/32 107/102/457 34/34/33
f 30/30/35 60/61/458 36/36/36
f 38/16/38 45/182/459 39/38/39
f 44/41/42 145/148/460 45/42/43
f 46/44/45 125/121/461 47/45/46
f 38/43/49 162/55/462 49/50/50
f 3/51/52 2/85/463 50/52/53
f 48/43/55 122/167/464 52/54/56
f 13/13/58 15/15/465 54/56/59
f 56/57/466 25/25/466 57/58/466
f 59/45/62 53/55/467 52/54/63
f 29/29/65 137/140/468 60/61/66
f 61/62/68 166/172/469 62/63/69
f 51/53/71 129/161/470 64/65/71
f 49/50/73 161/68/471 66/67/74
f 67/68/76 105/9/472 68/8/77
f 72/72/80 119/51/473 73/53/81
f 29/29/83 127/123/474 74/73/84
f 9/9/87 146/118/475 16/78/88
f 77/79/90 148/137/91 78/80/91
f 65/66/92 74/72/476 3/51/93
f 80/62/95 133/134/477 81/63/96
f 59/82/98 33/33/478 35/35/99
f 84/84/101 13/13/479 55/52/102
f 18/86/103 31/31/480 7/7/104
f 6/6/106 13/13/106 84/84/106
f 86/87/107 134/177/481 87/88/108
f 6/6/110 5/5/482 89/90/111
f 90/91/113 65/156/483 64/92/114
f 92/13/116 102/84/484 93/4/117
f 95/94/119 170/183/485 39/38/120
f 97/95/122 153/154/486 98/96/123
f 24/31/125 106/7/487 100/78/126
f 15/15/129 14/14/129 93/98/129
f 103/100/131 17/17/488 24/24/132
f 104/32/134 68/8/489 105/9/135
f 52/101/137 157/160/490 107/102/138
f 46/41/140 48/43/491 53/55/141
f 57/58/144 25/25/492 27/27/145
f 27/27/147 18/18/493 17/17/148
f 110/104/150 89/184/494 111/105/151
f 113/107/153 168/153/495 114/108/154
f 35/110/156 128/126/496 5/5/157
f 56/57/497 117/114/497 115/112/497
f 69/67/161 46/41/498 108/50/162
f 119/51/164 85/85/499 55/52/165
f 112/110/167 96/126/500 120/5/168
f 39/38/170 170/183/501 121/116/171
f 122/92/173 48/130/502 47/117/174
f 84/84/176 85/85/503 123/118/177
f 110/111/179 120/5/504 94/6/180
f 89/120/182 110/111/505 93/98/183
f 125/121/185 46/44/506 69/122/186
f 1/83/188 3/82/507 74/73/189
f 100/78/191 123/118/508 85/124/192
f 47/45/194 162/55/509 97/54/195
f 89/90/197 5/5/510 128/126/198
f 35/35/200 34/34/511 114/128/201
f 129/130/203 32/117/512 130/131/204
f 116/113/206 115/112/513 91/93/207
f 106/7/209 105/9/514 123/118/210
f 100/104/212 119/184/212 72/105/213
f 132/133/215 158/11/515 81/63/216
f 128/129/218 114/128/516 134/135/219
f 20/136/221 139/80/222 135/137/222
f 86/139/223 95/94/517 96/24/224
f 75/74/226 118/115/518 137/140/227
f 138/79/230 135/137/519 139/80/231
f 117/114/233 118/115/520 75/74/234
f 8/8/236 159/164/521 141/144/237
f 111/105/239 134/135/522 86/139/240
f 142/145/242 157/176/523 143/146/243
f 145/148/245 44/41/524 66/67/246
f 68/124/248 104/125/525 16/78/249
f 57/58/251 103/100/526 23/23/252
f 18/18/254 27/27/527 26/26/255
f 107/149/257 157/176/257 142/145/257
f 71/136/258 78/80/259 148/137/259
f 150/151/261 140/185/528 139/152/262
f 151/153/264 95/108/265 86/109/265
f 152/121/267 108/50/529 53/55/268
f 2/2/270 54/56/271 15/15/271
f 97/95/272 40/39/530 121/116/273
f 73/53/275 1/161/531 127/65/276
f 154/155/278 109/103/532 58/59/279
f 75/74/281 74/73/533 65/156/282
f 26/26/284 131/132/534 130/131/285
f 45/90/287 120/5/535 96/126/288
f 98/96/290 143/186/536 122/92/291
f 105/9/293 67/68/537 124/119/294
f 102/84/296 92/13/538 50/52/297
f 155/147/299 150/151/300 132/133/300
f 122/92/301 143/186/539 157/160/302
f 73/53/304 55/52/540 54/56/305
f 124/162/307 152/121/541 4/44/308
f 150/151/310 19/19/542 158/11/311
f 145/14/313 94/6/543 120/5/314
f 17/163/316 104/32/544 106/7/317
f 141/15/319 92/13/545 94/6/320
f 50/52/322 159/56/546 129/161/323
f 56/57/547 109/103/547 36/36/547
f 159/164/327 8/8/548 32/32/328
f 56/57/549 60/61/549 137/140/549
f 56/57/550 116/113/550 160/166/550
f 72/105/332 37/37/551 154/155/333
f 126/119/335 69/122/336 68/124/336
f 160/166/337 116/113/552 131/132/338
f 152/121/340 124/119/553 67/68/341
f 146/118/343 9/9/554 161/68/343
f 92/13/345 141/15/555 159/56/346
f 30/30/348 37/37/556 72/105/349
f 117/114/351 90/91/557 91/93/352
f 125/121/354 49/50/558 162/55/355
f 40/167/357 97/54/559 162/55/358
f 9/9/360 8/8/360 66/67/361
f 161/68/363 49/50/560 125/121/364
f 152/121/366 59/45/561 83/46/367
f 131/132/369 91/93/562 64/92/369
f 70/157/371 136/159/371 135/137/372
f 63/168/373 148/137/563 77/79/374
f 62/63/376 166/134/564 164/133/377
f 165/170/379 79/81/565 78/80/380
f 113/171/382 147/180/566 166/172/383
f 158/11/385 41/12/386 43/10/386
f 167/175/389 140/185/389 150/151/389
f 63/64/391 62/63/391 10/76/392
f 19/19/394 21/48/395 41/47/395
f 144/171/397 169/150/567 133/134/398
f 82/19/399 101/48/400 12/47/400
f 76/157/402 149/159/402 148/137/402
f 163/168/403 135/137/568 138/79/404
f 77/79/405 79/81/405 87/88/405
f 43/141/406 101/143/406 82/64/407
f 163/168/408 78/187/408 71/70/409
f 11/11/410 164/133/569 80/151/411
f 151/153/413 138/79/570 140/81/414
f 156/145/416 132/133/571 133/134/417
f 36/36/419 109/103/572 154/155/419
f 153/176/420 156/145/573 169/150/421
f 151/153/422 167/88/574 170/177/423
f 168/153/425 87/88/425 134/177/426
f 143/178/427 98/149/575 169/150/428
f 170/179/429 167/175/576 155/147/429
f 34/178/431 107/188/431 147/180/432
f 121/146/433 155/147/434 156/145/434
f 165/169/435 138/79/435 151/153/436
f 147/150/437 142/145/577 164/133/438
f 164/133/440 142/145/578 144/147/441
f 61/169/443 77/79/579 168/153/444
f 88/89/446 87/88/580 79/81/447
f 171/1/581 172/2/582 173/3/583
f 174/4/584 175/5/585 176/6/586
f 177/7/587 178/8/588 179/9/589
f 180/10/590 181/11/591 182/12/590
f 183/13/592 184/14/593 185/15/594
f 186/16/595 187/17/596 188/18/597
f 189/19/598 190/20/599 191/21/600
f 192/22/601 193/23/602 194/24/603
f 195/25/604 196/26/605 197/27/606
f 198/28/607 199/29/608 200/30/609
f 201/31/610 202/32/611 177/7/612
f 203/33/613 204/34/614 205/35/615
f 200/30/616 206/36/617 207/37/618
f 208/16/619 209/38/620 210/39/621
f 211/12/622 212/40/622 213/10/622
f 214/41/623 215/42/624 208/43/625
f 216/44/626 217/45/627 218/46/628
f 211/47/629 191/48/629 212/49/629
f 208/43/630 219/50/631 214/41/632
f 173/51/633 220/52/634 221/53/635
f 218/43/636 222/54/637 223/55/638
f 183/13/639 224/56/640 225/52/641
f 226/57/642 227/58/642 228/59/642
f 229/45/643 222/54/644 203/60/645
f 199/29/646 230/61/647 200/30/648
f 231/62/649 232/63/650 233/64/651
f 221/53/652 234/65/653 235/66/654
f 219/50/655 236/67/656 214/41/657
f 237/68/658 238/8/659 239/67/660
f 240/69/661 241/70/661 212/71/661
f 242/72/662 243/53/663 198/66/664
f 199/29/665 244/73/666 245/74/667
f 246/75/668 180/76/668 212/77/668
f 179/9/669 186/78/670 177/7/671
f 247/79/672 248/80/673 249/81/672
f 235/66/674 173/51/675 221/53/676
f 250/62/677 251/63/678 252/64/679
f 229/82/680 205/35/681 253/83/682
f 254/84/683 225/52/684 255/85/684
f 188/86/685 177/7/686 186/78/687
f 176/6/688 254/84/689 174/4/689
f 256/87/690 257/88/690 258/89/691
f 176/6/692 259/90/693 184/14/692
f 260/91/694 234/92/695 261/93/696
f 262/13/697 263/4/698 264/6/699
f 265/94/700 209/38/701 266/24/702
f 267/95/703 268/96/704 269/97/705
f 194/31/706 270/78/707 192/86/708
f 271/48/709 212/49/709 182/47/709
f 185/15/710 263/98/711 272/99/711
f 273/100/712 194/24/713 193/23/714
f 274/32/715 275/9/716 276/7/717
f 222/101/718 277/102/719 203/33/720
f 216/41/721 223/55/722 278/50/721
f 279/103/723 226/57/723 228/59/723
f 227/58/724 197/27/725 273/100/726
f 197/27/727 187/17/728 273/100/729
f 280/104/730 281/105/731 282/106/732
f 283/107/733 284/108/734 204/109/734
f 205/110/735 175/5/736 253/111/737
f 226/57/738 285/112/738 286/113/738
f 287/114/739 226/57/739 288/115/739
f 239/67/740 278/50/741 237/68/742
f 289/51/743 225/52/744 243/53/745
f 282/110/746 290/5/747 280/111/748
f 209/38/749 291/116/750 210/39/751
f 292/92/752 217/117/753 269/97/754
f 254/84/755 293/118/756 294/119/757
f 280/111/758 264/6/759 263/4/760
f 259/120/761 263/98/762 184/14/763
f 295/121/764 239/122/765 296/119/766
f 171/83/767 244/73/768 297/123/769
f 270/78/770 255/124/771 289/125/772
f 217/45/773 267/54/774 269/60/775
f 259/90/776 298/126/777 281/127/778
f 205/35/779 284/128/780 298/129/781
f 299/130/782 300/131/783 234/92/784
f 286/113/785 261/93/786 301/132/787
f 276/7/788 293/118/789 270/78/790
f 270/104/791 242/105/792 192/22/793
f 302/133/794 251/63/795 303/134/796
f 298/129/797 304/135/798 281/105/799
f 190/136/800 305/137/800 306/138/800
f 256/139/801 266/24/802 282/106/803
f 245/74/804 307/140/805 199/29/806
f 213/141/807 212/142/807 271/143/807
f 308/79/808 309/80/809 310/81/810
f 287/114/811 245/74/812 260/91/813
f 178/8/814 311/144/815 236/67/816
f 281/105/817 256/139/818 282/106/819
f 312/145/820 313/146/821 314/147/822
f 315/148/823 236/67/824 311/144/825
f 238/124/826 186/78/827 316/118/828
f 227/58/829 193/23/830 228/59/831
f 188/18/832 196/26/833 201/95/834
f 277/149/835 312/145/835 317/150/835
f 241/136/836 318/137/837 319/138/836
f 320/151/838 309/152/839 189/19/840
f 321/153/841 256/109/841 258/107/842
f 322/121/843 223/55/844 229/45/845
f 172/2/846 185/15/847 272/99/846
f 267/95/848 291/116/849 323/154/850
f 243/53/851 297/65/852 198/66/853
f 324/155/854 228/59/855 193/23/856
f 245/74/857 235/156/858 260/91/859
f 196/26/860 300/131/861 201/95/862
f 215/90/863 266/126/864 209/127/865
f 268/96/866 292/92/867 269/97/868
f 275/9/869 294/119/870 293/118/871
f 272/84/872 220/52/872 172/85/873
f 246/157/874 212/158/874 319/159/874
f 325/147/875 302/133/876 326/145/875
f 292/92/877 327/160/878 222/101/879
f 243/53/880 224/56/881 171/161/882
f 294/162/883 174/44/884 254/84/885
f 320/151/886 328/11/887 302/133/888
f 315/14/889 290/5/890 215/90/891
f 187/163/892 276/7/893 194/31/894
f 311/15/895 264/6/896 315/14/897
f 220/52/898 299/161/899 221/53/900
f 226/57/901 206/36/901 230/61/901
f 240/157/902 212/158/902 306/159/902
f 329/164/903 202/32/904 299/165/905
f 226/57/906 307/140/906 288/115/906
f 226/57/907 330/166/907 195/25/907
f 242/105/908 324/155/909 192/22/910
f 296/119/911 238/124/911 316/118/912
f 330/166/913 301/132/913 196/26/914
f 322/121/915 237/68/916 278/50/917
f 316/118/918 331/68/919 296/119/920
f 262/13/921 329/56/922 220/52/923
f 200/30/924 242/105/925 198/28/926
f 287/114/927 261/93/928 285/112/929
f 295/121/930 332/55/931 217/45/932
f 210/167/933 332/55/934 208/43/935
f 179/9/936 236/67/937 331/68/938
f 331/68/939 295/121/940 296/119/941
f 322/121/942 253/46/943 174/44/944
f 301/132/945 234/92/946 300/131/947
f 240/157/948 305/137/949 333/168/949
f 233/168/950 247/79/951 231/169/952
f 232/63/953 334/133/954 181/11/955
f 335/170/956 248/80/957 333/168/958
f 283/171/959 336/172/960 231/62/961
f 328/11/962 213/10/963 251/63/962
f 212/173/964 241/136/964 319/138/964
f 212/174/965 191/21/965 190/20/965
f 337/175/966 320/151/966 325/147/967
f 233/64/968 180/76/969 246/75/969
f 212/40/970 180/10/970 182/12/970
f 189/19/971 211/47/972 328/11/973
f 212/173/974 190/136/974 306/138/974
f 314/171/975 303/134/975 250/62/976
f 252/19/977 182/47/977 181/11/977
f 246/157/978 318/137/979 233/168/979
f 333/168/980 308/79/981 335/169/982
f 247/79/983 257/88/984 338/153/984
f 213/141/985 252/64/986 251/63/986
f 333/168/987 241/70/987 240/69/987
f 181/11/988 250/151/989 252/19/990
f 321/153/991 310/81/992 337/88/993
f 326/145/994 303/134/995 339/150/994
f 206/36/996 324/155/997 207/37/997
f 323/176/998 339/150/999 268/149/998
f 321/153/1000 340/177/1001 265/108/1002
f 338/153/1003 304/177/1003 284/108/1004
f 313/178/1005 339/150/1006 314/171/1007
f 340/179/1008 325/147/1008 291/146/1009
f 204/178/1010 317/180/1010 283/171/1011
f 291/146/1012 326/145/1012 323/176/1013
f 335/169/1014 321/153/1015 258/107/1015
f 317/150/1016 334/133/1017 336/134/1018
f 334/133/1019 314/147/1020 250/151/1021
f 231/169/1022 338/153/1023 283/107/1024
f 258/89/1025 249/81/1026 335/170/1027
f 171/1/581 224/181/1028 172/2/582
f 174/4/584 253/111/1029 175/5/585
f 177/7/587 202/32/1030 178/8/588
f 180/10/590 232/63/591 181/11/591
f 183/13/592 176/6/1031 184/14/593
f 186/16/595 274/182/1032 187/17/596
f 189/19/598 309/152/598 190/20/599
f 192/22/601 324/155/1033 193/23/602
f 195/25/604 330/166/1034 196/26/605
f 198/28/607 297/123/1035 199/29/608
f 201/31/610 300/163/1036 202/32/611
f 203/33/613 277/102/1037 204/34/614
f 200/30/616 230/61/1038 206/36/617
f 208/16/619 215/182/1039 209/38/620
f 214/41/623 315/148/1040 215/42/624
f 216/44/626 295/121/1041 217/45/627
f 208/43/630 332/55/1042 219/50/631
f 173/51/633 172/85/1043 220/52/634
f 218/43/636 292/167/1044 222/54/637
f 183/13/639 185/15/1045 224/56/640
f 226/57/1046 195/25/1046 227/58/1046
f 229/45/643 223/55/1047 222/54/644
f 199/29/646 307/140/1048 230/61/647
f 231/62/649 336/172/1049 232/63/650
f 221/53/652 299/161/653 234/65/653
f 219/50/655 331/68/1050 236/67/656
f 237/68/658 275/9/1051 238/8/659
f 242/72/662 289/51/1052 243/53/663
f 199/29/665 297/123/1053 244/73/666
f 179/9/669 316/118/1054 186/78/670
f 247/79/672 318/137/1055 248/80/673
f 235/66/674 244/72/1056 173/51/675
f 250/62/677 303/134/1057 251/63/678
f 229/82/680 203/33/1058 205/35/681
f 254/84/683 183/13/1059 225/52/684
f 188/86/685 201/31/1060 177/7/686
f 176/6/688 183/13/688 254/84/689
f 256/87/690 304/177/1061 257/88/690
f 176/6/692 175/5/1062 259/90/693
f 260/91/694 235/156/1063 234/92/695
f 262/13/697 272/84/1064 263/4/698
f 265/94/700 340/183/1065 209/38/701
f 267/95/703 323/154/1066 268/96/704
f 194/31/706 276/7/1067 270/78/707
f 185/15/710 184/14/710 263/98/711
f 273/100/712 187/17/1068 194/24/713
f 274/32/715 238/8/1069 275/9/716
f 222/101/718 327/160/1070 277/102/719
f 216/41/721 218/43/1071 223/55/722
f 227/58/724 195/25/1072 197/27/725
f 197/27/727 188/18/1073 187/17/728
f 280/104/730 259/184/1074 281/105/731
f 283/107/733 338/153/1075 284/108/734
f 205/110/735 298/126/1076 175/5/736
f 226/57/1077 287/114/1077 285/112/1077
f 239/67/740 216/41/1078 278/50/741
f 289/51/743 255/85/1079 225/52/744
f 282/110/746 266/126/1080 290/5/747
f 209/38/749 340/183/1081 291/116/750
f 292/92/752 218/130/1082 217/117/753
f 254/84/755 255/85/1083 293/118/756
f 280/111/758 290/5/1084 264/6/759
f 259/120/761 280/111/1085 263/98/762
f 295/121/764 216/44/1086 239/122/765
f 171/83/767 173/82/1087 244/73/768
f 270/78/770 293/118/1088 255/124/771
f 217/45/773 332/55/1089 267/54/774
f 259/90/776 175/5/1090 298/126/777
f 205/35/779 204/34/1091 284/128/780
f 299/130/782 202/117/1092 300/131/783
f 286/113/785 285/112/1093 261/93/786
f 276/7/788 275/9/1094 293/118/789
f 270/104/791 289/184/1095 242/105/792
f 302/133/794 328/11/1096 251/63/795
f 298/129/797 284/128/1097 304/135/798
f 190/136/800 309/80/800 305/137/800
f 256/139/801 265/94/1098 266/24/802
f 245/74/804 288/115/1099 307/140/805
f 308/79/808 305/137/1100 309/80/809
f 287/114/811 288/115/1101 245/74/812
f 178/8/814 329/164/1102 311/144/815
f 281/105/817 304/135/1103 256/139/818
f 312/145/820 327/176/1104 313/146/821
f 315/148/823 214/41/1105 236/67/824
f 238/124/826 274/125/1106 186/78/827
f 227/58/829 273/100/1107 193/23/830
f 188/18/832 197/27/1108 196/26/833
f 277/149/835 327/176/835 312/145/835
f 241/136/836 248/80/837 318/137/837
f 320/151/838 310/185/1109 309/152/839
f 321/153/841 265/108/1110 256/109/841
f 322/121/843 278/50/1111 223/55/844
f 172/2/846 224/56/847 185/15/847
f 267/95/848 210/39/1112 291/116/849
f 243/53/851 171/161/1113 297/65/852
f 324/155/854 279/103/1114 228/59/855
f 245/74/857 244/73/1115 235/156/858
f 196/26/860 301/132/1116 300/131/861
f 215/90/863 290/5/1117 266/126/864
f 268/96/866 313/186/1118 292/92/867
f 275/9/869 237/68/1119 294/119/870
f 272/84/872 262/13/1120 220/52/872
f 325/147/875 320/151/876 302/133/876
f 292/92/877 313/186/1121 327/160/878
f 243/53/880 225/52/1122 224/56/881
f 294/162/883 322/121/1123 174/44/884
f 320/151/886 189/19/1124 328/11/887
f 315/14/889 264/6/1125 290/5/890
f 187/163/892 274/32/1126 276/7/893
f 311/15/895 262/13/1127 264/6/896
f 220/52/898 329/56/1128 299/161/899
f 226/57/1129 279/103/1129 206/36/1129
f 329/164/903 178/8/1130 202/32/904
f 226/57/1131 230/61/1131 307/140/1131
f 226/57/1132 286/113/1132 330/166/1132
f 242/105/908 207/37/1133 324/155/909
f 296/119/911 239/122/1134 238/124/911
f 330/166/913 286/113/1135 301/132/913
f 322/121/915 294/119/1136 237/68/916
f 316/118/918 179/9/1137 331/68/919
f 262/13/921 311/15/1138 329/56/922
f 200/30/924 207/37/1139 242/105/925
f 287/114/927 260/91/1140 261/93/928
f 295/121/930 219/50/1141 332/55/931
f 210/167/933 267/54/1142 332/55/934
f 179/9/936 178/8/1143 236/67/937
f 331/68/939 219/50/1144 295/121/940
f 322/121/942 229/45/1145 253/46/943
f 301/132/945 261/93/1146 234/92/946
f 240/157/948 306/159/948 305/137/949
f 233/168/950 318/137/1147 247/79/951
f 232/63/953 336/134/953 334/133/954
f 335/170/956 249/81/1148 248/80/957
f 283/171/959 317/180/1149 336/172/960
f 328/11/962 211/12/963 213/10/963
f 337/175/966 310/185/966 320/151/966
f 233/64/968 232/63/968 180/76/969
f 189/19/971 191/48/1150 211/47/972
f 314/171/975 339/150/1151 303/134/975
f 252/19/977 271/48/977 182/47/977
f 246/157/978 319/159/978 318/137/979
f 333/168/980 305/137/1152 308/79/981
f 247/79/983 249/81/983 257/88/984
f 213/141/985 271/143/985 252/64/986
f 333/168/987 248/187/987 241/70/987
f 181/11/988 334/133/1153 250/151/989
f 321/153/991 308/79/1154 310/81/992
f 326/145/994 302/133/1155 303/134/995
f 206/36/996 279/103/1156 324/155/997
f 323/176/998 326/145/999 339/150/999
f 321/153/1000 337/88/1157 340/177/1001
f 338/153/1003 257/88/1003 304/177/1003
f 313/178/1005 268/149/1005 339/150/1006
f 340/179/1008 337/175/1158 325/147/1008
f 204/178/1010 277/188/1159 317/180/1010
f 291/146/1012 325/147/1160 326/145/1012
f 335/169/1014 308/79/1014 321/153/1015
f 317/150/1016 312/145/1161 334/133/1017
f 334/133/1019 312/145/1162 314/147/1020
f 231/169/1022 247/79/1163 338/153/1023
f 258/89/1025 257/88/1026 249/81/1026
f 341/189/1164 342/190/1165 343/191/1165
f 344/192/1166 345/193/1166 346/194/1167
f 347/195/1168 342/190/1169 348/196/1168
f 344/192/1170 349/197/1170 350/198/1170
f 351/199/1171 347/195/1171 348/196/1171
f 350/198/1172 352/200/1172 353/201/1172
f 354/202/1173 352/200/1173 355/203/1174
f 356/204/1175 357/205/1175 358/206/1175
f 359/207/1176 355/203/1176 360/208/1177
f 356/204/1178 361/209/1178 362/210/1178
f 359/207/1179 363/211/1179 364/212/1180
f 362/210/1181 365/213/1182 366/214/1183
f 364/212/1184 367/215/1184 341/189/1184
f 368/216/1185 365/213/1185 345/193/1185
f 342/190/1186 369/217/1187 348/196/1187
f 346/194/1188 370/218/1188 349/197/1188
f 351/219/1189 348/196/1189 369/217/1189
f 349/197/1190 371/220/1191 352/200/1192
f 355/203/1193 371/220/1193 372/221/1193
f 358/206/1194 357/222/1194 373/223/1194
f 355/203/1195 374/224/1195 360/208/1196
f 358/206/1197 375/225/1197 361/209/1197
f 360/208/1198 376/226/1198 363/211/1199
f 361/209/1200 377/227/1200 365/213/1200
f 367/215/1201 376/226/1202 378/228/1201
f 365/213/1203 379/229/1203 345/193/1204
f 367/215/1205 380/230/1206 342/190/1206
f 345/193/1207 381/231/1207 346/194/1207
f 370/218/1208 382/232/1208 383/233/1208
f 351/234/1209 369/217/1209 384/235/1209
f 370/218/1210 385/236/1210 371/220/1210
f 371/220/1211 386/237/1211 372/221/1211
f 373/223/1212 357/238/1212 387/239/1212
f 372/221/1213 388/240/1213 374/224/1213
f 373/223/1214 389/241/1215 375/225/1215
f 376/226/1216 388/240/1217 390/242/1216
f 375/225/1218 391/243/1218 377/227/1218
f 376/226/1219 392/244/1219 378/228/1219
f 379/229/1220 391/243/1220 393/245/1221
f 378/228/1222 394/246/1222 380/230/1222
f 379/229/1223 382/232/1223 381/231/1223
f 380/230/1224 384/235/1225 369/217/1225
f 351/247/1226 384/235/1226 395/248/1226
f 383/233/1227 396/249/1227 385/236/1228
f 386/237/1229 396/249/1229 397/250/1230
f 387/239/1231 357/251/1231 398/252/1231
f 386/237/1232 399/253/1232 388/240/1232
f 387/239/1233 400/254/1234 389/241/1234
f 390/242/1235 399/253/1235 401/255/1235
f 389/241/1236 402/256/1237 391/243/1237
f 390/242/1238 403/257/1238 392/244/1239
f 393/245/1240 402/256/1240 404/258/1240
f 394/246/1241 403/257/1241 405/259/1241
f 393/245/1242 406/260/1242 382/232/1242
f 384/235/1243 405/259/1243 395/248/1243
f 383/233/1244 406/260/1244 407/261/1245
f 407/261/1246 408/262/1246 396/249/1246
f 397/250/1247 408/262/1247 409/263/1247
f 398/252/1248 357/264/1248 410/265/1248
f 399/253/1249 409/263/1249 411/266/1249
f 398/252/1250 412/267/1251 400/254/1251
f 401/255/1252 411/266/1252 413/268/1252
f 400/254/1253 414/269/1253 402/256/1254
f 401/255/1255 415/270/1255 403/257/1255
f 404/258/1256 414/269/1256 416/271/1257
f 405/259/1258 415/270/1258 417/272/1259
f 404/258/1260 418/273/1260 406/260/1260
f 405/259/1261 419/274/1261 395/248/1262
f 406/260/1263 420/275/1263 407/261/1263
f 351/276/1264 395/248/1264 419/274/1264
f 408/262/1265 421/277/1265 409/263/1265
f 410/265/1266 357/278/1266 422/279/1266
f 409/263/1267 423/280/1267 411/266/1267
f 412/267/1268 422/279/1269 424/281/1268
f 413/268/1270 423/280/1270 425/282/1270
f 412/267/1271 426/283/1271 414/269/1271
f 413/268/1272 427/284/1272 415/270/1272
f 416/271/1273 426/283/1273 428/285/1273
f 417/272/1274 427/284/1274 429/286/1274
f 416/271/1275 430/287/1275 418/273/1275
f 417/272/1276 431/288/1276 419/274/1276
f 418/273/1277 432/289/1277 420/275/1277
f 351/290/1278 419/274/1278 431/288/1278
f 420/275/1279 433/291/1279 408/262/1279
f 422/279/1280 357/292/1280 434/293/1280
f 421/277/1281 435/294/1281 423/280/1281
f 424/281/1282 434/293/1283 436/295/1282
f 425/282/1284 435/294/1284 437/296/1284
f 424/281/1285 438/297/1285 426/283/1285
f 425/282/1286 439/298/1286 427/284/1286
f 428/285/1287 438/297/1287 440/299/1287
f 427/284/1288 441/300/1288 429/286/1288
f 428/285/1289 442/301/1289 430/287/1290
f 431/288/1291 441/300/1292 443/302/1291
f 430/287/1293 444/303/1293 432/289/1293
f 351/304/1294 431/288/1294 443/302/1294
f 432/289/1295 445/305/1295 433/291/1295
f 421/277/1296 445/305/1296 446/306/1296
f 446/306/1297 447/307/1297 435/294/1297
f 434/293/1298 448/308/1299 436/295/1300
f 437/296/1301 447/307/1301 449/309/1301
f 436/295/1302 450/310/1303 438/297/1303
f 437/296/1304 451/311/1304 439/298/1305
f 440/299/1306 450/310/1307 452/312/1308
f 439/298/1309 453/313/1309 441/300/1309
f 440/299/1310 454/314/1310 442/301/1311
f 441/300/1312 455/315/1312 443/302/1312
f 444/303/1313 454/314/1313 456/316/1313
f 351/317/1314 443/302/1314 455/315/1314
f 444/303/1315 457/318/1315 445/305/1315
f 445/305/1316 458/319/1316 446/306/1317
f 434/293/1318 357/320/1318 459/321/1318
f 459/321/1319 460/322/1320 448/308/1320
f 449/309/1321 461/323/1321 462/324/1321
f 448/308/1322 463/325/1322 450/310/1322
f 449/309/1323 464/326/1323 451/311/1324
f 450/310/1325 465/327/1325 452/312/1325
f 453/313/1326 464/326/1326 466/328/1327
f 452/312/1328 467/329/1328 454/314/1328
f 453/313/1329 468/330/1330 455/315/1330
f 454/314/1331 469/331/1331 456/316/1331
f 351/332/1332 455/315/1332 468/330/1332
f 456/316/1333 470/333/1333 457/318/1333
f 457/318/1334 471/334/1334 458/319/1335
f 459/321/1336 357/335/1336 472/336/1336
f 458/319/1337 461/323/1337 447/307/1337
f 462/324/1338 473/337/1338 474/338/1338
f 460/322/1339 475/339/1339 463/325/1340
f 462/324/1341 476/340/1341 464/326/1341
f 465/327/1342 475/339/1343 477/341/1342
f 464/326/1344 478/342/1345 466/328/1346
f 465/327/1347 479/343/1348 467/329/1348
f 466/328/1349 480/344/1349 468/330/1349
f 467/329/1350 481/345/1350 469/331/1351
f 351/346/1352 468/330/1352 480/344/1352
f 469/331/1353 482/347/1354 470/333/1353
f 471/334/1355 482/347/1355 483/348/1356
f 472/336/1357 357/349/1357 484/350/1357
f 461/323/1358 483/348/1358 473/337/1358
f 460/322/1359 484/350/1359 485/351/1359
f 474/338/1360 486/352/1360 476/340/1361
f 475/339/1362 487/353/1362 477/341/1362
f 478/342/1363 486/352/1364 488/354/1363
f 477/341/1365 489/355/1365 479/343/1366
f 478/342/1367 490/356/1367 480/344/1367
f 481/345/1368 489/355/1368 491/357/1369
f 351/358/1370 480/344/1370 490/356/1370
f 481/345/1371 492/359/1371 482/347/1372
f 482/347/1373 493/360/1373 483/348/1374
f 484/350/1375 357/361/1375 494/362/1375
f 483/348/1376 495/363/1376 473/337/1376
f 485/351/1377 494/362/1378 496/364/1377
f 474/338/1379 495/363/1379 497/365/1380
f 485/351/1381 498/366/1382 475/339/1382
f 487/353/1383 499/367/1383 500/368/1383
f 488/354/1384 501/369/1384 502/370/1384
f 487/353/1385 503/371/1385 489/355/1385
f 488/354/1386 504/372/1387 490/356/1388
f 489/355/1389 505/373/1389 491/357/1389
f 351/374/1390 490/356/1390 504/372/1390
f 491/357/1391 506/375/1391 492/359/1391
f 492/359/1392 507/376/1392 493/360/1392
f 494/362/1393 357/377/1393 508/378/1393
f 493/360/1394 509/379/1394 495/363/1394
f 496/364/1395 508/378/1395 510/380/1395
f 497/365/1396 509/379/1396 511/381/1397
f 496/364/1398 499/367/1398 498/366/1398
f 497/365/1399 501/369/1399 486/352/1399
f 502/370/1400 512/382/1400 513/383/1400
f 500/368/1401 514/384/1401 503/371/1401
f 504/372/1402 513/383/1403 515/385/1402
f 503/371/1404 516/386/1404 505/373/1405
f 351/387/1406 504/372/1406 515/385/1406
f 506/375/1407 516/386/1407 517/388/1407
f 506/375/1408 518/389/1408 507/376/1409
f 508/378/1410 357/390/1410 519/391/1410
f 507/376/1411 520/392/1411 509/379/1411
f 508/378/1412 521/393/1412 510/380/1412
f 511/381/1413 520/392/1413 522/394/1414
f 510/380/1415 523/395/1415 499/367/1415
f 511/381/1416 512/382/1416 501/369/1416
f 500/368/1417 523/395/1417 524/396/1417
f 524/396/1418 525/397/1418 514/384/1418
f 513/383/1419 526/398/1419 515/385/1419
f 514/384/1420 527/399/1420 516/386/1420
f 351/400/1421 515/385/1421 526/398/1421
f 516/386/1422 528/401/1422 517/388/1422
f 517/388/1423 529/402/1423 518/389/1423
f 519/391/1424 357/403/1424 530/404/1424
f 520/392/1425 529/402/1425 531/405/1425
f 519/391/1426 532/406/1426 521/393/1427
f 522/394/1428 531/405/1428 533/407/1428
f 521/393/1429 534/408/1429 523/395/1429
f 522/394/1430 535/409/1430 512/382/1430
f 524/396/1431 534/408/1431 536/410/1431
f 513/383/1432 535/409/1432 537/411/1433
f 537/411/1434 538/412/1435 526/398/1435
f 525/397/1436 539/413/1436 527/399/1437
f 351/414/1438 526/398/1438 538/412/1438
f 528/401/1439 539/413/1439 540/415/1439
f 528/401/1440 541/416/1440 529/402/1440
f 530/404/1441 357/417/1441 542/418/1441
f 529/402/1442 543/419/1442 531/405/1442
f 530/404/1443 544/420/1443 532/406/1443
f 533/407/1444 543/419/1444 545/421/1444
f 532/406/1445 546/422/1445 534/408/1446
f 533/407/1447 547/423/1448 535/409/1448
f 536/410/1449 546/422/1449 548/424/1449
f 535/409/1450 549/425/1450 537/411/1451
f 536/410/1452 550/426/1452 525/397/1452
f 351/427/1453 538/412/1453 551/428/1453
f 540/415/1454 552/429/1454 553/430/1454
f 540/415/1455 554/431/1455 541/416/1455
f 542/418/1456 357/432/1456 555/433/1456
f 543/419/1457 554/431/1457 556/434/1458
f 542/418/1459 557/435/1460 544/420/1461
f 545/421/1462 556/434/1463 558/436/1464
f 544/420/1465 559/437/1465 546/422/1466
f 545/421/1467 560/438/1467 547/423/1467
f 548/424/1468 559/437/1468 561/439/1468
f 549/425/1469 560/438/1469 562/440/1470
f 548/424/1471 563/441/1471 550/426/1471
f 538/412/1472 562/440/1473 551/428/1472
f 550/426/1474 552/429/1474 539/413/1474
f 553/430/1475 564/442/1475 565/443/1475
f 553/430/1476 566/444/1476 554/431/1477
f 555/433/1478 357/445/1478 567/446/1478
f 556/434/1479 566/444/1479 568/447/1479
f 557/435/1480 567/446/1481 569/448/1480
f 556/434/1482 570/449/1482 558/436/1482
f 557/435/1483 571/450/1484 559/437/1484
f 558/436/1485 572/451/1486 560/438/1487
f 561/439/1488 571/450/1488 573/452/1488
f 562/440/1489 572/451/1489 574/453/1489
f 561/439/1490 575/454/1490 563/441/1490
f 562/440/1491 576/455/1492 551/428/1492
f 563/441/1493 564/442/1493 552/429/1493
f 351/456/1494 551/428/1494 576/455/1494
f 565/443/1495 577/457/1495 566/444/1495
f 567/446/1496 357/458/1496 578/459/1496
f 568/447/1497 577/457/1497 579/460/1497
f 567/446/1498 580/461/1499 569/448/1500
f 568/447/1501 581/462/1501 570/449/1501
f 569/448/1502 582/463/1503 571/450/1503
f 570/449/1504 583/464/1505 572/451/1505
f 573/452/1506 582/463/1507 584/465/1506
f 574/453/1508 583/464/1508 585/466/1508
f 575/454/1509 584/465/1509 586/467/1509
f 574/453/1510 587/468/1511 576/455/1511
f 575/454/1512 588/469/1512 564/442/1512
f 351/470/1513 576/455/1513 587/468/1513
f 564/442/1514 589/471/1514 565/443/1514
f 577/457/1515 590/472/1515 591/473/1515
f 578/459/1516 357/474/1516 592/475/1516
f 579/460/1517 591/473/1517 593/476/1517
f 578/459/1518 594/477/1519 580/461/1519
f 579/460/1520 595/478/1520 581/462/1520
f 580/461/1521 596/479/1521 582/463/1522
f 581/462/1523 597/480/1523 583/464/1524
f 584/465/1525 596/479/1525 598/481/1525
f 585/466/1526 597/480/1526 599/482/1526
f 584/465/1527 600/483/1527 586/467/1527
f 585/466/1528 601/484/1528 587/468/1529
f 586/467/1530 602/485/1530 588/469/1531
f 351/486/1532 587/468/1532 601/484/1532
f 588/469/1533 590/472/1533 589/471/1533
f 593/476/1534 603/487/1534 604/488/1534
f 592/475/1535 605/489/1536 594/477/1536
f 593/476/1537 606/490/1537 595/478/1538
f 594/477/1539 607/491/1539 596/479/1539
f 595/478/1540 608/492/1541 597/480/1542
f 598/481/1543 607/491/1543 609/493/1543
f 599/482/1544 608/492/1545 610/494/1546
f 600/483/1547 609/493/1548 611/495/1547
f 601/484/1549 610/494/1550 612/496/1549
f 600/483/1551 613/497/1551 602/485/1551
f 351/498/1552 601/484/1552 612/496/1552
f 602/485/1553 614/499/1553 590/472/1553
f 590/472/1554 603/487/1554 591/473/1554
f 592/475/1555 357/500/1555 615/501/1555
f 615/502/1556 616/503/1556 605/504/1556
f 604/505/1557 617/506/1557 606/507/1557
f 605/504/1558 618/508/1558 607/509/1558
f 606/507/1559 619/510/1559 608/511/1559
f 609/512/1560 618/508/1561 620/513/1560
f 610/514/1562 619/510/1562 621/515/1562
f 611/516/1563 620/513/1563 622/517/1563
f 610/514/1564 623/518/1564 612/519/1564
f 611/516/1565 624/520/1565 613/521/1566
f 351/522/1567 612/519/1567 623/518/1567
f 613/521/1568 625/523/1568 614/524/1568
f 614/524/1569 626/525/1569 603/526/1569
f 615/502/1570 357/527/1570 627/528/1570
f 604/505/1571 626/525/1571 628/529/1571
f 628/529/1572 629/530/1572 617/506/1572
f 616/503/1573 630/531/1574 618/508/1574
f 617/506/1575 631/532/1576 619/510/1576
f 618/508/1577 632/533/1578 620/513/1578
f 619/510/1579 633/534/1579 621/515/1580
f 620/513/1581 634/535/1581 622/517/1581
f 621/515/1582 635/536/1583 623/518/1583
f 622/517/1584 636/537/1584 624/520/1585
f 351/538/1586 623/518/1586 635/536/1586
f 624/520/1587 637/539/1587 625/523/1587
f 625/523/1588 638/540/1588 626/525/1589
f 627/528/1590 357/541/1590 639/542/1590
f 628/529/1591 638/540/1591 640/543/1591
f 616/503/1592 639/542/1592 641/544/1592
f 641/544/1593 642/545/1594 630/531/1594
f 629/530/1595 643/546/1595 631/532/1595
f 632/533/1596 642/545/1597 644/547/1598
f 633/534/1599 643/546/1599 645/548/1599
f 634/535/1600 644/547/1600 646/549/1600
f 633/534/1601 647/550/1602 635/536/1603
f 634/535/1604 648/551/1605 636/537/1605
f 351/552/1606 635/536/1606 647/550/1606
f 636/537/1607 649/553/1607 637/539/1607
f 637/539/1608 650/554/1608 638/540/1608
f 639/542/1609 357/555/1609 651/556/1609
f 640/543/1610 650/554/1610 652/557/1610
f 639/542/1611 653/558/1612 641/544/1612
f 640/543/1613 654/559/1613 629/530/1613
f 654/559/1614 655/560/1614 643/546/1614
f 642/545/1615 656/561/1615 644/547/1615
f 643/546/1616 657/562/1616 645/548/1616
f 646/549/1617 656/561/1617 658/563/1617
f 645/548/1618 659/564/1618 647/550/1618
f 646/549/1619 660/565/1619 648/551/1620
f 351/566/1621 647/550/1621 659/564/1621
f 648/551/1622 661/567/1622 649/553/1622
f 649/553/1623 662/568/1623 650/554/1624
f 651/556/1625 357/569/1625 663/570/1625
f 652/557/1626 662/568/1626 664/571/1626
f 651/556/1627 665/572/1627 653/558/1627
f 652/557/1628 666/573/1628 654/559/1628
f 653/558/1629 667/574/1629 642/545/1629
f 657/562/1630 668/575/1630 669/576/1630
f 658/563/1631 670/577/1631 671/578/1632
f 657/562/1633 672/579/1634 659/564/1635
f 658/563/1636 673/580/1636 660/565/1637
f 351/581/1638 659/564/1638 672/579/1638
f 660/565/1639 674/582/1639 661/567/1639
f 661/567/1640 675/583/1640 662/568/1640
f 663/570/1641 357/584/1641 676/585/1641
f 664/571/1642 675/583/1642 677/586/1643
f 663/570/1644 678/587/1644 665/572/1645
f 664/571/1646 679/588/1646 666/573/1647
f 665/572/1648 680/589/1648 667/574/1648
f 666/573/1649 668/575/1650 655/560/1650
f 667/574/1651 670/577/1651 656/561/1651
f 671/578/1652 681/590/1652 682/591/1652
f 669/576/1653 683/592/1654 672/579/1654
f 671/578/1655 684/593/1655 673/580/1656
f 351/594/1657 672/579/1657 683/592/1657
f 673/580/1658 685/595/1658 674/582/1658
f 675/583/1659 685/595/1659 686/596/1659
f 676/585/1660 357/597/1660 687/598/1660
f 677/586/1661 686/596/1661 688/599/1661
f 676/585/1662 689/600/1662 678/587/1662
f 677/586/1663 690/601/1663 679/588/1663
f 678/587/1664 691/602/1665 680/589/1665
f 668/575/1666 690/601/1666 692/603/1666
f 680/589/1667 681/590/1667 670/577/1667
f 668/575/1668 693/604/1668 669/576/1669
f 683/592/1670 343/191/1670 347/195/1670
f 682/591/1671 350/198/1671 684/593/1672
f 351/605/1673 683/592/1673 347/195/1673
f 684/593/1674 353/201/1674 685/595/1674
f 685/595/1675 354/202/1675 686/596/1675
f 687/598/1676 357/606/1676 356/204/1676
f 688/599/1677 354/202/1677 359/207/1677
f 687/598/1678 362/210/1679 689/600/1679
f 688/599/1680 364/212/1680 690/601/1681
f 689/600/1682 366/214/1682 691/602/1682
f 692/603/1683 364/212/1683 341/189/1683
f 691/602/1684 368/216/1684 681/590/1684
f 693/604/1685 341/189/1685 343/191/1685
f 682/591/1686 368/216/1686 344/192/1686
f 341/189/1164 367/215/1164 342/190/1165
f 344/192/1166 368/216/1166 345/193/1166
f 347/195/1168 343/191/1169 342/190/1169
f 344/192/1170 346/194/1170 349/197/1170
f 350/198/1172 349/197/1687 352/200/1172
f 354/202/1173 353/201/1688 352/200/1173
f 359/207/1176 354/202/1176 355/203/1176
f 356/204/1178 358/206/1689 361/209/1178
f 359/207/1179 360/208/1179 363/211/1179
f 362/210/1181 361/209/1181 365/213/1182
f 364/212/1184 363/211/1184 367/215/1184
f 368/216/1185 366/214/1185 365/213/1185
f 342/190/1186 380/230/1690 369/217/1187
f 346/194/1188 381/231/1691 370/218/1188
f 349/197/1190 370/218/1191 371/220/1191
f 355/203/1193 352/200/1193 371/220/1193
f 355/203/1195 372/221/1692 374/224/1195
f 358/206/1197 373/223/1197 375/225/1197
f 360/208/1198 374/224/1693 376/226/1198
f 361/209/1200 375/225/1694 377/227/1200
f 367/215/1201 363/211/1202 376/226/1202
f 365/213/1203 377/227/1203 379/229/1203
f 367/215/1205 378/228/1205 380/230/1206
f 345/193/1207 379/229/1695 381/231/1207
f 370/218/1208 381/231/1208 382/232/1208
f 370/218/1210 383/233/1696 385/236/1210
f 371/220/1211 385/236/1697 386/237/1211
f 372/221/1213 386/237/1698 388/240/1213
f 373/223/1214 387/239/1214 389/241/1215
f 376/226/1216 374/224/1699 388/240/1217
f 375/225/1218 389/241/1218 391/243/1218
f 376/226/1219 390/242/1700 392/244/1219
f 379/229/1220 377/227/1220 391/243/1220
f 378/228/1222 392/244/1222 394/246/1222
f 379/229/1223 393/245/1223 382/232/1223
f 380/230/1224 394/246/1224 384/235/1225
f 383/233/1227 407/261/1227 396/249/1227
f 386/237/1229 385/236/1229 396/249/1229
f 386/237/1232 397/250/1232 399/253/1232
f 387/239/1233 398/252/1701 400/254/1234
f 390/242/1235 388/240/1235 399/253/1235
f 389/241/1236 400/254/1236 402/256/1237
f 390/242/1238 401/255/1238 403/257/1238
f 393/245/1240 391/243/1702 402/256/1240
f 394/246/1241 392/244/1703 403/257/1241
f 393/245/1242 404/258/1704 406/260/1242
f 384/235/1243 394/246/1243 405/259/1243
f 383/233/1244 382/232/1705 406/260/1244
f 407/261/1246 420/275/1246 408/262/1246
f 397/250/1247 396/249/1247 408/262/1247
f 399/253/1249 397/250/1249 409/263/1249
f 398/252/1250 410/265/1250 412/267/1251
f 401/255/1252 399/253/1706 411/266/1252
f 400/254/1253 412/267/1253 414/269/1253
f 401/255/1255 413/268/1255 415/270/1255
f 404/258/1256 402/256/1707 414/269/1256
f 405/259/1258 403/257/1258 415/270/1258
f 404/258/1260 416/271/1260 418/273/1260
f 405/259/1261 417/272/1261 419/274/1261
f 406/260/1263 418/273/1263 420/275/1263
f 408/262/1265 433/291/1265 421/277/1265
f 409/263/1267 421/277/1267 423/280/1267
f 412/267/1268 410/265/1269 422/279/1269
f 413/268/1270 411/266/1270 423/280/1270
f 412/267/1271 424/281/1271 426/283/1271
f 413/268/1272 425/282/1272 427/284/1272
f 416/271/1273 414/269/1708 426/283/1273
f 417/272/1274 415/270/1709 427/284/1274
f 416/271/1275 428/285/1275 430/287/1275
f 417/272/1276 429/286/1710 431/288/1276
f 418/273/1277 430/287/1711 432/289/1277
f 420/275/1279 432/289/1279 433/291/1279
f 421/277/1281 446/306/1712 435/294/1281
f 424/281/1282 422/279/1713 434/293/1283
f 425/282/1284 423/280/1284 435/294/1284
f 424/281/1285 436/295/1285 438/297/1285
f 425/282/1286 437/296/1714 439/298/1286
f 428/285/1287 426/283/1715 438/297/1287
f 427/284/1288 439/298/1716 441/300/1288
f 428/285/1289 440/299/1717 442/301/1289
f 431/288/1291 429/286/1292 441/300/1292
f 430/287/1293 442/301/1718 444/303/1293
f 432/289/1295 444/303/1295 445/305/1295
f 421/277/1296 433/291/1296 445/305/1296
f 446/306/1297 458/319/1297 447/307/1297
f 434/293/1298 459/321/1298 448/308/1299
f 437/296/1301 435/294/1719 447/307/1301
f 436/295/1302 448/308/1302 450/310/1303
f 437/296/1304 449/309/1304 451/311/1304
f 440/299/1306 438/297/1720 450/310/1307
f 439/298/1309 451/311/1721 453/313/1309
f 440/299/1310 452/312/1310 454/314/1310
f 441/300/1312 453/313/1312 455/315/1312
f 444/303/1313 442/301/1313 454/314/1313
f 444/303/1315 456/316/1315 457/318/1315
f 445/305/1316 457/318/1316 458/319/1316
f 459/321/1319 472/336/1319 460/322/1320
f 449/309/1321 447/307/1722 461/323/1321
f 448/308/1322 460/322/1723 463/325/1322
f 449/309/1323 462/324/1323 464/326/1323
f 450/310/1325 463/325/1724 465/327/1325
f 453/313/1326 451/311/1725 464/326/1326
f 452/312/1328 465/327/1726 467/329/1328
f 453/313/1329 466/328/1329 468/330/1330
f 454/314/1331 467/329/1331 469/331/1331
f 456/316/1333 469/331/1727 470/333/1333
f 457/318/1334 470/333/1728 471/334/1334
f 458/319/1337 471/334/1729 461/323/1337
f 462/324/1338 461/323/1338 473/337/1338
f 460/322/1339 485/351/1730 475/339/1339
f 462/324/1341 474/338/1341 476/340/1341
f 465/327/1342 463/325/1343 475/339/1343
f 464/326/1344 476/340/1731 478/342/1345
f 465/327/1347 477/341/1347 479/343/1348
f 466/328/1349 478/342/1349 480/344/1349
f 467/329/1350 479/343/1350 481/345/1350
f 469/331/1353 481/345/1732 482/347/1354
f 471/334/1355 470/333/1355 482/347/1355
f 461/323/1358 471/334/1733 483/348/1358
f 460/322/1359 472/336/1359 484/350/1359
f 474/338/1360 497/365/1360 486/352/1360
f 475/339/1362 498/366/1734 487/353/1362
f 478/342/1363 476/340/1735 486/352/1364
f 477/341/1365 487/353/1736 489/355/1365
f 478/342/1367 488/354/1367 490/356/1367
f 481/345/1368 479/343/1368 489/355/1368
f 481/345/1371 491/357/1371 492/359/1371
f 482/347/1373 492/359/1373 493/360/1373
f 483/348/1376 493/360/1737 495/363/1376
f 485/351/1377 484/350/1378 494/362/1378
f 474/338/1379 473/337/1379 495/363/1379
f 485/351/1381 496/364/1381 498/366/1382
f 487/353/1383 498/366/1383 499/367/1383
f 488/354/1384 486/352/1738 501/369/1384
f 487/353/1385 500/368/1385 503/371/1385
f 488/354/1386 502/370/1386 504/372/1387
f 489/355/1389 503/371/1739 505/373/1389
f 491/357/1391 505/373/1740 506/375/1391
f 492/359/1392 506/375/1741 507/376/1392
f 493/360/1394 507/376/1394 509/379/1394
f 496/364/1395 494/362/1395 508/378/1395
f 497/365/1396 495/363/1396 509/379/1396
f 496/364/1398 510/380/1398 499/367/1398
f 497/365/1399 511/381/1399 501/369/1399
f 502/370/1400 501/369/1400 512/382/1400
f 500/368/1401 524/396/1401 514/384/1401
f 504/372/1402 502/370/1403 513/383/1403
f 503/371/1404 514/384/1404 516/386/1404
f 506/375/1407 505/373/1407 516/386/1407
f 506/375/1408 517/388/1742 518/389/1408
f 507/376/1411 518/389/1411 520/392/1411
f 508/378/1412 519/391/1743 521/393/1412
f 511/381/1413 509/379/1413 520/392/1413
f 510/380/1415 521/393/1744 523/395/1415
f 511/381/1416 522/394/1416 512/382/1416
f 500/368/1417 499/367/1745 523/395/1417
f 524/396/1418 536/410/1418 525/397/1418
f 513/383/1419 537/411/1419 526/398/1419
f 514/384/1420 525/397/1746 527/399/1420
f 516/386/1422 527/399/1422 528/401/1422
f 517/388/1423 528/401/1747 529/402/1423
f 520/392/1425 518/389/1425 529/402/1425
f 519/391/1426 530/404/1426 532/406/1426
f 522/394/1428 520/392/1428 531/405/1428
f 521/393/1429 532/406/1429 534/408/1429
f 522/394/1430 533/407/1430 535/409/1430
f 524/396/1431 523/395/1431 534/408/1431
f 513/383/1432 512/382/1432 535/409/1432
f 537/411/1434 549/425/1434 538/412/1435
f 525/397/1436 550/426/1436 539/413/1436
f 528/401/1439 527/399/1439 539/413/1439
f 528/401/1440 540/415/1440 541/416/1440
f 529/402/1442 541/416/1442 543/419/1442
f 530/404/1443 542/418/1748 544/420/1443
f 533/407/1444 531/405/1749 543/419/1444
f 532/406/1445 544/420/1750 546/422/1445
f 533/407/1447 545/421/1447 547/423/1448
f 536/410/1449 534/408/1449 546/422/1449
f 535/409/1450 547/423/1450 549/425/1450
f 536/410/1452 548/424/1452 550/426/1452
f 540/415/1454 539/413/1454 552/429/1454
f 540/415/1455 553/430/1455 554/431/1455
f 543/419/1457 541/416/1751 554/431/1457
f 542/418/1459 555/433/1752 557/435/1460
f 545/421/1462 543/419/1753 556/434/1463
f 544/420/1465 557/435/1754 559/437/1465
f 545/421/1467 558/436/1467 560/438/1467
f 548/424/1468 546/422/1755 559/437/1468
f 549/425/1469 547/423/1469 560/438/1469
f 548/424/1471 561/439/1756 563/441/1471
f 538/412/1472 549/425/1473 562/440/1473
f 550/426/1474 563/441/1474 552/429/1474
f 553/430/1475 552/429/1475 564/442/1475
f 553/430/1476 565/443/1476 566/444/1476
f 556/434/1479 554/431/1757 566/444/1479
f 557/435/1480 555/433/1758 567/446/1481
f 556/434/1482 568/447/1759 570/449/1482
f 557/435/1483 569/448/1760 571/450/1484
f 558/436/1485 570/449/1761 572/451/1486
f 561/439/1488 559/437/1488 571/450/1488
f 562/440/1489 560/438/1489 572/451/1489
f 561/439/1490 573/452/1490 575/454/1490
f 562/440/1491 574/453/1491 576/455/1492
f 563/441/1493 575/454/1493 564/442/1493
f 565/443/1495 589/471/1495 577/457/1495
f 568/447/1497 566/444/1762 577/457/1497
f 567/446/1498 578/459/1763 580/461/1499
f 568/447/1501 579/460/1501 581/462/1501
f 569/448/1502 580/461/1764 582/463/1503
f 570/449/1504 581/462/1765 583/464/1505
f 573/452/1506 571/450/1507 582/463/1507
f 574/453/1508 572/451/1508 583/464/1508
f 575/454/1509 573/452/1509 584/465/1509
f 574/453/1510 585/466/1510 587/468/1511
f 575/454/1512 586/467/1512 588/469/1512
f 564/442/1514 588/469/1514 589/471/1514
f 577/457/1515 589/471/1515 590/472/1515
f 579/460/1517 577/457/1766 591/473/1517
f 578/459/1518 592/475/1767 594/477/1519
f 579/460/1520 593/476/1520 595/478/1520
f 580/461/1521 594/477/1768 596/479/1521
f 581/462/1523 595/478/1769 597/480/1523
f 584/465/1525 582/463/1525 596/479/1525
f 585/466/1526 583/464/1770 597/480/1526
f 584/465/1527 598/481/1771 600/483/1527
f 585/466/1528 599/482/1528 601/484/1528
f 586/467/1530 600/483/1530 602/485/1530
f 588/469/1533 602/485/1772 590/472/1533
f 593/476/1534 591/473/1773 603/487/1534
f 592/475/1535 615/501/1535 605/489/1536
f 593/476/1537 604/488/1537 606/490/1537
f 594/477/1539 605/489/1539 607/491/1539
f 595/478/1540 606/490/1774 608/492/1541
f 598/481/1543 596/479/1543 607/491/1543
f 599/482/1544 597/480/1775 608/492/1545
f 600/483/1547 598/481/1548 609/493/1548
f 601/484/1549 599/482/1550 610/494/1550
f 600/483/1551 611/495/1551 613/497/1551
f 602/485/1553 613/497/1553 614/499/1553
f 590/472/1554 614/499/1776 603/487/1554
f 615/502/1556 627/528/1556 616/503/1556
f 604/505/1557 628/529/1557 617/506/1557
f 605/504/1558 616/503/1558 618/508/1558
f 606/507/1559 617/506/1559 619/510/1559
f 609/512/1560 607/509/1777 618/508/1561
f 610/514/1562 608/511/1562 619/510/1562
f 611/516/1563 609/512/1563 620/513/1563
f 610/514/1564 621/515/1564 623/518/1564
f 611/516/1565 622/517/1565 624/520/1565
f 613/521/1568 624/520/1568 625/523/1568
f 614/524/1569 625/523/1569 626/525/1569
f 604/505/1571 603/526/1571 626/525/1571
f 628/529/1572 640/543/1572 629/530/1572
f 616/503/1573 641/544/1573 630/531/1574
f 617/506/1575 629/530/1575 631/532/1576
f 618/508/1577 630/531/1778 632/533/1578
f 619/510/1579 631/532/1579 633/534/1579
f 620/513/1581 632/533/1581 634/535/1581
f 621/515/1582 633/534/1779 635/536/1583
f 622/517/1584 634/535/1584 636/537/1584
f 624/520/1587 636/537/1587 637/539/1587
f 625/523/1588 637/539/1780 638/540/1588
f 628/529/1591 626/525/1591 638/540/1591
f 616/503/1592 627/528/1592 639/542/1592
f 641/544/1593 653/558/1781 642/545/1594
f 629/530/1595 654/559/1595 643/546/1595
f 632/533/1596 630/531/1597 642/545/1597
f 633/534/1599 631/532/1599 643/546/1599
f 634/535/1600 632/533/1600 644/547/1600
f 633/534/1601 645/548/1601 647/550/1602
f 634/535/1604 646/549/1604 648/551/1605
f 636/537/1607 648/551/1607 649/553/1607
f 637/539/1608 649/553/1608 650/554/1608
f 640/543/1610 638/540/1610 650/554/1610
f 639/542/1611 651/556/1782 653/558/1612
f 640/543/1613 652/557/1783 654/559/1613
f 654/559/1614 666/573/1614 655/560/1614
f 642/545/1615 667/574/1784 656/561/1615
f 643/546/1616 655/560/1616 657/562/1616
f 646/549/1617 644/547/1617 656/561/1617
f 645/548/1618 657/562/1618 659/564/1618
f 646/549/1619 658/563/1785 660/565/1619
f 648/551/1622 660/565/1622 661/567/1622
f 649/553/1623 661/567/1623 662/568/1623
f 652/557/1626 650/554/1626 662/568/1626
f 651/556/1627 663/570/1627 665/572/1627
f 652/557/1628 664/571/1628 666/573/1628
f 653/558/1629 665/572/1629 667/574/1629
f 657/562/1630 655/560/1630 668/575/1630
f 658/563/1631 656/561/1631 670/577/1631
f 657/562/1633 669/576/1633 672/579/1634
f 658/563/1636 671/578/1786 673/580/1636
f 660/565/1639 673/580/1787 674/582/1639
f 661/567/1640 674/582/1788 675/583/1640
f 664/571/1642 662/568/1642 675/583/1642
f 663/570/1644 676/585/1789 678/587/1644
f 664/571/1646 677/586/1646 679/588/1646
f 665/572/1648 678/587/1648 680/589/1648
f 666/573/1649 679/588/1649 668/575/1650
f 667/574/1651 680/589/1651 670/577/1651
f 671/578/1652 670/577/1652 681/590/1652
f 669/576/1653 693/604/1653 683/592/1654
f 671/578/1655 682/591/1790 684/593/1655
f 673/580/1658 684/593/1791 685/595/1658
f 675/583/1659 674/582/1659 685/595/1659
f 677/586/1661 675/583/1661 686/596/1661
f 676/585/1662 687/598/1662 689/600/1662
f 677/586/1663 688/599/1663 690/601/1663
f 678/587/1664 689/600/1664 691/602/1665
f 668/575/1666 679/588/1666 690/601/1666
f 680/589/1667 691/602/1667 681/590/1667
f 668/575/1668 692/603/1668 693/604/1668
f 683/592/1670 693/604/1670 343/191/1670
f 682/591/1671 344/192/1671 350/198/1671
f 684/593/1674 350/198/1792 353/201/1674
f 685/595/1675 353/201/1675 354/202/1675
f 688/599/1677 686/596/1677 354/202/1677
f 687/598/1678 356/204/1678 362/210/1679
f 688/599/1680 359/207/1680 364/212/1680
f 689/600/1682 362/210/1793 366/214/1682
f 692/603/1683 690/601/1683 364/212/1683
f 691/602/1684 366/214/1684 368/216/1684
f 693/604/1685 692/603/1794 341/189/1685
f 682/591/1686 681/590/1795 368/216/1686
