# Blender 5.2.0 LTS
# www.blender.org
mtllib void katana handle.mtl
o Plane.001
v -0.143073 2.637046 -0.000000
v 0.170172 3.340620 -0.025616
v 0.187484 3.430461 -0.000000
v -0.179241 0.773585 -0.000000
v -0.122504 0.881411 -0.025616
v -0.193583 0.787231 -0.025616
v 0.101209 0.875478 0.025615
v 0.153646 0.765339 -0.000000
v 0.083660 0.865940 -0.000000
v -0.210495 0.749511 -0.025616
v -0.232701 0.654357 -0.000000
v 0.033370 2.108450 -0.000000
v -0.105631 0.871119 -0.000000
v -0.210495 0.749511 0.025615
v 0.101209 0.875478 -0.025616
v 0.170172 3.340620 0.025615
v -0.122504 0.881411 0.025615
v -0.193583 0.787231 0.025615
v 0.187150 0.733566 -0.025617
v -0.125439 2.631086 -0.025616
v 0.168517 0.778729 -0.025616
v -0.125439 2.631086 0.025615
v 0.187150 0.733566 0.025615
v 0.168517 0.778729 0.025615
v 0.041780 2.343801 -0.025616
v 0.205661 0.639268 -0.000001
v 0.041780 2.343801 0.025615
v 0.118657 0.206938 -0.032056
v 0.141830 0.230218 -0.000019
v 0.143800 0.180400 0.000859
v 0.135186 0.176174 -0.008477
v 0.140186 0.165376 0.000994
v 0.118675 0.207880 0.032830
v 0.135361 0.176329 0.010097
v 0.126764 0.172255 0.000948
v 0.094338 0.185065 0.000734
v 0.089170 0.238690 -0.045670
v 0.040256 0.218373 0.000322
v 0.059553 0.265428 -0.052234
v 0.059751 0.266911 0.051279
v 0.089256 0.240085 0.045721
v 0.079164 0.314712 -0.001136
v 0.009964 0.288080 -0.057602
v 0.025650 0.344678 -0.001576
v 0.108753 0.278809 -0.000647
v -0.036471 0.339831 -0.001382
v -0.042845 0.289074 -0.051614
v -0.003538 0.233346 0.000075
v -0.042388 0.239445 0.000130
v -0.077881 0.270839 -0.034761
v -0.071920 0.237298 0.000177
v -0.112060 0.241205 -0.000001
v -0.083895 0.305447 -0.000835
v -0.042590 0.290536 0.050290
v -0.077653 0.271768 0.033924
v 0.009971 0.289885 0.056262
v -0.213571 -0.206938 -0.032056
v -0.236744 -0.230218 -0.000019
v -0.238715 -0.180400 0.000859
v -0.230101 -0.176174 -0.008477
v -0.235101 -0.165376 0.000996
v -0.213590 -0.207880 0.032830
v -0.230276 -0.176329 0.010097
v -0.221679 -0.172255 0.000948
v -0.189253 -0.185065 0.000734
v -0.184084 -0.238690 -0.045670
v -0.135171 -0.218373 0.000322
v -0.154468 -0.265428 -0.052234
v -0.154666 -0.266911 0.051279
v -0.184171 -0.240085 0.045721
v -0.174079 -0.314712 -0.001136
v -0.104879 -0.288080 -0.057602
v -0.120565 -0.344678 -0.001576
v -0.203668 -0.278809 -0.000646
v -0.058445 -0.339831 -0.001382
v -0.052070 -0.289074 -0.051614
v -0.091377 -0.233346 0.000075
v -0.052527 -0.239445 0.000130
v -0.017034 -0.270839 -0.034761
v -0.022994 -0.237298 0.000177
v 0.017145 -0.241205 -0.000001
v -0.011021 -0.305447 -0.000835
v -0.052325 -0.290536 0.050290
v -0.017262 -0.271768 0.033925
v -0.104886 -0.289885 0.056262
v 0.239970 0.102007 0.057113
v 0.181946 0.129639 0.000073
v 0.187584 0.080920 -0.000486
v 0.214934 0.152964 0.041113
v 0.185365 0.183650 0.000476
v 0.200070 0.194374 0.019188
v 0.185610 0.227534 0.001007
v 0.240539 0.102827 -0.056981
v 0.215380 0.153874 -0.040174
v 0.200253 0.194742 -0.017545
v 0.265413 0.034408 -0.055712
v 0.214199 0.012632 -0.000955
v 0.271377 -0.009139 -0.046863
v 0.227245 -0.023537 -0.001141
v 0.247630 -0.051052 -0.001327
v 0.273708 -0.042140 -0.028398
v 0.270346 -0.078252 -0.001396
v 0.316426 0.055455 -0.000005
v 0.293130 0.123914 0.000545
v 0.215034 0.205609 0.000820
v 0.264783 0.033456 0.054988
v 0.315049 0.004675 -0.000480
v 0.270883 -0.009947 0.045335
v 0.299661 -0.033902 -0.000783
v 0.273454 -0.042813 0.026336
v 0.248071 0.177120 0.000737
v -0.334885 -0.102007 0.057113
v -0.276861 -0.129639 0.000073
v -0.282499 -0.080920 -0.000486
v -0.309849 -0.152964 0.041113
v -0.280280 -0.183650 0.000476
v -0.294985 -0.194374 0.019189
v -0.280525 -0.227534 0.001007
v -0.335455 -0.102827 -0.056981
v -0.310295 -0.153874 -0.040174
v -0.295168 -0.194742 -0.017545
v -0.360328 -0.034408 -0.055712
v -0.309114 -0.012632 -0.000955
v -0.366292 0.009139 -0.046862
v -0.322158 0.023537 -0.001141
v -0.342546 0.051052 -0.001327
v -0.368622 0.042140 -0.028398
v -0.365261 0.078252 -0.001396
v -0.411341 -0.055455 -0.000005
v -0.388045 -0.123914 0.000546
v -0.309949 -0.205609 0.000821
v -0.359698 -0.033456 0.054988
v -0.409962 -0.004675 -0.000480
v -0.365798 0.009947 0.045335
v -0.394576 0.033902 -0.000782
v -0.368369 0.042813 0.026336
v -0.342986 -0.177120 0.000737
v 0.048158 -2.637046 0.000000
v -0.265087 -3.340620 -0.025615
v -0.282399 -3.430461 0.000000
v 0.084325 -0.773585 0.000000
v 0.027589 -0.881411 -0.025615
v 0.098668 -0.787231 -0.025615
v -0.196124 -0.875478 0.025616
v -0.248562 -0.765339 0.000000
v -0.178573 -0.865940 0.000000
v 0.115580 -0.749511 -0.025615
v 0.137785 -0.654357 0.000000
v -0.128285 -2.108450 0.000000
v 0.010716 -0.871119 0.000000
v 0.115580 -0.749511 0.025616
v -0.196124 -0.875478 -0.025615
v -0.265087 -3.340620 0.025616
v 0.027589 -0.881411 0.025616
v 0.098668 -0.787231 0.025616
v -0.282065 -0.733566 -0.025617
v 0.030524 -2.631086 -0.025615
v -0.263431 -0.778729 -0.025615
v 0.030524 -2.631086 0.025616
v -0.282065 -0.733566 0.025616
v -0.263431 -0.778729 0.025616
v -0.136695 -2.343801 -0.025615
v -0.300576 -0.639268 -0.000001
v -0.136695 -2.343801 0.025616
v 0.103080 0.492419 0.077207
v 0.045186 0.494995 0.132127
v 0.055279 0.535241 0.147382
v 0.127615 0.618461 -0.086227
v 0.148340 0.618294 0.000378
v 0.131987 0.659516 -0.000388
v -0.182188 0.502662 -0.007672
v -0.198564 0.544095 -0.008358
v -0.177817 0.543717 0.078169
v 0.011199 1.250930 -0.024508
v 0.000537 1.251327 -0.027675
v -0.010150 0.958132 -0.038603
v 0.152821 0.574375 0.000843
v 0.126594 0.575860 0.089235
v 0.123020 0.619624 0.085706
v -0.159480 0.501544 -0.084188
v -0.136661 0.466037 -0.069070
v -0.089409 0.464000 -0.113896
v -0.040231 0.959496 0.010466
v -0.018945 1.252178 0.004115
v -0.011314 1.251888 0.012160
v 0.036277 0.459145 -0.110525
v -0.026131 0.461412 -0.129054
v -0.028074 0.435186 -0.092110
v -0.070432 0.420287 -0.027256
v -0.106241 0.438241 -0.049802
v -0.119348 0.439084 -0.005616
v 0.096213 0.457556 0.000086
v 0.058518 0.432288 -0.000847
v 0.045424 0.433136 0.043319
v -0.155125 0.467047 -0.006736
v -0.163612 0.502430 0.069926
v 0.045170 0.696547 -0.112153
v 0.090057 0.695181 -0.064781
v 0.044301 0.741650 -0.039455
v 0.047721 0.432409 -0.045550
v 0.009585 0.417387 -0.025215
v -0.157428 0.670856 0.068937
v -0.131583 0.704057 0.055386
v -0.086677 0.702682 0.102783
v -0.021556 1.252230 -0.006731
v -0.018357 1.252063 -0.017482
v 0.016097 1.670785 -0.007613
v -0.174632 0.630791 0.077707
v -0.102552 0.669025 0.126818
v -0.105388 0.626999 -0.155648
v -0.095413 0.667412 -0.140090
v -0.153286 0.669764 -0.085254
v -0.195383 0.631176 -0.008835
v -0.032315 0.498005 0.150555
v -0.031281 0.538664 0.168143
v -0.017888 0.664145 -0.158631
v -0.017332 0.698866 -0.130951
v 0.145181 0.531002 0.000773
v 0.119846 0.532517 0.086182
v -0.031241 0.413245 -0.003122
v -0.029865 0.418738 -0.049182
v -0.053028 0.419663 -0.043827
v 0.058547 0.661572 -0.135864
v 0.015121 0.417166 -0.001842
v 0.024773 0.846877 -0.026860
v 0.018134 0.957145 -0.021202
v 0.006321 0.957512 -0.033722
v -0.032795 0.463021 0.122345
v -0.095191 0.465275 0.103808
v -0.181560 0.587500 0.080753
v -0.020316 0.580059 -0.182137
v -0.109936 0.583480 -0.160667
v -0.108665 0.539844 -0.154958
v 0.010202 1.251101 0.012762
v 0.018310 1.250766 0.005024
v 0.081076 0.457805 -0.063289
v 0.125808 0.491089 0.000599
v 0.011958 0.434379 0.075129
v 0.030493 0.460625 0.107251
v 0.018853 1.250680 -0.016406
v 0.030239 0.846800 -0.003959
v 0.023579 0.847101 0.018532
v 0.017300 0.957287 0.011876
v -0.036815 0.849170 -0.045204
v -0.026816 0.958822 -0.034673
v -0.039306 0.959268 -0.022898
v 0.113417 0.659741 -0.077985
v 0.131355 0.574688 -0.088812
v 0.124427 0.531375 -0.085758
v 0.015219 0.743306 0.058533
v 0.009556 0.793814 0.044452
v 0.030738 0.792885 0.024282
v 0.109285 0.660621 0.076134
v -0.032891 0.436306 0.085931
v -0.076959 0.437806 0.072648
v -0.029879 0.582121 0.174083
v -0.028093 0.625801 0.167662
v 0.058465 0.622342 0.146902
v -0.021078 0.744654 0.067130
v -0.024120 0.700407 0.121365
v -0.146774 0.704283 -0.008142
v -0.128156 0.703310 -0.070864
v -0.080589 0.746323 -0.042715
v 0.052354 0.493153 -0.134868
v -0.010247 1.251756 -0.025127
v 0.059730 0.578680 0.152612
v -0.072825 0.436919 -0.081417
v -0.101600 0.498972 -0.139098
v -0.024104 0.495953 -0.157538
v -0.022108 0.536386 -0.175719
v 0.018632 0.742488 -0.066586
v -0.018913 0.623513 -0.176201
v -0.006954 0.417885 -0.042365
v 0.051402 0.663184 0.131057
v 0.039326 0.698009 0.106236
v 0.086724 0.695970 0.061267
v 0.032226 0.792588 -0.031919
v 0.052970 0.741571 -0.003041
v -0.071683 0.420625 0.018905
v -0.055233 0.420055 0.036289
v -0.032283 0.419201 0.043109
v -0.009001 0.418343 0.037496
v 0.107214 0.491528 -0.076920
v -0.026105 0.666223 0.149483
v -0.082514 0.746771 0.029438
v -0.080867 0.701224 -0.115595
v 0.068016 0.576930 -0.155863
v 0.063208 0.533292 -0.150390
v -0.170053 0.629662 -0.094235
v -0.176801 0.586323 -0.097287
v 0.077724 0.458580 0.062409
v 0.105247 0.694948 -0.001233
v -0.108767 0.500810 0.127879
v -0.139992 0.466826 0.056619
v -0.108657 0.438888 0.039249
v -0.060618 0.850209 -0.006401
v -0.053909 0.849814 -0.028996
v 0.042384 0.742094 0.032667
v -0.000695 1.251533 0.015347
v -0.012010 0.958507 0.027830
v 0.008296 0.417654 0.021221
v -0.016457 0.848718 0.040275
v -0.038938 0.849513 0.033529
v -0.028429 0.959005 0.022901
v -0.118240 0.585469 0.147875
v -0.015707 0.794257 -0.061327
v -0.043985 0.795426 -0.054587
v -0.053456 0.745261 -0.068511
v -0.113412 0.628908 0.142326
v -0.173226 0.542556 -0.093758
v 0.012198 0.793252 -0.053092
v 0.021443 1.250629 -0.005610
v 0.022146 0.957091 -0.004531
v -0.055128 0.850075 0.016526
v -0.018770 0.794878 0.051162
v 0.066367 0.620617 -0.150795
v -0.091213 0.746990 -0.006937
v 0.016015 0.433482 -0.078926
v -0.066639 0.796552 0.021778
v -0.073420 0.796734 -0.006592
v -0.017184 0.743772 -0.077146
v -0.044261 0.959552 -0.006262
v -0.116593 0.541765 0.142805
v -0.077300 0.420778 -0.004201
v -0.203025 0.587811 -0.008900
v -0.176006 0.671097 -0.008667
v 0.004766 0.957819 0.023863
v -0.013968 0.848232 -0.050644
v 0.006453 0.847841 0.034852
v 0.008584 0.847408 -0.043981
v -0.046595 0.795896 0.042808
v 0.038984 0.792502 -0.003557
v -0.065136 0.796231 -0.034503
v -0.056789 0.745982 0.056411
v 0.062106 -0.503124 -0.077207
v 0.004196 -0.500934 -0.132129
v 0.010950 -0.541874 -0.147382
v 0.076202 -0.630757 0.086227
v 0.096870 -0.632293 -0.000378
v 0.077185 -0.672031 0.000388
v -0.223038 -0.489891 0.007672
v -0.242763 -0.529837 0.008358
v -0.222055 -0.531166 -0.078170
v -0.091793 -1.251519 0.024508
v -0.102452 -1.251039 0.027675
v -0.089009 -0.957958 0.038603
v 0.104945 -0.588891 -0.000843
v 0.078685 -0.588215 -0.089235
v 0.071527 -0.631536 -0.085706
v -0.200315 -0.490643 0.084188
v -0.174655 -0.457130 0.069070
v -0.127395 -0.458982 0.113896
v -0.119100 -0.956845 -0.010467
v -0.121937 -1.250286 -0.004115
v -0.114308 -1.250624 -0.012161
v -0.001736 -0.464474 0.110525
v -0.064119 -0.461604 0.129053
v -0.063900 -0.435308 0.092109
v -0.104891 -0.416977 0.027256
v -0.142054 -0.431929 0.049802
v -0.155187 -0.431693 0.005616
v 0.058127 -0.467814 -0.000086
v 0.022636 -0.439534 0.000847
v 0.009518 -0.439304 -0.043320
v -0.193139 -0.456620 0.006736
v -0.204505 -0.491186 -0.069926
v -0.012380 -0.701804 0.112153
v 0.032465 -0.704130 0.064781
v -0.016954 -0.746682 0.039455
v 0.011866 -0.438767 0.045550
v -0.024907 -0.420662 0.025215
v -0.212183 -0.659550 -0.068937
v -0.189153 -0.694762 -0.055386
v -0.144286 -0.697083 -0.102783
v -0.124545 -1.250124 0.006731
v -0.121342 -1.250221 0.017482
v -0.121501 -1.670349 0.007790
v -0.226038 -0.618206 -0.077707
v -0.157341 -0.662235 -0.126818
v -0.156716 -0.620118 0.155648
v -0.150095 -0.661214 0.140090
v -0.207966 -0.658802 0.085254
v -0.246750 -0.616886 0.008835
v -0.073290 -0.497565 -0.150555
v -0.075601 -0.538172 -0.168143
v -0.072563 -0.664329 0.158631
v -0.074862 -0.698978 0.130951
v 0.100895 -0.545036 -0.000775
v 0.075521 -0.544464 -0.086183
v -0.065254 -0.413181 0.003122
v -0.064334 -0.418768 0.049182
v -0.087494 -0.417786 0.043827
v 0.003825 -0.668045 0.135864
v -0.019371 -0.420898 0.001842
v -0.045063 -0.849947 0.026859
v -0.060740 -0.959298 0.021202
v -0.072543 -0.958692 0.033722
v -0.070893 -0.462659 -0.122345
v -0.133263 -0.459780 -0.103808
v -0.229384 -0.574493 -0.080753
v -0.068074 -0.580328 0.182135
v -0.157672 -0.576373 0.160667
v -0.152819 -0.532990 0.154958
v -0.092801 -1.251607 -0.012762
v -0.084693 -1.251941 -0.005024
v 0.043021 -0.466819 0.063289
v 0.084869 -0.503666 -0.000599
v -0.023938 -0.437792 -0.075129
v -0.007623 -0.465472 -0.107251
v -0.084145 -1.251898 0.016406
v -0.039609 -0.850321 0.003957
v -0.046270 -0.850073 -0.018532
v -0.061582 -0.959370 -0.011877
v -0.106632 -0.847173 0.045204
v -0.105677 -0.957276 0.034673
v -0.118160 -0.956694 0.022898
v 0.058659 -0.670728 0.077985
v 0.083527 -0.587438 0.088812
v 0.080181 -0.543702 0.085757
v -0.046073 -0.745943 -0.058533
v -0.055867 -0.795814 -0.044452
v -0.034681 -0.796629 -0.024282
v 0.054470 -0.671267 -0.076134
v -0.068793 -0.436028 -0.085931
v -0.112836 -0.433900 -0.072649
v -0.077774 -0.581596 -0.174083
v -0.079583 -0.625275 -0.167662
v 0.006966 -0.628941 -0.146902
v -0.082359 -0.744303 -0.067130
v -0.081754 -0.699956 -0.121365
v -0.204312 -0.693740 0.008142
v -0.185677 -0.694300 0.070864
v -0.141806 -0.741077 0.042715
v 0.011493 -0.499687 0.134868
v -0.113235 -1.250581 0.025127
v 0.011815 -0.585531 -0.152612
v -0.108642 -0.433357 0.081417
v -0.142420 -0.492835 0.139098
v -0.064938 -0.496196 0.157538
v -0.066270 -0.536655 0.175719
v -0.042605 -0.745408 0.066584
v -0.070245 -0.623749 0.176199
v -0.041430 -0.419800 0.042364
v -0.003429 -0.669064 -0.131057
v -0.018325 -0.702780 -0.106236
v 0.029079 -0.704642 -0.061267
v -0.033173 -0.796456 0.031918
v -0.008308 -0.747315 0.003040
v -0.106166 -0.417211 -0.018905
v -0.089723 -0.417996 -0.036289
v -0.066781 -0.419030 -0.043109
v -0.043508 -0.420088 -0.037496
v 0.066300 -0.502575 0.076920
v -0.080923 -0.665724 -0.149483
v -0.143761 -0.741365 -0.029438
v -0.138377 -0.696106 0.115595
v 0.020216 -0.584469 0.155862
v 0.019011 -0.540582 0.150390
v -0.221381 -0.617459 0.094235
v -0.224543 -0.573711 0.097287
v 0.039617 -0.467317 -0.062409
v 0.047624 -0.705146 0.001233
v -0.149713 -0.494078 -0.127879
v -0.178039 -0.457644 -0.056619
v -0.144516 -0.432375 -0.039249
v -0.130438 -0.846253 0.006400
v -0.123719 -0.846408 0.028996
v -0.018900 -0.746966 -0.032667
v -0.103697 -1.251142 -0.015347
v -0.090895 -0.958179 -0.027830
v -0.026213 -0.420822 -0.021221
v -0.086305 -0.848396 -0.040275
v -0.108775 -0.847340 -0.033529
v -0.107299 -0.957325 -0.022901
v -0.166111 -0.577672 -0.147875
v -0.081082 -0.794180 0.061327
v -0.109359 -0.793020 0.054587
v -0.114677 -0.742248 0.068510
v -0.164868 -0.621362 -0.142326
v -0.217385 -0.530386 0.093758
v -0.053188 -0.795472 0.053091
v -0.081558 -1.252061 0.005610
v -0.056738 -0.959573 0.004531
v -0.124957 -0.846570 -0.016526
v -0.084185 -0.794548 -0.051162
v 0.014984 -0.627871 0.150795
v -0.152447 -0.740868 0.006936
v -0.019821 -0.437231 0.078926
v -0.132030 -0.792281 -0.021778
v -0.138803 -0.791906 0.006591
v -0.078405 -0.743744 0.077146
v -0.123122 -0.956569 0.006262
v -0.160879 -0.534252 -0.142805
v -0.111777 -0.416903 0.004201
v -0.250801 -0.573039 0.008900
v -0.230718 -0.658264 0.008667
v -0.074117 -0.958870 -0.023864
v -0.083783 -0.848114 0.050642
v -0.063400 -0.849404 -0.034852
v -0.061240 -0.849148 0.043981
v -0.111999 -0.793274 -0.042808
v -0.026431 -0.796926 0.003557
v -0.130506 -0.792085 0.034503
v -0.118058 -0.742692 -0.056411
v -0.157752 0.004832 -0.060238
v -0.168373 0.005313 -0.034176
v -0.168672 -0.007294 -0.032719
v -0.013486 -0.001560 -0.121079
v -0.014107 -0.027693 -0.118058
v 0.012019 -0.025387 -0.107865
v -0.172937 0.005528 -0.006397
v -0.173091 -0.000953 -0.005648
v -0.041226 -0.000340 -0.125610
v -0.041899 -0.028614 -0.122340
v -0.171191 0.005466 0.021839
v -0.069278 0.000898 -0.123854
v -0.069967 -0.028101 -0.120500
v -0.096237 0.002091 -0.115901
v -0.096909 -0.026183 -0.112631
v 0.068267 -0.005127 -0.048969
v 0.068113 -0.011609 -0.048220
v 0.076276 -0.005466 -0.021839
v -0.120757 0.003179 -0.102146
v -0.121378 -0.022955 -0.099124
v 0.054486 -0.004532 -0.073511
v 0.054185 -0.017139 -0.072053
v -0.141610 0.004108 -0.083278
v -0.142150 -0.018576 -0.080655
v 0.035599 -0.003710 -0.094364
v 0.035169 -0.021810 -0.092271
v -0.158181 -0.013268 -0.058144
v 0.012558 -0.002703 -0.110488
v -0.172975 -0.007096 -0.003447
v -0.041387 -0.055410 -0.112737
v -0.069442 -0.055585 -0.110651
v -0.096398 -0.052980 -0.103028
v 0.068231 -0.017753 -0.046019
v -0.120906 -0.047722 -0.090248
v 0.054414 -0.029088 -0.067771
v -0.141739 -0.040075 -0.072950
v 0.035496 -0.038963 -0.086123
v -0.157854 -0.030422 -0.051997
v 0.012428 -0.046886 -0.100160
v -0.168444 -0.019242 -0.028437
v -0.013635 -0.052461 -0.109182
v -0.039720 -0.079285 -0.097318
v -0.012093 -0.074529 -0.094929
v -0.172592 -0.012570 0.000088
v -0.067733 -0.080074 -0.094835
v -0.094731 -0.076855 -0.087608
v 0.068613 -0.023225 -0.042484
v -0.119364 -0.069790 -0.075996
v 0.055157 -0.039733 -0.060896
v -0.140402 -0.059230 -0.060579
v 0.036563 -0.054247 -0.076253
v -0.156788 -0.045706 -0.042126
v 0.013766 -0.066042 -0.087789
v -0.167701 -0.029888 -0.021561
v -0.171965 -0.017079 0.004766
v -0.064930 -0.100245 -0.073909
v -0.091999 -0.096521 -0.067205
v 0.069239 -0.027734 -0.037806
v -0.116839 -0.087967 -0.057137
v 0.056375 -0.048502 -0.051797
v -0.138210 -0.075009 -0.044208
v 0.038313 -0.066836 -0.063192
v -0.155039 -0.058294 -0.029065
v 0.015958 -0.081820 -0.071418
v -0.166483 -0.038656 -0.012463
v -0.009569 -0.092706 -0.076071
v -0.036989 -0.098951 -0.076914
v -0.061186 -0.115012 -0.048997
v -0.088347 -0.110919 -0.042916
v 0.070077 -0.031035 -0.032238
v -0.113465 -0.101274 -0.034688
v 0.058004 -0.054922 -0.040967
v -0.135280 -0.086561 -0.024722
v 0.040649 -0.076053 -0.047643
v -0.152701 -0.067510 -0.013517
v 0.018887 -0.093371 -0.051932
v -0.164854 -0.045076 -0.001634
v -0.006194 -0.106014 -0.053620
v -0.171129 -0.020379 0.010334
v -0.033337 -0.113349 -0.052626
v -0.083975 -0.119271 -0.016052
v 0.071079 -0.032949 -0.026079
v -0.109423 -0.108995 -0.009857
v 0.059953 -0.058645 -0.028989
v -0.131772 -0.093262 -0.003168
v 0.043449 -0.081399 -0.030446
v -0.149903 -0.072858 0.003679
v 0.022395 -0.100073 -0.030379
v -0.162906 -0.048800 0.010345
v -0.002152 -0.113734 -0.028791
v -0.170127 -0.022294 0.016493
v -0.028965 -0.121701 -0.025761
v -0.056701 -0.123578 -0.021443
v 0.072193 -0.033375 -0.019662
v -0.104932 -0.110710 0.016014
v 0.062119 -0.059474 -0.016508
v -0.127874 -0.094751 0.019289
v 0.046559 -0.082588 -0.012528
v -0.146792 -0.074045 0.021599
v 0.026293 -0.101563 -0.007921
v -0.160739 -0.049629 0.022826
v 0.002339 -0.115450 -0.002919
v -0.169012 -0.022720 0.022910
v -0.024107 -0.123558 0.002230
v -0.051719 -0.125482 0.007267
v -0.079117 -0.121127 0.011939
v -0.100236 -0.106331 0.041533
v 0.064386 -0.057360 -0.004197
v -0.123797 -0.090949 0.041440
v 0.049812 -0.079554 0.005146
v -0.143538 -0.071013 0.039272
v 0.030371 -0.097761 0.014230
v -0.158472 -0.047515 0.035136
v 0.007035 -0.111069 0.022601
v -0.167847 -0.021633 0.029239
v -0.019025 -0.118819 0.029838
v -0.046505 -0.120622 0.035584
v -0.074035 -0.116389 0.039548
v 0.073358 -0.032290 -0.013333
v 0.066628 -0.052421 0.007279
v -0.119760 -0.082060 0.062091
v -0.095584 -0.096091 0.065323
v 0.053033 -0.072462 0.021623
v -0.140318 -0.063921 0.055748
v 0.034408 -0.088872 0.034880
v -0.156229 -0.042576 0.046613
v 0.011688 -0.100830 0.046391
v -0.166694 -0.019093 0.035140
v -0.013992 -0.107740 0.055578
v -0.041344 -0.109259 0.061984
v -0.069003 -0.105310 0.065287
v 0.074512 -0.029750 -0.007432
v -0.115979 -0.068564 0.080127
v -0.091229 -0.080542 0.086103
v 0.056049 -0.061693 0.036013
v -0.137301 -0.053152 0.070139
v 0.038188 -0.075376 0.052917
v -0.154128 -0.035076 0.056638
v 0.016042 -0.085282 0.067169
v -0.165613 -0.015237 0.040294
v -0.009281 -0.090919 0.078058
v -0.036512 -0.092005 0.085041
v -0.064291 -0.088489 0.087767
v 0.075592 -0.025894 -0.002278
v 0.068730 -0.044920 0.017303
v -0.134654 -0.039288 0.081670
v 0.041506 -0.057999 0.067368
v -0.152284 -0.025418 0.064667
v 0.019864 -0.065264 0.083816
v -0.164666 -0.010272 0.044423
v -0.005145 -0.069260 0.096070
v -0.032271 -0.069792 0.103515
v -0.060155 -0.066831 0.105779
v 0.076540 -0.020928 0.001851
v -0.087407 -0.060524 0.102750
v 0.070573 -0.035264 0.025334
v -0.112661 -0.051188 0.094578
v 0.058696 -0.047830 0.047543
v 0.044183 -0.037680 0.077452
v 0.060833 -0.031617 0.055590
v -0.150796 -0.014125 0.070272
v -0.132518 -0.023076 0.089716
v 0.022948 -0.041854 0.095436
v -0.163900 -0.004467 0.047305
v -0.001808 -0.043935 0.108640
v -0.028848 -0.043817 0.116406
v -0.056818 -0.041504 0.118349
v 0.077305 -0.015122 0.004733
v -0.084322 -0.037116 0.114368
v 0.072062 -0.023970 0.030939
v -0.109984 -0.030869 0.104663
v -0.149743 -0.001806 0.073150
v -0.131008 -0.005389 0.093845
v 0.025129 -0.016318 0.101398
v -0.163359 0.001868 0.048785
v 0.000551 -0.016306 0.115091
v -0.026428 -0.015478 0.123025
v -0.054459 -0.013876 0.124800
v 0.077846 -0.008788 0.006212
v -0.082142 -0.011579 0.120331
v 0.073114 -0.011651 0.033816
v -0.108091 -0.008702 0.109839
v 0.062343 -0.013930 0.059719
v 0.046077 -0.015512 0.082629
v 0.026288 0.009972 0.101384
v -0.163072 0.008389 0.048781
v 0.001806 0.012136 0.115077
v -0.025142 0.013694 0.123010
v -0.053205 0.014566 0.124786
v 0.078133 -0.002267 0.006209
v -0.080982 0.014710 0.120318
v 0.073673 0.001031 0.033810
v -0.107085 0.014117 0.109827
v 0.063146 0.004276 0.059711
v -0.130205 0.012817 0.093836
v 0.047083 0.007307 0.082617
v -0.149185 0.010875 0.073143
v -0.163053 0.014744 0.047295
v 0.001886 0.039859 0.108597
v -0.025058 0.042129 0.116362
v -0.053124 0.042289 0.118306
v 0.078152 0.004089 0.004723
v -0.080908 0.040334 0.114328
v 0.073709 0.013392 0.030920
v -0.107020 0.036359 0.104628
v 0.063198 0.022022 0.055562
v -0.130154 0.030564 0.089688
v 0.047147 0.029549 0.077418
v -0.149148 0.023236 0.070254
v 0.026364 0.035595 0.095395
v -0.163305 0.020592 0.044407
v -0.026183 0.068291 0.103443
v 0.000790 0.065367 0.096000
v -0.054221 0.067797 0.105709
v 0.077900 0.009936 0.001835
v -0.081921 0.063912 0.102686
v 0.073220 0.024766 0.025303
v -0.107899 0.056825 0.094522
v 0.062495 0.038352 0.047499
v -0.130855 0.046893 0.081624
v 0.046268 0.050014 0.067312
v -0.149637 0.034611 0.064637
v 0.025350 0.059172 0.083753
v -0.028455 0.090773 0.084947
v -0.001425 0.087287 0.077966
v -0.056436 0.089717 0.087676
v 0.077392 0.014961 -0.002300
v -0.083968 0.084171 0.086017
v 0.072232 0.034540 0.017262
v -0.109677 0.074412 0.080053
v 0.061078 0.052382 0.035954
v -0.132273 0.060925 0.070080
v 0.044491 0.067600 0.052843
v -0.150625 0.044384 0.056596
v 0.023303 0.079432 0.067085
v -0.163813 0.025617 0.040274
v -0.059649 0.106864 0.065178
v 0.076656 0.018894 -0.007456
v -0.086938 0.100021 0.065222
v 0.070799 0.042185 0.007230
v -0.112255 0.088169 0.062003
v 0.059021 0.063360 0.021552
v -0.134330 0.071901 0.055679
v 0.041913 0.081359 0.034793
v -0.152058 0.052031 0.046565
v 0.020333 0.095282 0.046289
v -0.164549 0.029549 0.035116
v -0.004638 0.104435 0.055468
v -0.031750 0.108362 0.061871
v -0.063687 0.118317 0.039427
v -0.035893 0.120106 0.035460
v 0.075730 0.021518 -0.013361
v -0.090671 0.110606 0.041421
v 0.068999 0.047291 -0.004252
v -0.115495 0.097358 0.041343
v 0.056436 0.070691 0.005068
v -0.136915 0.079233 0.039195
v 0.038673 0.090546 0.014133
v -0.153859 0.057137 0.035082
v 0.016600 0.105866 0.022488
v -0.165476 0.032175 0.029212
v -0.008677 0.115887 0.029717
v -0.094967 0.115355 0.015898
v -0.068334 0.123456 0.011813
v 0.066927 0.049583 -0.016565
v -0.119223 0.101480 0.019188
v 0.053461 0.073981 -0.012609
v -0.139889 0.082522 0.021518
v 0.034944 0.094670 -0.008022
v -0.155931 0.059429 0.022770
v 0.012304 0.110617 -0.003035
v -0.166541 0.033352 0.022881
v -0.013324 0.121026 0.002104
v -0.040659 0.125378 0.007136
v 0.074665 0.022697 -0.019691
v 0.064695 0.048937 -0.029045
v -0.123238 0.100317 -0.003267
v 0.050257 0.073052 -0.030526
v -0.143093 0.081594 0.003600
v 0.030930 0.093506 -0.030479
v -0.158162 0.058781 0.010289
v 0.007680 0.109276 -0.028906
v -0.167688 0.033020 0.016465
v -0.018329 0.119575 -0.025886
v -0.045792 0.123890 -0.021571
v -0.073339 0.122005 -0.016177
v 0.073517 0.022363 -0.026108
v -0.099591 0.114015 -0.009973
v -0.127323 0.093927 -0.024814
v 0.046998 0.067955 -0.047717
v -0.146352 0.076497 -0.013592
v 0.026844 0.087117 -0.052026
v -0.160433 0.055231 -0.001686
v 0.002973 0.101916 -0.053728
v -0.168854 0.031194 0.010308
v -0.023420 0.111613 -0.052741
v -0.051014 0.115723 -0.049116
v -0.078430 0.114042 -0.043032
v 0.072350 0.020539 -0.032264
v -0.104298 0.106655 -0.034795
v 0.062425 0.045386 -0.041019
v 0.043858 0.058964 -0.063256
v -0.149492 0.067505 -0.029129
v 0.022909 0.075848 -0.071501
v -0.162619 0.048968 -0.012509
v -0.001560 0.088934 -0.076164
v -0.169979 0.027975 0.004743
v -0.028325 0.097567 -0.077015
v -0.056045 0.101317 -0.074013
v -0.083335 0.099997 -0.067306
v 0.071225 0.017318 -0.037829
v -0.108832 0.093673 -0.057232
v 0.060239 0.039123 -0.051843
v -0.131258 0.082659 -0.044291
v -0.152344 0.055105 -0.042179
v 0.019336 0.060307 -0.087855
v -0.164605 0.040332 -0.021598
v -0.005677 0.071029 -0.095005
v -0.171000 0.023533 0.000069
v -0.032778 0.078197 -0.097399
v -0.060613 0.081450 -0.094919
v -0.087789 0.080627 -0.087690
v 0.070204 0.012878 -0.042503
v -0.112948 0.075769 -0.076071
v 0.058253 0.030486 -0.060931
v -0.134831 0.067117 -0.060644
v 0.041008 0.046564 -0.076305
v -0.166283 0.029785 -0.028462
v -0.154751 0.039965 -0.052033
v -0.009154 0.049169 -0.109233
v 0.016317 0.041331 -0.100206
v -0.171863 0.018111 -0.003460
v -0.036540 0.054544 -0.112794
v -0.064472 0.057191 -0.110709
v -0.091550 0.056975 -0.103084
v 0.069343 0.007455 -0.046032
v -0.116425 0.053907 -0.090301
v 0.056575 0.019940 -0.067796
v -0.137850 0.048142 -0.072995
v 0.038600 0.031424 -0.086160
v -0.011804 0.024529 -0.118084
v 0.014018 0.019944 -0.107888
v -0.172520 0.012000 -0.005654
v -0.039408 0.027887 -0.122369
v -0.067412 0.029848 -0.120531
v -0.094419 0.030317 -0.112660
v 0.068684 0.001344 -0.048228
v -0.119075 0.029268 -0.099152
v 0.055296 0.008054 -0.072065
v -0.140151 0.026754 -0.080678
v 0.036764 0.014359 -0.092289
v -0.156587 0.022900 -0.058163
v -0.167562 0.017899 -0.032732
vn -0.7474 0.3114 -0.5869
vn 0.6331 -0.4778 -0.6090
vn -0.6488 -0.4514 0.6126
vn 0.7374 -0.3306 -0.5890
vn 0.8143 -0.0915 -0.5731
vn 0.7374 -0.3306 0.5890
vn -0.6488 -0.4514 -0.6126
vn -0.7473 0.3114 0.5870
vn 0.6331 -0.4778 0.6090
vn 0.8143 -0.0915 0.5732
vn 0.8197 0.0053 -0.5727
vn -0.8191 0.0370 -0.5725
vn -0.8187 -0.0331 -0.5732
vn -0.7445 -0.3071 -0.5928
vn -0.8191 0.0370 0.5725
vn 0.8197 0.0053 0.5727
vn -0.8187 -0.0331 0.5732
vn -0.7445 -0.3072 0.5928
vn -0.0000 -0.0000 -1.0000
vn -0.0000 -0.0000 1.0000
vn -0.7474 0.3114 0.5869
vn -0.7445 -0.3072 -0.5927
vn -0.8187 -0.0331 0.5733
vn -0.0001 -0.0000 -1.0000
vn 0.8027 0.0212 -0.5960
vn 0.8892 0.2495 0.3835
vn 0.9992 0.0395 0.0004
vn 0.5576 -0.3355 -0.7593
vn 0.9837 -0.1801 0.0036
vn 0.6838 -0.6312 -0.3660
vn 0.4093 -0.1005 0.9069
vn 0.5584 -0.3040 0.7719
vn -0.3586 -0.7039 -0.6131
vn -0.2960 -0.7589 -0.5800
vn -0.2990 -0.6765 -0.6730
vn -0.3608 -0.6299 -0.6878
vn 0.4956 0.0898 -0.8639
vn 0.1958 -0.1816 -0.9637
vn -0.3803 -0.6259 -0.6809
vn 0.1633 -0.0609 -0.9847
vn -0.3956 -0.6073 -0.6890
vn 0.0810 -0.1521 -0.9850
vn 0.0760 -0.1237 0.9894
vn -0.3974 -0.5837 0.7081
vn 0.1613 -0.0270 0.9865
vn -0.3789 -0.6065 0.6990
vn 0.5010 0.1142 0.8579
vn -0.3589 -0.6105 0.7061
vn -0.2980 -0.6567 0.6928
vn -0.1031 -0.6168 0.7803
vn -0.2956 -0.7381 0.6065
vn -0.3533 -0.6851 0.6371
vn 0.3526 0.6022 -0.7162
vn 0.1520 0.1048 -0.9828
vn 0.0004 -0.2299 -0.9732
vn 0.3471 0.6094 -0.7128
vn 0.6382 0.3805 -0.6693
vn 0.5874 0.3907 -0.7088
vn -0.1025 0.1096 -0.9887
vn -0.0656 0.7066 -0.7046
vn -0.0576 0.7104 -0.7015
vn 0.7527 -0.0949 -0.6515
vn -0.1087 0.1474 -0.9831
vn -0.2303 -0.6814 -0.6947
vn -0.2292 -0.6819 -0.6946
vn -0.2276 -0.6776 -0.6993
vn -0.2334 -0.6774 -0.6976
vn -0.0924 -0.7114 -0.6967
vn -0.1136 -0.7175 -0.6872
vn 0.0436 -0.7196 -0.6931
vn -0.3869 -0.1075 -0.9158
vn -0.3312 -0.2131 -0.9192
vn 0.0469 -0.7201 -0.6923
vn 0.0496 -0.7228 -0.6893
vn 0.0510 -0.7161 -0.6961
vn -0.6975 -0.0350 -0.7157
vn -0.0676 -0.7255 -0.6849
vn -0.5057 -0.3445 -0.7909
vn -0.4766 0.6479 -0.5942
vn -0.5746 0.5198 -0.6321
vn -0.7993 0.3440 -0.4927
vn -0.4749 0.6642 0.5774
vn -0.5751 0.5335 0.6202
vn -0.3856 -0.0927 0.9180
vn -0.3314 -0.1872 0.9247
vn -0.7971 0.3558 0.4879
vn -0.5071 -0.3182 0.8010
vn -0.6949 -0.0157 0.7189
vn 0.5767 0.4661 -0.6709
vn 0.5739 0.4713 -0.6696
vn 0.5735 0.4931 0.6542
vn 0.6415 0.3990 0.6552
vn 0.5773 0.4860 0.6562
vn 0.5735 0.4930 0.6542
vn 0.5778 0.4851 0.6564
vn 0.3564 0.6209 0.6982
vn 0.0044 -0.2028 0.9792
vn 0.1607 0.1320 0.9781
vn 0.3480 0.6317 0.6927
vn -0.0550 0.7323 0.6788
vn -0.1134 -0.1508 0.9820
vn -0.0688 0.7259 0.6844
vn -0.1091 0.1736 0.9788
vn -0.2298 -0.6588 0.7164
vn -0.2293 -0.6573 0.7179
vn -0.2295 -0.6594 0.7159
vn -0.2314 -0.6577 0.7169
vn -0.0900 -0.6911 0.7171
vn -0.1084 -0.6967 0.7092
vn 0.0429 -0.6999 0.7130
vn 0.0522 -0.7022 0.7101
vn 0.0493 -0.6945 0.7178
vn 0.0516 -0.6942 0.7179
vn -0.0716 -0.7038 0.7067
vn -0.7946 0.0003 -0.6072
vn -0.8027 -0.0213 -0.5960
vn -0.7805 0.0348 -0.6242
vn -0.7629 0.1891 -0.6183
vn -0.9295 0.1274 0.3460
vn -0.6873 0.6225 0.3744
vn -0.4353 0.0992 0.8948
vn -0.8813 -0.4332 0.1889
vn -0.5570 0.3155 0.7682
vn 0.3586 0.7039 -0.6131
vn 0.2960 0.7589 -0.5800
vn 0.2990 0.6765 -0.6730
vn 0.3608 0.6299 -0.6878
vn -0.4956 -0.0898 -0.8639
vn 0.0008 0.3947 -0.9188
vn 0.3803 0.6259 -0.6809
vn -0.1633 0.0609 -0.9847
vn 0.3956 0.6073 -0.6890
vn -0.0810 0.1521 -0.9850
vn -0.0760 0.1238 0.9894
vn 0.3974 0.5837 0.7081
vn -0.1613 0.0270 0.9865
vn 0.3789 0.6065 0.6990
vn -0.5010 -0.1142 0.8579
vn 0.3589 0.6105 0.7061
vn 0.2980 0.6567 0.6928
vn 0.2956 0.7381 0.6065
vn 0.3534 0.6850 0.6371
vn -0.3526 -0.6022 -0.7162
vn -0.1520 -0.1048 -0.9828
vn -0.0004 0.2298 -0.9732
vn -0.3471 -0.6094 -0.7128
vn -0.5874 -0.3907 -0.7088
vn -0.8146 -0.5177 0.2615
vn 0.0580 -0.7101 -0.7017
vn 0.0656 -0.7066 -0.7046
vn 0.0576 -0.7104 -0.7015
vn -0.7527 0.0949 -0.6515
vn 0.1082 0.1822 -0.9773
vn 0.1087 -0.1474 -0.9831
vn 0.2301 0.6815 -0.6947
vn 0.2292 0.6819 -0.6946
vn 0.2276 0.6776 -0.6993
vn 0.2332 0.6774 -0.6976
vn 0.0924 0.7114 -0.6967
vn 0.1136 0.7175 -0.6872
vn -0.0436 0.7196 -0.6930
vn 0.3869 0.1075 -0.9158
vn 0.3312 0.2131 -0.9192
vn -0.0469 0.7201 -0.6923
vn -0.0496 0.7228 -0.6893
vn -0.0510 0.7161 -0.6961
vn 0.6975 0.0350 -0.7157
vn 0.0676 0.7255 -0.6849
vn 0.5057 0.3445 -0.7909
vn 0.4766 -0.6479 -0.5942
vn 0.5746 -0.5198 -0.6321
vn 0.7993 -0.3441 -0.4926
vn 0.4749 -0.6642 0.5774
vn 0.5751 -0.5335 0.6202
vn 0.3856 0.0926 0.9180
vn 0.3314 0.1872 0.9247
vn 0.7971 -0.3558 0.4879
vn 0.5071 0.3182 0.8010
vn 0.6949 0.0156 0.7189
vn -0.5767 -0.4661 -0.6709
vn -0.5740 -0.4713 -0.6696
vn -0.6863 -0.3686 -0.6270
vn -0.5735 -0.4930 0.6542
vn -0.5772 -0.4861 0.6561
vn -0.5735 -0.4931 0.6542
vn -0.5778 -0.4851 0.6564
vn -0.3564 -0.6209 0.6982
vn -0.0044 0.2028 0.9792
vn -0.1607 -0.1320 0.9781
vn -0.3480 -0.6317 0.6927
vn 0.0550 -0.7323 0.6788
vn 0.1134 0.1508 0.9820
vn 0.0688 -0.7259 0.6844
vn 0.1091 -0.1736 0.9788
vn 0.2299 0.6586 0.7165
vn 0.2293 0.6572 0.7179
vn 0.2295 0.6594 0.7159
vn 0.2314 0.6578 0.7167
vn 0.0900 0.6911 0.7171
vn 0.1084 0.6967 0.7092
vn -0.0426 0.6998 0.7130
vn -0.0521 0.7022 0.7101
vn -0.0493 0.6945 0.7178
vn -0.0516 0.6943 0.7179
vn 0.0716 0.7038 0.7067
vn -0.7199 -0.0912 0.6881
vn -0.7282 -0.1476 0.6693
vn -0.7948 0.0365 0.6058
vn -0.7953 0.0352 0.6052
vn -0.7911 0.0455 0.6100
vn -0.7954 0.0349 0.6051
vn -0.7854 -0.0031 0.6190
vn -0.7130 -0.0745 -0.6972
vn -0.7219 -0.1321 -0.6793
vn -0.7839 0.0542 -0.6185
vn -0.7845 0.0528 -0.6179
vn -0.7850 0.0516 -0.6174
vn -0.7852 0.0511 -0.6172
vn -0.7745 0.0120 -0.6325
vn -0.6555 -0.2511 -0.7123
vn -0.6554 -0.2510 -0.7123
vn -0.6556 -0.2515 -0.7120
vn -0.6553 -0.2505 -0.7126
vn -0.6614 -0.2352 -0.7122
vn -0.6614 -0.2350 -0.7123
vn -0.6614 -0.2353 -0.7122
vn -0.6614 -0.2349 -0.7123
vn -0.5779 -0.4277 -0.6950
vn -0.5762 -0.4292 -0.6955
vn -0.5805 -0.4254 -0.6943
vn -0.5753 -0.4300 -0.6958
vn -0.5570 -0.4634 -0.6892
vn 0.6724 0.2316 -0.7030
vn 0.6727 0.2330 -0.7023
vn 0.6731 0.2347 -0.7014
vn 0.6724 0.2314 -0.7031
vn 0.4295 0.5823 -0.6903
vn 0.7339 -0.0263 0.6787
vn 0.7270 -0.0501 0.6848
vn 0.7333 -0.2967 0.6117
vn 0.7336 -0.2963 0.6116
vn 0.7330 -0.2972 0.6118
vn 0.7336 -0.2962 0.6116
vn 0.7059 -0.4739 0.5265
vn 0.7400 -0.0138 -0.6725
vn 0.7331 -0.0376 -0.6791
vn 0.7387 -0.2893 -0.6089
vn 0.7388 -0.2890 -0.6088
vn 0.7384 -0.2898 -0.6089
vn 0.7392 -0.2884 -0.6087
vn 0.7108 -0.4625 -0.5300
vn -0.6644 -0.2630 0.6996
vn -0.6646 -0.2638 0.6991
vn -0.6644 -0.2629 0.6996
vn -0.6642 -0.2621 0.7001
vn -0.6702 -0.2490 0.6992
vn -0.6700 -0.2460 0.7004
vn -0.6702 -0.2496 0.6989
vn -0.6699 -0.2452 0.7007
vn -0.5875 -0.4392 0.6797
vn -0.5871 -0.4396 0.6798
vn -0.5873 -0.4393 0.6797
vn -0.5879 -0.4388 0.6795
vn -0.5677 -0.4759 0.6717
vn 0.6663 0.2200 0.7125
vn 0.6660 0.2190 0.7131
vn 0.6663 0.2201 0.7125
vn 0.6665 0.2211 0.7120
vn 0.5495 0.4628 0.6956
vn 0.5175 0.4773 0.7102
vn 0.4638 0.5361 0.7053
vn 0.4640 0.5388 0.7031
vn 0.4638 0.5358 0.7056
vn 0.4299 0.5709 0.6994
vn 0.5565 0.4738 -0.6825
vn 0.5251 0.4883 -0.6970
vn 0.4671 0.5449 -0.6963
vn 0.4675 0.5543 -0.6886
vn 0.4670 0.5442 -0.6970
vn 0.4670 0.5436 -0.6975
vn 0.7199 0.0912 0.6881
vn 0.7282 0.1476 0.6693
vn 0.7948 -0.0364 0.6058
vn 0.7953 -0.0351 0.6052
vn 0.7911 -0.0455 0.6100
vn 0.7954 -0.0348 0.6051
vn 0.7854 0.0031 0.6190
vn 0.7130 0.0745 -0.6972
vn 0.7219 0.1322 -0.6793
vn 0.7839 -0.0542 -0.6185
vn 0.7845 -0.0528 -0.6179
vn 0.7850 -0.0516 -0.6174
vn 0.7852 -0.0511 -0.6172
vn 0.7745 -0.0120 -0.6325
vn 0.6555 0.2511 -0.7123
vn 0.6554 0.2510 -0.7123
vn 0.6556 0.2515 -0.7120
vn 0.6553 0.2505 -0.7126
vn 0.6614 0.2352 -0.7122
vn 0.6614 0.2350 -0.7123
vn 0.6614 0.2353 -0.7122
vn 0.6614 0.2348 -0.7124
vn 0.5779 0.4277 -0.6950
vn 0.5762 0.4292 -0.6955
vn 0.5805 0.4254 -0.6943
vn 0.5754 0.4299 -0.6958
vn 0.5570 0.4634 -0.6891
vn -0.6724 -0.2314 -0.7031
vn -0.6727 -0.2330 -0.7023
vn -0.6731 -0.2347 -0.7013
vn -0.4295 -0.5823 -0.6902
vn -0.7339 0.0263 0.6787
vn -0.7270 0.0501 0.6848
vn -0.7333 0.2967 0.6117
vn -0.7336 0.2963 0.6116
vn -0.7331 0.2972 0.6118
vn -0.7336 0.2962 0.6116
vn -0.7059 0.4739 0.5265
vn -0.7400 0.0138 -0.6724
vn -0.7331 0.0376 -0.6791
vn -0.7391 0.2885 -0.6087
vn -0.7388 0.2890 -0.6088
vn -0.7384 0.2897 -0.6089
vn -0.7392 0.2884 -0.6087
vn -0.7108 0.4625 -0.5300
vn 0.6644 0.2630 0.6996
vn 0.6646 0.2638 0.6991
vn 0.6644 0.2629 0.6996
vn 0.6642 0.2621 0.7001
vn 0.6702 0.2491 0.6992
vn 0.6700 0.2458 0.7005
vn 0.6702 0.2496 0.6989
vn 0.6699 0.2452 0.7008
vn 0.5875 0.4392 0.6797
vn 0.5871 0.4396 0.6798
vn 0.5876 0.4391 0.6797
vn 0.5879 0.4388 0.6795
vn 0.5678 0.4758 0.6717
vn -0.6663 -0.2200 0.7125
vn -0.6660 -0.2190 0.7131
vn -0.6663 -0.2201 0.7125
vn -0.6665 -0.2211 0.7120
vn -0.5495 -0.4628 0.6956
vn -0.5175 -0.4773 0.7102
vn -0.4638 -0.5364 0.7051
vn -0.4638 -0.5359 0.7054
vn -0.4640 -0.5388 0.7031
vn -0.4638 -0.5358 0.7056
vn -0.4299 -0.5710 0.6994
vn -0.5566 -0.4738 -0.6825
vn -0.5251 -0.4883 -0.6970
vn -0.4671 -0.5450 -0.6963
vn -0.4675 -0.5543 -0.6886
vn -0.4670 -0.5442 -0.6970
vn -0.4670 -0.5436 -0.6975
vn 0.7473 -0.3114 -0.5870
vn -0.6331 0.4778 -0.6090
vn 0.6488 0.4514 0.6126
vn -0.7374 0.3306 -0.5890
vn -0.8143 0.0915 -0.5732
vn -0.7374 0.3306 0.5890
vn 0.6488 0.4514 -0.6126
vn 0.7474 -0.3114 0.5869
vn -0.6331 0.4778 0.6090
vn -0.8143 0.0915 0.5731
vn -0.8197 -0.0053 -0.5727
vn 0.8191 -0.0370 -0.5725
vn 0.8187 0.0331 -0.5733
vn 0.7445 0.3072 -0.5927
vn 0.8191 -0.0370 0.5725
vn -0.8197 -0.0053 0.5727
vn 0.8187 0.0331 0.5733
vn 0.7445 0.3072 0.5927
vn 0.7474 -0.3114 -0.5869
vn 0.8187 0.0331 0.5732
vn 0.0001 -0.0000 -1.0000
vn 0.6186 -0.4090 0.6709
vn 0.6183 -0.4093 0.6709
vn 0.6184 -0.4092 0.6709
vn 0.9088 0.3565 -0.2168
vn 0.9089 0.3563 -0.2168
vn -0.9091 -0.3558 0.2165
vn -0.9090 -0.3562 0.2166
vn -0.9091 -0.3559 0.2166
vn 0.2842 0.0255 -0.9584
vn 0.2810 0.0316 -0.9592
vn 0.2849 0.0253 -0.9582
vn 0.9543 0.1004 0.2816
vn 0.9543 0.1006 0.2815
vn -0.5628 -0.6029 -0.5655
vn -0.5628 -0.6026 -0.5658
vn -0.5628 -0.6031 -0.5653
vn -0.7227 0.0675 0.6879
vn -0.7179 0.0736 0.6922
vn -0.7226 0.0677 0.6880
vn 0.1391 -0.8106 -0.5688
vn 0.1393 -0.8109 -0.5684
vn 0.1391 -0.8107 -0.5686
vn -0.3948 -0.9134 -0.0989
vn -0.3946 -0.9136 -0.0984
vn -0.3956 -0.9131 -0.0989
vn 0.5442 -0.8203 0.1760
vn 0.5448 -0.8197 0.1769
vn 0.5430 -0.8210 0.1766
vn -0.7851 -0.5909 0.1858
vn -0.7847 -0.5913 0.1860
vn -0.7852 -0.5908 0.1858
vn 0.5013 0.7379 -0.4518
vn 0.5009 0.7382 -0.4520
vn 0.5007 0.7388 -0.4510
vn 0.3293 -0.9403 -0.0862
vn 0.3284 -0.9408 -0.0841
vn 0.3258 -0.9415 -0.0856
vn -0.5462 0.6422 0.5378
vn -0.5461 0.6435 0.5364
vn -0.5449 0.6431 0.5381
vn -0.9539 0.0845 -0.2879
vn -0.9555 0.0739 -0.2856
vn -0.9546 0.0853 -0.2854
vn -0.6525 0.4203 0.6305
vn -0.6525 0.4190 0.6315
vn -0.6516 0.4203 0.6315
vn -0.6193 0.4093 -0.6700
vn -0.6183 0.4106 -0.6702
vn -0.6196 0.4099 -0.6694
vn -0.9693 0.0758 0.2340
vn -0.9684 0.0876 0.2336
vn -0.9683 0.0877 0.2338
vn -0.8796 0.4258 0.2121
vn -0.8799 0.4250 0.2126
vn -0.8801 0.4251 0.2114
vn 0.1986 -0.3928 0.8979
vn 0.1997 -0.3912 0.8984
vn 0.1976 -0.3919 0.8986
vn -0.1587 0.6177 -0.7703
vn -0.1612 0.6226 -0.7657
vn -0.1551 0.6209 -0.7684
vn 0.9446 -0.1669 0.2828
vn 0.9445 -0.1669 0.2831
vn -0.0674 -0.9905 -0.1201
vn -0.0674 -0.9904 -0.1205
vn 0.2469 0.6023 -0.7592
vn 0.2492 0.6065 -0.7551
vn 0.2439 0.6051 -0.7579
vn 0.3237 -0.9392 0.1149
vn 0.3235 -0.9392 0.1151
vn 0.3232 -0.9395 0.1140
vn 0.7260 0.0787 -0.6832
vn 0.7262 0.0788 -0.6829
vn 0.7262 0.0787 -0.6830
vn -0.2461 -0.6063 0.7562
vn -0.2465 -0.6063 0.7561
vn -0.2465 -0.6063 0.7560
vn -0.9583 0.1692 0.2302
vn -0.9584 0.1688 0.2301
vn -0.9582 0.1690 0.2309
vn -0.2357 -0.1329 -0.9627
vn -0.2360 -0.1323 -0.9627
vn -0.2359 -0.1325 -0.9627
vn 0.6946 0.0201 0.7191
vn 0.6908 0.0254 0.7226
vn 0.6907 0.0150 0.7230
vn 0.7393 -0.6489 -0.1796
vn 0.7403 -0.6474 -0.1811
vn 0.7405 -0.6479 -0.1786
vn 0.3865 -0.8111 0.4390
vn 0.3843 -0.8122 0.4390
vn 0.3837 -0.8109 0.4418
vn 0.7303 0.0141 -0.6829
vn 0.7270 0.0191 -0.6863
vn 0.7270 0.0096 -0.6866
vn -0.8959 -0.3605 -0.2595
vn -0.8963 -0.3586 -0.2607
vn -0.8955 -0.3607 -0.2606
vn 0.9567 0.0716 0.2822
vn 0.9568 0.0717 0.2819
vn 0.9567 0.0722 0.2819
vn 0.1591 -0.6223 0.7664
vn 0.1584 -0.6211 0.7675
vn 0.1597 -0.6217 0.7668
vn -0.6781 0.1312 -0.7231
vn -0.6790 0.1310 -0.7224
vn -0.6778 0.1323 -0.7232
vn 0.5932 0.5937 -0.5437
vn 0.5920 0.5949 -0.5437
vn 0.5933 0.5945 -0.5428
vn 0.9585 -0.1684 -0.2300
vn 0.9582 -0.1695 -0.2305
vn 0.9585 -0.1690 -0.2296
vn -0.7741 -0.5938 -0.2197
vn -0.7747 -0.5925 -0.2210
vn -0.7750 -0.5927 -0.2194
vn 0.9681 0.0963 -0.2315
vn 0.6706 0.2680 0.6917
vn 0.6705 0.2680 0.6918
vn 0.6706 0.2681 0.6917
vn 0.8956 0.3611 0.2600
vn 0.8957 0.3603 0.2605
vn 0.8958 0.3605 0.2599
vn -0.2013 -0.7902 0.5788
vn -0.2012 -0.7901 0.5791
vn -0.2015 -0.7897 0.5795
vn 0.2360 0.1322 0.9627
vn 0.2361 0.1319 0.9627
vn 0.2359 0.1325 0.9627
vn -0.1565 0.7700 0.6186
vn -0.1565 0.7700 0.6185
vn -0.1562 0.7699 0.6188
vn -0.5954 0.7805 -0.1907
vn -0.5952 0.7808 -0.1899
vn -0.5942 0.7814 -0.1907
vn 0.1996 -0.6309 -0.7498
vn 0.1995 -0.6307 -0.7500
vn 0.1998 -0.6307 -0.7499
vn -0.2272 0.0551 -0.9723
vn -0.2285 0.0447 -0.9725
vn -0.2276 0.0549 -0.9722
vn 0.6860 0.1140 0.7186
vn 0.6860 0.1139 0.7186
vn 0.6859 0.1139 0.7187
vn -0.1690 -0.7993 -0.5767
vn -0.1698 -0.7988 -0.5771
vn -0.1689 -0.7982 -0.5782
vn -0.2279 -0.3894 -0.8924
vn -0.2293 -0.3870 -0.8931
vn -0.2265 -0.3880 -0.8934
vn 0.2124 0.7497 -0.6268
vn 0.2161 0.7479 -0.6277
vn 0.2151 0.7503 -0.6251
vn -0.1978 0.3939 -0.8976
vn -0.1976 0.3933 -0.8979
vn -0.1978 0.3935 -0.8978
vn -0.0017 -0.9930 -0.1184
vn -0.0017 -0.9930 -0.1185
vn -0.2899 -0.9183 -0.2696
vn -0.2902 -0.9181 -0.2700
vn -0.2911 -0.9181 -0.2692
vn -0.4402 -0.7872 -0.4320
vn -0.4419 -0.7862 -0.4320
vn -0.4412 -0.7854 -0.4340
vn 0.5648 0.5996 0.5670
vn 0.5641 0.5999 0.5673
vn 0.5649 0.5997 0.5668
vn 0.9405 0.2560 -0.2234
vn 0.9406 0.2561 -0.2230
vn 0.9405 0.2560 -0.2233
vn 0.7864 0.5890 -0.1859
vn 0.7867 0.5885 -0.1863
vn 0.7869 0.5885 -0.1856
vn -0.1309 -0.9873 0.0903
vn -0.1305 -0.9873 0.0911
vn -0.1306 -0.9872 0.0911
vn -0.0059 -0.9918 0.1273
vn -0.0057 -0.9918 0.1276
vn -0.0053 -0.9918 0.1277
vn -0.2254 0.1382 -0.9644
vn -0.2243 0.1356 -0.9650
vn -0.2231 0.1387 -0.9649
vn 0.8792 -0.4260 -0.2132
vn 0.8791 -0.4264 -0.2130
vn 0.8794 -0.4259 -0.2126
vn 0.2051 0.6144 0.7619
vn 0.2052 0.6143 0.7619
vn 0.2050 0.6145 0.7618
vn -0.4419 0.7797 0.4436
vn -0.4426 0.7794 0.4434
vn -0.4425 0.7801 0.4424
vn -0.5165 0.6344 -0.5751
vn -0.5165 0.6364 -0.5729
vn -0.5184 0.6342 -0.5736
vn 0.7143 -0.1635 -0.6805
vn 0.7141 -0.1625 -0.6809
vn 0.7136 -0.1639 -0.6811
vn 0.2278 0.3893 0.8925
vn 0.2294 0.3868 0.8932
vn 0.2263 0.3880 0.8935
vn 0.6478 0.3705 0.6656
vn 0.6468 0.3721 0.6657
vn 0.6471 0.3705 0.6663
vn -0.6770 0.1541 -0.7197
vn -0.6764 0.1552 -0.7200
vn -0.6760 0.1538 -0.7207
vn 0.5161 -0.6360 0.5737
vn 0.5160 -0.6370 0.5726
vn 0.5153 -0.6366 0.5737
vn 0.6526 -0.4216 -0.6296
vn 0.6525 -0.4205 -0.6304
vn 0.6531 -0.4209 -0.6296
vn -0.7297 0.6449 -0.2271
vn -0.7300 0.6447 -0.2269
vn -0.7293 0.6456 -0.2264
vn 0.7765 0.5900 0.2212
vn 0.7774 0.5890 0.2208
vn 0.7762 0.5907 0.2202
vn 0.6604 0.7347 -0.1553
vn 0.6605 0.7346 -0.1552
vn 0.6603 0.7347 -0.1554
vn -0.5917 -0.5956 0.5433
vn -0.5925 -0.5948 0.5433
vn -0.5923 -0.5954 0.5428
vn -0.3080 -0.9145 0.2621
vn -0.3084 -0.9144 0.2621
vn -0.3079 -0.9146 0.2622
vn 0.2462 -0.4073 -0.8795
vn 0.2463 -0.4075 -0.8794
vn 0.2465 -0.4068 -0.8796
vn 0.5472 -0.6423 -0.5367
vn 0.5468 -0.6426 -0.5367
vn 0.5475 -0.6420 -0.5367
vn -0.9482 0.1423 -0.2841
vn -0.9480 0.1422 -0.2846
vn -0.9480 0.1422 -0.2847
vn 0.6509 0.7371 0.1817
vn 0.6506 0.7375 0.1808
vn 0.6505 0.7374 0.1816
vn -0.2856 0.0517 0.9570
vn -0.2856 0.0638 0.9562
vn -0.2857 0.0517 0.9569
vn 0.1776 0.7573 0.6284
vn 0.1773 0.7575 0.6282
vn 0.1776 0.7568 0.6291
vn 0.2223 -0.9354 0.2751
vn 0.2240 -0.9350 0.2749
vn 0.2238 -0.9357 0.2728
vn -0.6841 0.0623 -0.7267
vn -0.6869 0.0688 -0.7235
vn -0.6827 0.0733 -0.7271
vn -0.2815 0.1194 0.9521
vn -0.2819 0.1193 0.9520
vn -0.2821 0.1193 0.9519
vn 0.0518 -0.9282 0.3685
vn 0.0533 -0.9289 0.3666
vn 0.0537 -0.9269 0.3714
vn -0.7238 -0.1056 0.6819
vn -0.7248 -0.1031 0.6812
vn -0.7227 -0.1042 0.6833
vn 0.4761 0.7461 0.4655
vn 0.4759 0.7458 0.4662
vn 0.4749 0.7464 0.4662
vn -0.2096 0.2980 -0.9313
vn -0.7141 0.1628 0.6808
vn -0.7147 0.1658 0.6795
vn -0.7157 0.1625 0.6792
vn -0.6469 -0.3719 -0.6658
vn -0.6478 -0.3705 -0.6656
vn -0.6476 -0.3720 -0.6649
vn -0.1210 -0.9251 -0.3600
vn -0.1206 -0.9252 -0.3598
vn -0.1211 -0.9248 -0.3606
vn -0.6051 -0.7787 -0.1656
vn -0.6061 -0.7781 -0.1651
vn -0.6045 -0.7795 -0.1644
vn 0.2809 0.2795 -0.9181
vn 0.2810 0.2793 -0.9182
vn 0.2809 0.2796 -0.9181
vn 0.9590 0.0033 0.2832
vn 0.9578 0.0091 0.2874
vn 0.9591 0.0033 0.2832
vn -0.7160 0.1354 0.6848
vn -0.7156 0.1353 0.6853
vn -0.7157 0.1360 0.6850
vn 0.2310 0.2857 0.9301
vn 0.2307 0.2850 0.9304
vn 0.2310 0.2851 0.9302
vn 0.2762 0.3754 -0.8847
vn 0.2764 0.3757 -0.8846
vn 0.2759 0.3757 -0.8847
vn 0.6761 -0.1560 0.7201
vn 0.6758 -0.1561 0.7204
vn -0.6046 0.7824 0.1492
vn -0.6044 0.7828 0.1484
vn -0.6036 0.7833 0.1487
vn 0.7285 -0.6461 0.2276
vn 0.7286 -0.6462 0.2270
vn 0.7288 -0.6459 0.2273
vn 0.0703 -0.9326 -0.3539
vn 0.0700 -0.9325 -0.3543
vn 0.0703 -0.9326 -0.3540
vn 0.1076 -0.8015 0.5882
vn 0.1087 -0.8009 0.5889
vn 0.1075 -0.8000 0.5903
vn -0.6130 -0.7770 0.1430
vn -0.6127 -0.7772 0.1433
vn -0.6130 -0.7769 0.1436
vn -0.1999 0.6298 0.7506
vn -0.1998 0.6298 0.7506
vn -0.1997 0.6296 0.7508
vn -0.4174 0.7735 -0.4770
vn -0.4215 0.7718 -0.4760
vn -0.4188 0.7714 -0.4791
vn 0.2765 -0.1498 -0.9493
vn 0.2769 -0.1506 -0.9490
vn 0.2766 -0.1499 -0.9492
vn 0.2261 -0.1392 0.9641
vn 0.2257 -0.1392 0.9642
vn 0.2256 -0.1391 0.9642
vn 0.9722 0.0014 -0.2343
vn 0.9712 0.0074 -0.2380
vn 0.9723 0.0113 -0.2333
vn -0.9470 0.2266 0.2279
vn -0.9471 0.2259 0.2279
vn -0.9471 0.2260 0.2280
vn -0.1217 0.7596 -0.6390
vn -0.1253 0.7618 -0.6355
vn -0.1207 0.7621 -0.6362
vn 0.8671 -0.4220 0.2647
vn 0.8672 -0.4219 0.2646
vn 0.7245 0.1029 -0.6815
vn 0.7235 0.1056 -0.6822
vn 0.7257 0.1043 -0.6801
vn -0.9622 0.1437 0.2313
vn -0.9619 0.1448 0.2320
vn -0.2461 0.4070 0.8796
vn -0.2460 0.4067 0.8798
vn -0.2461 0.4073 0.8795
vn -0.2070 -0.6156 -0.7604
vn -0.2049 -0.6179 -0.7591
vn -0.2046 -0.6155 -0.7611
vn -0.2761 0.1516 0.9491
vn -0.2762 0.1516 0.9491
vn -0.2759 0.1512 0.9492
vn -0.2763 -0.3755 0.8847
vn -0.2763 -0.3754 0.8847
vn -0.2768 -0.3755 0.8845
vn 0.0850 -0.9959 -0.0295
vn 0.0851 -0.9959 -0.0296
vn 0.0851 -0.9959 -0.0295
vn 0.2319 0.0324 0.9722
vn 0.2266 0.0394 0.9732
vn 0.2322 0.0439 0.9717
vn -0.6816 -0.3619 0.6360
vn -0.6821 -0.3619 0.6354
vn -0.6826 -0.3616 0.6350
vn 0.0514 -0.9940 0.0966
vn 0.0513 -0.9940 0.0966
vn -0.1608 -0.9866 -0.0268
vn -0.1607 -0.9866 -0.0269
vn 0.4046 -0.8180 -0.4088
vn 0.4042 -0.8177 -0.4099
vn 0.4022 -0.8194 -0.4084
vn -0.6863 -0.1140 -0.7183
vn -0.6860 -0.1140 -0.7186
vn -0.4001 -0.9119 0.0913
vn -0.4005 -0.9118 0.0909
vn 0.2873 0.1204 -0.9502
vn 0.2872 0.1206 -0.9503
vn 0.2871 0.1207 -0.9503
vn -0.9543 -0.1007 -0.2813
vn -0.9543 -0.1011 -0.2812
vn -0.9543 -0.1008 -0.2814
vn -0.2866 -0.1208 0.9504
vn -0.2866 -0.1207 0.9504
vn -0.2865 -0.1209 0.9504
vn 0.5538 -0.8215 -0.1357
vn 0.5539 -0.8214 -0.1356
vn 0.5537 -0.8216 -0.1357
vn -0.1420 -0.9202 0.3649
vn -0.1421 -0.9202 0.3647
vn -0.1424 -0.9198 0.3655
vn -0.8672 0.4219 -0.2646
vn -0.8671 0.4220 -0.2646
vn -0.7394 0.6489 0.1797
vn -0.7396 0.6488 0.1791
vn -0.7396 0.6487 0.1791
vn -0.9681 -0.0960 0.2315
vn -0.9680 -0.0961 0.2320
vn -0.9445 0.1669 -0.2831
vn -0.9445 0.1665 -0.2832
vn -0.9445 0.1670 -0.2831
vn 0.6825 0.3611 -0.6355
vn 0.6824 0.3616 -0.6353
vn 0.6826 0.3617 -0.6350
vn -0.4654 -0.7811 0.4163
vn -0.4655 -0.7810 0.4163
vn -0.4655 -0.7811 0.4163
vn 0.2313 0.0325 0.9723
vn 0.9702 0.0702 -0.2318
vn 0.9700 0.0701 -0.2327
vn 0.9704 0.0696 -0.2314
vn 0.2860 0.0945 -0.9536
vn 0.2861 0.0945 -0.9535
vn 0.2853 0.0947 -0.9537
vn 0.6903 0.0825 0.7188
vn 0.6896 0.0827 0.7195
vn 0.6906 0.0832 0.7185
vn 0.7190 0.1617 -0.6759
vn 0.7192 0.1616 -0.6757
vn 0.7195 0.1618 -0.6754
vn -0.9554 0.0737 -0.2858
vn -0.9556 0.0737 -0.2852
vn 0.9592 0.0136 0.2825
vn -0.7218 0.0797 0.6875
vn -0.7032 0.2176 0.6769
vn -0.7035 0.2173 0.6766
vn 0.7274 0.0094 -0.6861
vn 0.2861 0.0352 -0.9576
vn -0.9693 0.0756 0.2338
vn -0.9694 0.0756 0.2335
vn -0.2852 0.0638 0.9563
vn -0.6683 0.2134 -0.7126
vn -0.6684 0.2133 -0.7126
vn -0.6681 0.2135 -0.7128
vn -0.2275 0.0446 -0.9728
vn -0.2276 0.0446 -0.9727
vn 0.9723 0.0014 -0.2339
vn 0.9722 0.0014 -0.2339
vn 0.2329 0.1002 0.9673
vn 0.2328 0.1002 0.9673
vn 0.9478 0.1547 0.2787
vn 0.9479 0.1547 0.2786
vn -0.6834 0.0624 -0.7273
vn -0.6835 0.0623 -0.7273
vn 0.6911 0.0145 0.7226
vn -0.2249 0.1136 -0.9677
vn -0.2239 0.1135 -0.9680
vn -0.2257 0.1129 -0.9676
vn -0.2749 0.2019 0.9400
vn -0.9331 0.2243 -0.2810
vn -0.9331 0.2244 -0.2809
vn -0.9331 0.2244 -0.2810
vn 0.2345 -0.9386 -0.2532
vn 0.2347 -0.9385 -0.2531
vn 0.2346 -0.9386 -0.2528
vn -0.9046 0.3259 -0.2747
vn -0.9048 0.3254 -0.2747
vn -0.9048 0.3255 -0.2746
vn -0.2644 0.3033 0.9155
vn -0.2636 0.3033 0.9157
vn -0.2639 0.3030 0.9157
vn 0.9275 0.2574 0.2712
vn 0.9275 0.2574 0.2711
vn -0.6474 0.3147 -0.6941
vn -0.6476 0.3146 -0.6940
vn -0.6475 0.3152 -0.6938
vn -0.6812 0.3188 0.6591
vn -0.6812 0.3187 0.6591
vn -0.6811 0.3188 0.6591
vn 0.7046 0.2644 -0.6585
vn 0.7045 0.2642 -0.6587
vn 0.7047 0.2645 -0.6584
vn -0.9186 0.3271 0.2217
vn -0.9186 0.3271 0.2216
vn 0.2334 0.1831 0.9550
vn 0.2331 0.1831 0.9551
vn 0.2845 0.1773 -0.9421
vn 0.2848 0.1775 -0.9420
vn 0.2847 0.1774 -0.9421
vn -0.2196 0.1956 -0.9558
vn -0.2195 0.1962 -0.9557
vn -0.2196 0.1962 -0.9557
vn 0.9613 0.1532 -0.2288
vn 0.9614 0.1533 -0.2287
vn 0.9614 0.1532 -0.2287
vn 0.6839 0.1656 0.7105
vn 0.6841 0.1655 0.7104
vn 0.6840 0.1656 0.7104
vn 0.9091 0.3559 -0.2165
vn -0.9092 -0.3557 0.2164
vn 0.2850 0.0253 -0.9582
vn -0.5628 -0.6027 -0.5657
vn -0.7223 0.0674 0.6883
vn 0.1391 -0.8107 -0.5688
vn -0.3945 -0.9137 -0.0981
vn 0.5448 -0.8197 0.1770
vn -0.7854 -0.5905 0.1856
vn 0.5008 0.7382 -0.4520
vn 0.3285 -0.9407 -0.0843
vn -0.6525 0.4188 0.6316
vn -0.6186 0.4102 -0.6701
vn -0.8800 0.4247 0.2128
vn -0.1613 0.6227 -0.7657
vn 0.9445 -0.1667 0.2832
vn -0.1218 -0.9884 -0.0906
vn -0.1217 -0.9884 -0.0906
vn -0.1217 -0.9884 -0.0907
vn 0.2490 0.6061 -0.7554
vn 0.7262 0.0788 -0.6830
vn -0.9585 0.1686 0.2301
vn -0.2359 -0.1324 -0.9627
vn 0.7404 -0.6472 -0.1812
vn 0.3845 -0.8121 0.4390
vn -0.8963 -0.3590 -0.2605
vn 0.9568 0.0717 0.2818
vn 0.1585 -0.6213 0.7674
vn -0.6795 0.1309 -0.7219
vn 0.5920 0.5950 -0.5437
vn 0.9583 -0.1690 -0.2303
vn -0.7747 -0.5924 -0.2211
vn 0.9681 0.0964 -0.2315
vn 0.6706 0.2684 0.6915
vn 0.8958 0.3602 0.2605
vn -0.2008 -0.7896 0.5798
vn 0.2358 0.1327 0.9627
vn -0.1569 0.7702 0.6182
vn -0.5953 0.7807 -0.1903
vn 0.1994 -0.6304 -0.7502
vn 0.6859 0.1135 0.7188
vn -0.1699 -0.7987 -0.5772
vn -0.2292 -0.3871 -0.8931
vn 0.2164 0.7478 -0.6277
vn -0.1980 0.3943 -0.8974
vn -0.2902 -0.9181 -0.2699
vn -0.4417 -0.7863 -0.4320
vn 0.5642 0.5998 0.5673
vn 0.7867 0.5886 -0.1862
vn -0.0741 -0.9893 0.1258
vn -0.0742 -0.9893 0.1257
vn -0.0739 -0.9893 0.1258
vn -0.2243 0.1357 -0.9650
vn 0.8790 -0.4268 -0.2127
vn 0.2049 0.6146 0.7617
vn -0.4422 0.7796 0.4435
vn -0.5165 0.6368 -0.5724
vn 0.7140 -0.1623 -0.6811
vn 0.6470 0.3718 0.6657
vn -0.6762 0.1557 -0.7201
vn 0.5160 -0.6369 0.5727
vn 0.6525 -0.4203 -0.6305
vn -0.7298 0.6448 -0.2270
vn 0.7771 0.5893 0.2209
vn 0.6602 0.7348 -0.1555
vn -0.5923 -0.5950 0.5433
vn -0.3085 -0.9144 0.2620
vn 0.5469 -0.6425 -0.5367
vn 0.6508 0.7372 0.1816
vn -0.2857 0.0518 0.9569
vn 0.2241 -0.9350 0.2749
vn 0.0535 -0.9289 0.3664
vn -0.7248 -0.1030 0.6812
vn 0.4760 0.7459 0.4660
vn -0.2095 0.2980 -0.9313
vn -0.7146 0.1655 0.6797
vn -0.6479 -0.3703 -0.6656
vn -0.1209 -0.9251 -0.3599
vn -0.6060 -0.7781 -0.1651
vn 0.2808 0.2795 -0.9182
vn -0.7157 0.1353 0.6851
vn 0.2310 0.2852 0.9302
vn 0.2762 0.3753 -0.8848
vn 0.6760 -0.1559 0.7202
vn -0.6043 0.7828 0.1483
vn 0.7289 -0.6457 0.2274
vn 0.0705 -0.9327 -0.3537
vn 0.1088 -0.8008 0.5889
vn -0.6127 -0.7772 0.1432
vn -0.4216 0.7718 -0.4760
vn 0.2769 -0.1508 -0.9490
vn 0.2257 -0.1391 0.9642
vn -0.9470 0.2260 0.2281
vn -0.1252 0.7618 -0.6356
vn -0.9622 0.1437 0.2312
vn -0.2463 0.4075 0.8794
vn -0.2047 -0.6182 -0.7589
vn -0.2759 0.1509 0.9493
vn -0.2764 -0.3753 0.8847
vn 0.0560 -0.9950 -0.0830
vn 0.0561 -0.9950 -0.0830
vn -0.6823 -0.3616 0.6354
vn 0.0830 -0.9955 0.0456
vn 0.0829 -0.9955 0.0457
vn -0.1621 -0.9862 0.0329
vn -0.1621 -0.9862 0.0328
vn 0.4042 -0.8176 -0.4100
vn -0.4002 -0.9119 0.0913
vn 0.2870 0.1207 -0.9503
vn -0.9543 -0.1008 -0.2813
vn -0.2865 -0.1210 0.9504
vn 0.5534 -0.8217 -0.1359
vn -0.1423 -0.9203 0.3644
vn -0.8671 0.4220 -0.2647
vn -0.9681 -0.0961 0.2315
vn -0.9444 0.1674 -0.2828
vn 0.6825 0.3614 -0.6353
vn -0.4657 -0.7809 0.4163
vn 0.9700 0.0701 -0.2326
vn 0.2856 0.0946 -0.9537
vn 0.6898 0.0826 0.7193
vn 0.7197 0.1619 -0.6751
vn 0.7271 0.0094 -0.6864
vn -0.6684 0.2133 -0.7125
vn 0.6914 0.0145 0.7224
vn -0.2240 0.1135 -0.9680
vn 0.2344 -0.9386 -0.2532
vn -0.9048 0.3255 -0.2745
vn -0.2634 0.3031 0.9158
vn 0.9274 0.2575 0.2712
vn -0.6472 0.3149 -0.6943
vn -0.6815 0.3185 0.6589
vn 0.7047 0.2644 -0.6585
vn -0.9187 0.3270 0.2216
vn 0.2847 0.1775 -0.9420
vn 0.9614 0.1533 -0.2285
vn 0.6499 0.3572 -0.6709
vn 0.6499 0.3571 -0.6709
vn 0.6499 0.3570 -0.6709
vn 0.8764 -0.4301 0.2166
vn 0.8764 -0.4299 0.2168
vn 0.8765 -0.4298 0.2167
vn -0.8768 0.4293 -0.2164
vn -0.8768 0.4293 -0.2165
vn -0.8768 0.4295 -0.2165
vn 0.2815 -0.0488 0.9583
vn 0.2778 -0.0547 0.9591
vn 0.2819 -0.0486 0.9582
vn 0.9428 -0.1785 -0.2816
vn 0.9427 -0.1786 -0.2819
vn 0.9428 -0.1786 -0.2815
vn -0.5113 0.6471 0.5655
vn -0.5114 0.6468 0.5658
vn -0.5111 0.6474 0.5654
vn -0.7258 -0.0079 -0.6879
vn -0.7225 -0.0177 -0.6911
vn -0.7257 -0.0080 -0.6879
vn 0.2053 0.7962 0.5691
vn 0.2052 0.7965 0.5687
vn 0.2053 0.7966 0.5686
vn -0.3184 0.9428 0.0989
vn -0.3182 0.9429 0.0983
vn -0.3190 0.9426 0.0990
vn 0.6098 0.7728 -0.1760
vn 0.6104 0.7720 -0.1772
vn 0.6086 0.7736 -0.1766
vn -0.7343 0.6529 -0.1855
vn -0.7334 0.6538 -0.1861
vn -0.7339 0.6533 -0.1858
vn 0.4386 -0.7768 0.4519
vn 0.4383 -0.7769 0.4520
vn 0.4384 -0.7769 0.4520
vn 0.4054 0.9101 0.0862
vn 0.4046 0.9106 0.0842
vn 0.4022 0.9115 0.0855
vn -0.5971 -0.5950 -0.5380
vn -0.5971 -0.5963 -0.5366
vn -0.5958 -0.5962 -0.5382
vn -0.9569 -0.0028 0.2905
vn -0.9583 0.0049 0.2856
vn -0.9584 -0.0062 0.2855
vn -0.6848 -0.3651 -0.6306
vn -0.6847 -0.3638 -0.6315
vn -0.6841 -0.3653 -0.6314
vn -0.6509 -0.3569 0.6700
vn -0.6502 -0.3580 0.6701
vn -0.6512 -0.3576 0.6694
vn -0.9723 0.0043 -0.2338
vn -0.9723 -0.0076 -0.2336
vn -0.9726 -0.0075 -0.2324
vn -0.9117 -0.3517 -0.2123
vn -0.9119 -0.3508 -0.2129
vn -0.9120 -0.3515 -0.2116
vn 0.2301 0.3754 -0.8979
vn 0.2312 0.3734 -0.8984
vn 0.2290 0.3742 -0.8986
vn -0.2089 -0.6026 0.7702
vn -0.2118 -0.6073 0.7657
vn -0.2055 -0.6060 0.7684
vn 0.9550 0.0887 -0.2831
vn 0.9550 0.0888 -0.2831
vn 0.0143 0.9927 0.1201
vn 0.1965 -0.6205 0.7592
vn 0.1985 -0.6248 0.7552
vn 0.1934 -0.6231 0.7579
vn 0.3999 0.9093 -0.1148
vn 0.3994 0.9097 -0.1141
vn 0.7173 -0.1382 0.6829
vn 0.7168 -0.1380 0.6835
vn 0.7172 -0.1381 0.6830
vn -0.1958 0.6245 -0.7561
vn -0.1963 0.6242 -0.7562
vn -0.1962 0.6247 -0.7558
vn -0.9690 -0.0895 -0.2302
vn -0.9690 -0.0898 -0.2303
vn -0.9689 -0.0898 -0.2307
vn -0.2244 0.1511 0.9627
vn -0.2243 0.1512 0.9627
vn -0.2248 0.1517 0.9625
vn 0.6908 -0.0773 -0.7189
vn 0.6863 -0.0825 -0.7226
vn 0.6872 -0.0716 -0.7230
vn 0.7901 0.5862 0.1794
vn 0.7910 0.5845 0.1810
vn 0.7910 0.5850 0.1789
vn 0.4519 0.7766 -0.4390
vn 0.4499 0.7778 -0.4390
vn 0.4491 0.7767 -0.4417
vn 0.7264 -0.0757 0.6831
vn 0.7231 -0.0787 0.6862
vn 0.7238 -0.0693 0.6865
vn -0.8633 0.4329 0.2595
vn -0.8637 0.4315 0.2604
vn -0.8629 0.4331 0.2606
vn 0.9476 -0.1494 -0.2822
vn 0.9475 -0.1499 -0.2823
vn 0.9477 -0.1500 -0.2818
vn 0.2097 0.6071 -0.7664
vn 0.2089 0.6060 -0.7675
vn 0.2104 0.6064 -0.7668
vn -0.6868 -0.0750 0.7230
vn -0.6876 -0.0747 0.7223
vn -0.6865 -0.0766 0.7231
vn 0.5424 -0.6405 0.5437
vn 0.5415 -0.6412 0.5437
vn 0.5424 -0.6411 0.5429
vn 0.9691 0.0892 0.2301
vn 0.9689 0.0902 0.2305
vn 0.9690 0.0895 0.2301
vn -0.7227 0.6553 0.2198
vn -0.7235 0.6539 0.2213
vn -0.7237 0.6544 0.2194
vn 0.9570 -0.1752 0.2312
vn 0.9569 -0.1756 0.2314
vn 0.9569 -0.1756 0.2315
vn 0.6468 -0.3222 -0.6913
vn 0.6462 -0.3222 -0.6918
vn 0.6463 -0.3223 -0.6917
vn 0.8631 -0.4328 -0.2604
vn 0.8632 -0.4324 -0.2607
vn 0.8630 -0.4330 -0.2602
vn -0.1357 0.8040 -0.5789
vn -0.1356 0.8038 -0.5792
vn -0.1361 0.8035 -0.5795
vn 0.2244 -0.1511 -0.9627
vn 0.2245 -0.1509 -0.9627
vn 0.2243 -0.1515 -0.9627
vn -0.2192 -0.7545 -0.6186
vn -0.2196 -0.7547 -0.6182
vn -0.2196 -0.7540 -0.6191
vn -0.6575 -0.7289 0.1908
vn -0.6574 -0.7292 0.1900
vn -0.6563 -0.7300 0.1907
vn 0.2510 0.6127 0.7494
vn 0.2508 0.6124 0.7497
vn 0.2507 0.6122 0.7499
vn -0.2263 -0.0311 0.9736
vn -0.2308 -0.0261 0.9726
vn -0.2312 -0.0356 0.9723
vn 0.6742 -0.1706 -0.7185
vn 0.6743 -0.1699 -0.7186
vn 0.6743 -0.1699 -0.7187
vn -0.1026 0.8106 0.5766
vn -0.1037 0.8100 0.5772
vn -0.1026 0.8094 0.5783
vn -0.1951 0.4067 0.8925
vn -0.1968 0.4044 0.8932
vn -0.1941 0.4054 0.8933
vn 0.1500 -0.7647 0.6267
vn 0.1543 -0.7630 0.6277
vn 0.1527 -0.7655 0.6251
vn -0.2295 -0.3764 0.8976
vn -0.2296 -0.3764 0.8976
vn -0.2289 -0.3762 0.8978
vn 0.0798 0.9897 0.1184
vn 0.0799 0.9897 0.1185
vn 0.0798 0.9897 0.1185
vn -0.2139 0.9390 0.2694
vn -0.2138 0.9388 0.2699
vn -0.2146 0.9389 0.2692
vn -0.3740 0.8207 0.4319
vn -0.3757 0.8199 0.4320
vn -0.3752 0.8191 0.4340
vn 0.5137 -0.6439 -0.5670
vn 0.5133 -0.6440 -0.5674
vn 0.5135 -0.6438 -0.5673
vn 0.9163 -0.3324 0.2233
vn 0.7354 -0.6516 0.1860
vn 0.7355 -0.6515 0.1861
vn 0.7359 -0.6511 0.1856
vn -0.0491 0.9947 -0.0906
vn -0.0484 0.9947 -0.0906
vn -0.0489 0.9946 -0.0911
vn 0.0757 0.9889 -0.1276
vn 0.0761 0.9889 -0.1276
vn -0.2360 -0.1192 0.9644
vn -0.2346 -0.1166 0.9651
vn -0.2337 -0.1199 0.9649
vn 0.9111 0.3529 0.2129
vn 0.9113 0.3522 0.2133
vn 0.9113 0.3524 0.2128
vn 0.1539 -0.6291 -0.7619
vn 0.1540 -0.6290 -0.7620
vn 0.1538 -0.6293 -0.7618
vn -0.5042 -0.7409 -0.4437
vn -0.5054 -0.7403 -0.4433
vn -0.5051 -0.7409 -0.4427
vn -0.5669 -0.5898 0.5751
vn -0.5670 -0.5920 0.5728
vn -0.5686 -0.5896 0.5737
vn 0.7254 0.1046 0.6804
vn 0.7250 0.1034 0.6809
vn 0.7248 0.1045 0.6809
vn 0.1951 -0.4068 -0.8925
vn 0.1968 -0.4044 -0.8932
vn 0.1937 -0.4053 -0.8935
vn 0.6152 -0.4224 -0.6656
vn 0.6144 -0.4235 -0.6657
vn 0.6144 -0.4224 -0.6663
vn -0.6873 -0.0980 0.7197
vn -0.6868 -0.0994 0.7201
vn -0.6864 -0.0977 0.7207
vn 0.5666 0.5921 -0.5731
vn 0.5666 0.5925 -0.5726
vn 0.5662 0.5919 -0.5736
vn 0.6850 0.3660 0.6300
vn 0.6849 0.3657 0.6301
vn 0.6853 0.3659 0.6297
vn -0.7796 -0.5835 0.2274
vn -0.7808 -0.5822 0.2268
vn -0.7799 -0.5835 0.2264
vn 0.7249 -0.6523 -0.2215
vn 0.7263 -0.6510 -0.2208
vn 0.7251 -0.6524 -0.2203
vn 0.5978 -0.7865 0.1553
vn 0.5979 -0.7864 0.1552
vn 0.5977 -0.7865 0.1554
vn -0.5410 0.6419 -0.5433
vn -0.5419 0.6412 -0.5433
vn -0.5413 0.6421 -0.5428
vn -0.2318 0.9368 -0.2621
vn -0.2322 0.9367 -0.2620
vn -0.2317 0.9366 -0.2629
vn 0.2787 0.3853 0.8797
vn 0.2786 0.3852 0.8798
vn 0.2787 0.3854 0.8796
vn 0.5981 0.5951 0.5367
vn 0.5980 0.5952 0.5367
vn 0.5987 0.5951 0.5361
vn -0.9565 -0.0638 0.2848
vn -0.9567 -0.0639 0.2841
vn -0.9565 -0.0638 0.2847
vn 0.5882 -0.7879 -0.1823
vn 0.5880 -0.7883 -0.1813
vn 0.5880 -0.7883 -0.1815
vn -0.2898 -0.0282 -0.9567
vn -0.2923 -0.0394 -0.9555
vn -0.2890 -0.0281 -0.9569
vn 0.1148 -0.7694 -0.6284
vn 0.1144 -0.7696 -0.6282
vn 0.1148 -0.7689 -0.6289
vn 0.2985 0.9139 -0.2751
vn 0.3001 0.9134 -0.2749
vn 0.3000 0.9141 -0.2727
vn -0.6862 -0.0059 0.7274
vn -0.6899 -0.0127 0.7237
vn -0.6863 -0.0165 0.7271
vn -0.2904 -0.0959 -0.9521
vn -0.2909 -0.0958 -0.9519
vn 0.1278 0.9208 -0.3685
vn 0.1295 0.9213 -0.3666
vn 0.1296 0.9194 -0.3714
vn -0.7127 0.1647 -0.6819
vn -0.7141 0.1618 -0.6811
vn -0.7117 0.1633 -0.6833
vn 0.4132 -0.7828 -0.4653
vn 0.4130 -0.7824 -0.4662
vn 0.4119 -0.7829 -0.4662
vn -0.2334 -0.2792 0.9314
vn -0.2334 -0.2798 0.9313
vn -0.2334 -0.2797 0.9313
vn -0.7251 -0.1039 -0.6807
vn -0.7258 -0.1061 -0.6797
vn -0.7266 -0.1031 -0.6793
vn -0.6142 0.4238 0.6658
vn -0.6150 0.4226 0.6657
vn -0.6149 0.4240 0.6650
vn -0.0446 0.9317 0.3605
vn -0.0441 0.9320 0.3597
vn -0.0445 0.9315 0.3610
vn -0.5391 0.8258 0.1656
vn -0.5400 0.8253 0.1652
vn -0.5384 0.8265 0.1645
vn 0.2577 -0.3017 0.9179
vn 0.2571 -0.3018 0.9180
vn 0.2570 -0.3018 0.9181
vn 0.9556 -0.0821 -0.2830
vn 0.9543 -0.0925 -0.2840
vn 0.9556 -0.0821 -0.2831
vn -0.7241 -0.0760 -0.6855
vn -0.7247 -0.0761 -0.6849
vn -0.7245 -0.0766 -0.6850
vn 0.2068 -0.3032 -0.9302
vn 0.2067 -0.3032 -0.9302
vn 0.2444 -0.3968 0.8848
vn 0.2445 -0.3969 0.8847
vn 0.6866 0.0999 -0.7201
vn 0.6866 0.0999 -0.7202
vn -0.6668 -0.7302 -0.1490
vn -0.6666 -0.7304 -0.1485
vn -0.6658 -0.7311 -0.1488
vn 0.7793 0.5841 -0.2270
vn 0.7793 0.5841 -0.2271
vn 0.7794 0.5839 -0.2273
vn 0.1469 0.9238 0.3536
vn 0.1463 0.9236 0.3543
vn 0.1465 0.9237 0.3540
vn 0.1730 0.7900 -0.5881
vn 0.1742 0.7892 -0.5889
vn 0.1728 0.7885 -0.5903
vn -0.5468 0.8249 -0.1432
vn -0.5463 0.8252 -0.1435
vn -0.5472 0.8245 -0.1440
vn -0.2509 -0.6113 -0.7506
vn -0.2510 -0.6115 -0.7503
vn -0.2503 -0.6113 -0.7508
vn -0.4795 -0.7365 0.4771
vn -0.4834 -0.7346 0.4761
vn -0.4808 -0.7345 0.4790
vn 0.2881 0.1269 0.9492
vn 0.2878 0.1263 0.9493
vn 0.2886 0.1263 0.9491
vn 0.2363 0.1202 -0.9642
vn 0.2361 0.1197 -0.9643
vn 0.2363 0.1201 -0.9642
vn 0.9688 -0.0814 0.2342
vn 0.9674 -0.0859 0.2382
vn 0.9682 -0.0910 0.2329
vn -0.9624 -0.1477 -0.2279
vn -0.9625 -0.1474 -0.2279
vn -0.9624 -0.1474 -0.2280
vn -0.1837 -0.7470 0.6390
vn -0.1875 -0.7490 0.6355
vn -0.1829 -0.7496 0.6362
vn 0.8989 0.3493 -0.2647
vn 0.8989 0.3492 -0.2646
vn 0.8989 0.3492 -0.2647
vn 0.7136 -0.1621 0.6815
vn 0.7124 -0.1647 0.6822
vn 0.7146 -0.1636 0.6801
vn -0.9706 -0.0642 -0.2320
vn -0.9706 -0.0642 -0.2318
vn -0.9706 -0.0648 -0.2320
vn -0.2786 -0.3854 -0.8797
vn -0.2787 -0.3855 -0.8796
vn -0.2788 -0.3857 -0.8795
vn -0.1556 0.6306 0.7604
vn -0.1535 0.6326 0.7591
vn -0.1534 0.6302 0.7611
vn -0.2876 -0.1284 -0.9491
vn -0.2876 -0.1283 -0.9491
vn -0.2869 -0.1283 -0.9493
vn -0.2445 0.3969 -0.8847
vn -0.2444 0.3970 -0.8847
vn -0.2445 0.3968 -0.8847
vn 0.1666 0.9856 0.0301
vn 0.1660 0.9857 0.0294
vn 0.1663 0.9856 0.0301
vn 0.2271 -0.0517 -0.9725
vn 0.2307 -0.0627 -0.9710
vn 0.2279 -0.0633 -0.9716
vn -0.6502 0.4166 -0.6354
vn -0.6504 0.4164 -0.6354
vn -0.6505 0.4168 -0.6349
vn 0.1328 0.9864 -0.0966
vn 0.1328 0.9864 -0.0967
vn -0.0791 0.9965 0.0268
vn -0.0791 0.9965 0.0269
vn 0.4701 0.7825 0.4084
vn 0.4700 0.7817 0.4098
vn 0.4682 0.7836 0.4084
vn -0.6743 0.1700 0.7186
vn -0.6744 0.1705 0.7184
vn -0.3239 0.9417 -0.0913
vn 0.2761 -0.1441 0.9503
vn 0.2763 -0.1438 0.9503
vn 0.2758 -0.1435 0.9504
vn -0.9428 0.1787 0.2814
vn -0.9430 0.1787 0.2809
vn -0.2750 0.1439 -0.9506
vn -0.2754 0.1443 -0.9504
vn -0.2759 0.1442 -0.9503
vn 0.6194 0.7733 0.1357
vn 0.6193 0.7734 0.1358
vn 0.6193 0.7733 0.1357
vn -0.0659 0.9287 -0.3649
vn -0.0664 0.9290 -0.3642
vn -0.0660 0.9286 -0.3653
vn -0.8989 -0.3492 0.2646
vn -0.8989 -0.3493 0.2646
vn -0.7904 -0.5858 -0.1791
vn -0.9569 0.1753 -0.2315
vn -0.9569 0.1754 -0.2316
vn -0.9568 0.1752 -0.2321
vn -0.9550 -0.0887 0.2831
vn -0.9550 -0.0888 0.2831
vn 0.6505 -0.4163 0.6353
vn 0.6504 -0.4165 0.6353
vn 0.6504 -0.4165 0.6352
vn -0.4001 0.8167 -0.4158
vn -0.3997 0.8168 -0.4161
vn -0.3997 0.8166 -0.4164
vn 0.2282 -0.0514 -0.9723
vn 0.2278 -0.0511 -0.9724
vn 0.9611 -0.1496 0.2323
vn 0.9610 -0.1495 0.2327
vn 0.9615 -0.1485 0.2314
vn 0.2766 -0.1178 0.9537
vn 0.2774 -0.1177 0.9535
vn 0.2765 -0.1178 0.9538
vn 0.6814 -0.1389 -0.7186
vn 0.6806 -0.1390 -0.7194
vn 0.6814 -0.1398 -0.7185
vn 0.7037 -0.2203 0.6755
vn 0.7038 -0.2203 0.6753
vn 0.7039 -0.2202 0.6753
vn -0.9583 0.0052 0.2859
vn -0.9583 0.0051 0.2858
vn 0.9548 -0.0926 -0.2826
vn -0.7260 -0.0202 -0.6874
vn -0.7186 -0.1591 -0.6769
vn -0.7187 -0.1591 -0.6769
vn 0.7242 -0.0692 0.6861
vn 0.2820 -0.0582 0.9577
vn -0.9723 0.0043 -0.2339
vn -0.2897 -0.0404 -0.9563
vn -0.6840 -0.1577 0.7122
vn -0.6833 -0.1579 0.7129
vn -0.6835 -0.1582 0.7126
vn -0.2304 -0.0256 0.9728
vn -0.2305 -0.0257 0.9727
vn 0.9689 -0.0813 0.2339
vn 0.2238 -0.1190 -0.9673
vn 0.2237 -0.1190 -0.9674
vn 0.2238 -0.1190 -0.9674
vn 0.9319 -0.2321 -0.2786
vn 0.9319 -0.2321 -0.2787
vn -0.6863 -0.0060 0.7273
vn -0.6863 -0.0059 0.7273
vn 0.6871 -0.0713 -0.7231
vn -0.2337 -0.0948 0.9677
vn -0.2322 -0.0946 0.9681
vn -0.2341 -0.0939 0.9677
vn -0.2905 -0.1787 -0.9400
vn -0.2906 -0.1786 -0.9400
vn -0.2906 -0.1787 -0.9400
vn -0.9484 -0.1470 0.2810
vn 0.3108 0.9161 0.2532
vn 0.3110 0.9161 0.2531
vn 0.3109 0.9158 0.2541
vn -0.9285 -0.2500 0.2746
vn -0.9285 -0.2499 0.2746
vn -0.9285 -0.2500 0.2745
vn -0.2878 -0.2806 -0.9156
vn -0.2877 -0.2806 -0.9157
vn -0.2876 -0.2811 -0.9156
vn 0.9032 -0.3328 -0.2712
vn 0.9032 -0.3327 -0.2712
vn -0.6711 -0.2605 0.6941
vn -0.6709 -0.2606 0.6942
vn -0.6711 -0.2610 0.6939
vn -0.7050 -0.2623 -0.6590
vn -0.7051 -0.2616 -0.6591
vn -0.7051 -0.2617 -0.6591
vn 0.6805 -0.3214 0.6585
vn 0.6806 -0.3214 0.6584
vn 0.6805 -0.3215 0.6584
vn -0.9424 -0.2505 -0.2216
vn -0.9423 -0.2506 -0.2219
vn 0.2173 -0.2017 -0.9550
vn 0.2172 -0.2016 -0.9551
vn 0.2173 -0.2016 -0.9551
vn 0.2690 -0.2001 0.9421
vn 0.2691 -0.2002 0.9421
vn -0.2349 -0.1775 0.9557
vn -0.2352 -0.1776 0.9556
vn -0.2350 -0.1775 0.9557
vn 0.9455 -0.2317 0.2288
vn 0.9455 -0.2318 0.2287
vn 0.9455 -0.2317 0.2287
vn 0.6686 -0.2213 -0.7099
vn 0.6681 -0.2212 -0.7104
vn 0.6498 0.3572 -0.6709
vn 0.8767 -0.4295 0.2165
vn -0.8767 0.4295 -0.2165
vn 0.2819 -0.0487 0.9582
vn -0.5114 0.6469 0.5656
vn -0.7259 -0.0079 -0.6878
vn 0.2050 0.7963 0.5691
vn -0.3181 0.9430 0.0981
vn 0.6103 0.7721 -0.1770
vn -0.7343 0.6530 -0.1856
vn 0.4046 0.9106 0.0843
vn -0.5971 -0.5964 -0.5364
vn -0.6847 -0.3638 -0.6316
vn -0.9119 -0.3511 -0.2127
vn 0.2315 0.3730 -0.8985
vn -0.2118 -0.6074 0.7657
vn -0.0401 0.9951 0.0906
vn -0.0398 0.9951 0.0903
vn 0.1984 -0.6245 0.7554
vn 0.3998 0.9094 -0.1149
vn 0.7167 -0.1380 0.6836
vn -0.1962 0.6242 -0.7562
vn -0.9690 -0.0896 -0.2302
vn -0.2245 0.1508 0.9627
vn 0.7911 0.5842 0.1813
vn 0.4498 0.7778 -0.4390
vn -0.8637 0.4317 0.2603
vn 0.9476 -0.1499 -0.2821
vn 0.2089 0.6061 -0.7675
vn -0.6876 -0.0748 0.7222
vn 0.5411 -0.6416 0.5437
vn 0.9689 0.0900 0.2304
vn 0.6462 -0.3225 -0.6916
vn 0.8631 -0.4326 -0.2605
vn -0.1355 0.8038 -0.5793
vn 0.2241 -0.1516 -0.9627
vn -0.2196 -0.7548 -0.6181
vn -0.6574 -0.7292 0.1901
vn 0.2507 0.6123 0.7498
vn -0.1036 0.8100 0.5772
vn -0.1972 0.4039 0.8933
vn 0.1542 -0.7630 0.6277
vn -0.2138 0.9388 0.2702
vn -0.3756 0.8200 0.4320
vn 0.5137 -0.6436 -0.5674
vn 0.9163 -0.3321 0.2237
vn 0.7355 -0.6515 0.1860
vn 0.0074 0.9920 -0.1258
vn 0.0073 0.9920 -0.1257
vn 0.0072 0.9920 -0.1260
vn -0.2343 -0.1159 0.9652
vn 0.9111 0.3529 0.2128
vn 0.1537 -0.6294 -0.7617
vn -0.5050 -0.7405 -0.4435
vn -0.5671 -0.5923 0.5724
vn 0.7250 0.1035 0.6809
vn 0.1967 -0.4045 -0.8931
vn 0.6145 -0.4235 -0.6657
vn -0.6866 -0.0997 0.7201
vn 0.5666 0.5924 -0.5727
vn 0.6849 0.3653 0.6305
vn -0.7805 -0.5826 0.2269
vn 0.7259 -0.6513 -0.2209
vn 0.5976 -0.7866 0.1555
vn -0.5419 0.6413 -0.5433
vn -0.2323 0.9367 -0.2620
vn 0.2788 0.3856 0.8796
vn 0.5978 0.5954 0.5367
vn -0.9566 -0.0639 0.2843
vn 0.5880 -0.7882 -0.1816
vn 0.1144 -0.7695 -0.6283
vn 0.3000 0.9135 -0.2749
vn -0.2910 -0.0958 -0.9519
vn 0.1295 0.9214 -0.3665
vn -0.7139 0.1622 -0.6812
vn 0.4130 -0.7824 -0.4661
vn -0.2333 -0.2797 0.9313
vn -0.7258 -0.1063 -0.6796
vn -0.0440 0.9320 0.3597
vn -0.5403 0.8251 0.1650
vn 0.2569 -0.3016 0.9182
vn 0.9557 -0.0821 -0.2827
vn -0.7240 -0.0760 -0.6856
vn 0.6866 0.0998 -0.7202
vn -0.6666 -0.7305 -0.1483
vn 0.7795 0.5836 -0.2275
vn 0.1743 0.7892 -0.5889
vn -0.5471 0.8248 -0.1431
vn -0.2510 -0.6114 -0.7505
vn -0.4834 -0.7347 0.4761
vn 0.2882 0.1272 0.9491
vn 0.2364 0.1201 -0.9642
vn -0.1874 -0.7489 0.6356
vn 0.8990 0.3490 -0.2646
vn 0.7120 -0.1655 0.6824
vn -0.9705 -0.0643 -0.2322
vn -0.2786 -0.3852 -0.8798
vn -0.2877 -0.1284 -0.9491
vn -0.2446 0.3967 -0.8847
vn 0.1376 0.9870 0.0830
vn 0.1376 0.9870 0.0829
vn -0.6503 0.4165 -0.6354
vn 0.1645 0.9853 -0.0455
vn 0.1645 0.9853 -0.0456
vn -0.0805 0.9962 -0.0332
vn -0.0805 0.9962 -0.0328
vn -0.0804 0.9962 -0.0329
vn 0.4700 0.7815 0.4102
vn 0.2758 -0.1440 0.9504
vn -0.9428 0.1789 0.2813
vn -0.2756 0.1441 -0.9504
vn 0.6191 0.7735 0.1359
vn -0.0661 0.9289 -0.3645
vn -0.8989 -0.3490 0.2648
vn -0.7904 -0.5857 -0.1792
vn -0.9568 0.1756 -0.2317
vn -0.3997 0.8167 -0.4163
vn 0.9611 -0.1495 0.2323
vn 0.2770 -0.1177 0.9536
vn 0.6803 -0.1391 -0.7197
vn 0.7038 -0.2202 0.6754
vn -0.7187 -0.1590 -0.6769
vn 0.6879 -0.0713 -0.7223
vn -0.2328 -0.0947 0.9679
vn -0.2902 -0.1789 -0.9401
vn 0.3107 0.9162 0.2532
vn -0.9285 -0.2501 0.2744
vn -0.2878 -0.2807 -0.9156
vn 0.9032 -0.3330 -0.2709
vn -0.6708 -0.2607 0.6943
vn -0.7050 -0.2617 -0.6591
vn 0.6805 -0.3216 0.6584
vn 0.2689 -0.2001 0.9422
vn -0.2345 -0.1774 0.9558
vn 0.9455 -0.2317 0.2289
vn 0.6680 -0.2213 -0.7105
vn -0.9260 -0.0217 -0.3770
vn -0.9260 -0.0217 -0.3769
vn 0.3699 -0.1154 -0.9219
vn 0.3698 -0.1154 -0.9219
vn -0.9866 0.0046 -0.1629
vn -0.9867 0.0047 -0.1622
vn -0.9867 0.0046 -0.1622
vn 0.1551 -0.1171 -0.9809
vn 0.1550 -0.1171 -0.9809
vn 0.1547 -0.1171 -0.9810
vn -0.9976 0.0309 0.0617
vn -0.9976 0.0309 0.0621
vn -0.9976 0.0312 0.0618
vn -0.0670 -0.1130 -0.9913
vn -0.0675 -0.1126 -0.9913
vn -0.0671 -0.1131 -0.9913
vn -0.2856 -0.1034 -0.9528
vn -0.2857 -0.1034 -0.9527
vn 0.9574 -0.0555 -0.2833
vn 0.9574 -0.0554 -0.2833
vn -0.4903 -0.0886 -0.8671
vn -0.4903 -0.0886 -0.8670
vn 0.8685 -0.0773 -0.4896
vn -0.6710 -0.0695 -0.7382
vn -0.6708 -0.0698 -0.7384
vn -0.6710 -0.0694 -0.7382
vn 0.7359 -0.0957 -0.6703
vn 0.7361 -0.0954 -0.6701
vn 0.7355 -0.0955 -0.6708
vn -0.8188 -0.0467 -0.5721
vn -0.8188 -0.0467 -0.5722
vn 0.5669 -0.1079 -0.8167
vn 0.5668 -0.1080 -0.8167
vn -0.9870 -0.0707 -0.1446
vn -0.9870 -0.0705 -0.1446
vn -0.9870 -0.0705 -0.1445
vn 0.1544 -0.3307 -0.9310
vn 0.1543 -0.3310 -0.9309
vn -0.9977 0.0057 0.0675
vn -0.9977 0.0053 0.0671
vn -0.9977 0.0048 0.0678
vn -0.0677 -0.3380 -0.9387
vn -0.0677 -0.3378 -0.9388
vn -0.2863 -0.3281 -0.9002
vn -0.2866 -0.3284 -0.9000
vn 0.9574 -0.0810 -0.2773
vn 0.9573 -0.0809 -0.2774
vn 0.9573 -0.0810 -0.2774
vn -0.4909 -0.3022 -0.8171
vn 0.8683 -0.1532 -0.4719
vn 0.8683 -0.1525 -0.4721
vn -0.6716 -0.2613 -0.6933
vn 0.7356 -0.2160 -0.6420
vn 0.7354 -0.2164 -0.6422
vn -0.8190 -0.2073 -0.5350
vn -0.8193 -0.2072 -0.5346
vn -0.8189 -0.2078 -0.5349
vn 0.5664 -0.2685 -0.7792
vn 0.5661 -0.2687 -0.7793
vn -0.9263 -0.1429 -0.3486
vn -0.9263 -0.1426 -0.3487
vn 0.3693 -0.3068 -0.8772
vn 0.3693 -0.3073 -0.8770
vn 0.1621 -0.5274 -0.8340
vn 0.1628 -0.5272 -0.8340
vn 0.1629 -0.5273 -0.8339
vn -0.9967 -0.0182 0.0793
vn -0.9967 -0.0186 0.0792
vn -0.9967 -0.0180 0.0792
vn -0.0588 -0.5445 -0.8367
vn -0.0589 -0.5445 -0.8367
vn -0.2774 -0.5349 -0.7981
vn -0.2777 -0.5345 -0.7982
vn 0.9584 -0.1047 -0.2657
vn -0.4825 -0.4988 -0.7200
vn -0.4822 -0.4991 -0.7200
vn -0.4827 -0.4989 -0.7198
vn 0.8713 -0.2220 -0.4377
vn 0.8712 -0.2220 -0.4378
vn -0.6640 -0.4379 -0.6062
vn -0.6640 -0.4378 -0.6061
vn -0.6640 -0.4379 -0.6061
vn 0.7404 -0.3275 -0.5870
vn 0.7404 -0.3274 -0.5870
vn -0.8129 -0.3550 -0.4617
vn -0.8129 -0.3549 -0.4617
vn -0.8130 -0.3549 -0.4617
vn 0.5727 -0.4161 -0.7063
vn -0.9216 -0.2539 -0.2937
vn -0.9217 -0.2535 -0.2937
vn -0.9216 -0.2540 -0.2937
vn 0.3769 -0.4838 -0.7899
vn -0.9840 -0.1400 -0.1103
vn -0.9946 -0.0386 0.0960
vn -0.9946 -0.0386 0.0961
vn -0.9946 -0.0387 0.0961
vn -0.0408 -0.7222 -0.6905
vn -0.0408 -0.7221 -0.6906
vn -0.0409 -0.7221 -0.6905
vn -0.2594 -0.7125 -0.6520
vn -0.2595 -0.7124 -0.6520
vn 0.9604 -0.1249 -0.2489
vn 0.9604 -0.1249 -0.2490
vn 0.9604 -0.1250 -0.2489
vn -0.4654 -0.6676 -0.5811
vn 0.8773 -0.2816 -0.3887
vn 0.8773 -0.2815 -0.3888
vn 0.8773 -0.2816 -0.3888
vn -0.6487 -0.5895 -0.4813
vn -0.6485 -0.5894 -0.4818
vn -0.6486 -0.5896 -0.4813
vn 0.7501 -0.4231 -0.5083
vn 0.7502 -0.4232 -0.5080
vn 0.7501 -0.4232 -0.5083
vn -0.8001 -0.4819 -0.3573
vn -0.8002 -0.4816 -0.3574
vn -0.8002 -0.4819 -0.3570
vn 0.5856 -0.5431 -0.6018
vn 0.5856 -0.5427 -0.6021
vn -0.9119 -0.3497 -0.2150
vn -0.9119 -0.3497 -0.2149
vn -0.9117 -0.3500 -0.2150
vn 0.3922 -0.6356 -0.6650
vn 0.3922 -0.6355 -0.6650
vn 0.3918 -0.6360 -0.6649
vn -0.9780 -0.1996 -0.0613
vn -0.9780 -0.1995 -0.0613
vn -0.9780 -0.1996 -0.0614
vn 0.1793 -0.6962 -0.6951
vn 0.1799 -0.6961 -0.6950
vn 0.1800 -0.6961 -0.6950
vn -0.0148 -0.8611 -0.5083
vn -0.0148 -0.8611 -0.5082
vn -0.2335 -0.8514 -0.4696
vn -0.2334 -0.8514 -0.4697
vn -0.2332 -0.8516 -0.4695
vn 0.9634 -0.1406 -0.2284
vn 0.9633 -0.1407 -0.2284
vn 0.9634 -0.1407 -0.2283
vn -0.4406 -0.7997 -0.4078
vn -0.4407 -0.7997 -0.4078
vn 0.8860 -0.3280 -0.3278
vn 0.8860 -0.3281 -0.3277
vn -0.6269 -0.7079 -0.3254
vn -0.6264 -0.7082 -0.3256
vn 0.7641 -0.4977 -0.4104
vn 0.7641 -0.4980 -0.4100
vn 0.7641 -0.4982 -0.4099
vn -0.7816 -0.5808 -0.2273
vn -0.7815 -0.5811 -0.2270
vn 0.6042 -0.6424 -0.4716
vn 0.6041 -0.6424 -0.4716
vn 0.6041 -0.6424 -0.4715
vn -0.8978 -0.4246 -0.1167
vn -0.8978 -0.4246 -0.1173
vn 0.4147 -0.7543 -0.5090
vn 0.4144 -0.7542 -0.5094
vn 0.4144 -0.7542 -0.5093
vn -0.9692 -0.2461 -0.0002
vn -0.9693 -0.2461 -0.0003
vn -0.9693 -0.2460 -0.0002
vn 0.2047 -0.8282 -0.5218
vn 0.2047 -0.8282 -0.5217
vn -0.9917 -0.0544 0.1167
vn -0.2008 -0.9442 -0.2612
vn -0.2007 -0.9443 -0.2609
vn 0.9672 -0.1509 -0.2043
vn 0.9670 -0.1513 -0.2048
vn 0.9671 -0.1512 -0.2047
vn -0.4095 -0.8880 -0.2094
vn -0.4092 -0.8881 -0.2092
vn -0.4096 -0.8879 -0.2094
vn 0.8970 -0.3593 -0.2576
vn 0.8970 -0.3592 -0.2576
vn -0.5984 -0.7875 -0.1474
vn -0.5985 -0.7875 -0.1475
vn -0.5981 -0.7878 -0.1473
vn 0.7817 -0.5480 -0.2976
vn 0.7818 -0.5480 -0.2976
vn -0.7583 -0.6472 -0.0783
vn -0.7581 -0.6474 -0.0780
vn -0.7581 -0.6474 -0.0779
vn 0.6278 -0.7085 -0.3225
vn 0.6274 -0.7089 -0.3223
vn 0.6281 -0.7084 -0.3220
vn -0.8802 -0.4746 -0.0044
vn -0.8802 -0.4745 -0.0043
vn 0.4424 -0.8334 -0.3311
vn 0.4424 -0.8334 -0.3312
vn 0.4424 -0.8335 -0.3311
vn -0.9583 -0.2772 0.0697
vn 0.2358 -0.9165 -0.3233
vn 0.2358 -0.9164 -0.3233
vn 0.2354 -0.9167 -0.3229
vn -0.9880 -0.0649 0.1405
vn -0.9879 -0.0649 0.1406
vn 0.0179 -0.9539 -0.2995
vn 0.0179 -0.9539 -0.2994
vn 0.9714 -0.1561 -0.1790
vn 0.9713 -0.1560 -0.1793
vn -0.3737 -0.9275 0.0033
vn -0.3738 -0.9275 0.0034
vn 0.9096 -0.3731 -0.1826
vn 0.9096 -0.3732 -0.1827
vn 0.9096 -0.3731 -0.1827
vn -0.5659 -0.8233 0.0437
vn -0.5665 -0.8228 0.0443
vn -0.5661 -0.8232 0.0439
vn 0.8020 -0.5704 -0.1771
vn 0.8020 -0.5704 -0.1770
vn -0.7312 -0.6772 0.0820
vn -0.7313 -0.6771 0.0818
vn -0.7312 -0.6772 0.0821
vn 0.6545 -0.7384 -0.1626
vn 0.6546 -0.7382 -0.1631
vn -0.8599 -0.4970 0.1163
vn -0.8599 -0.4970 0.1164
vn 0.4746 -0.8690 -0.1401
vn 0.4743 -0.8691 -0.1402
vn 0.4745 -0.8690 -0.1400
vn -0.9454 -0.2919 0.1449
vn -0.9456 -0.2912 0.1449
vn -0.9456 -0.2913 0.1449
vn 0.2716 -0.9560 -0.1105
vn -0.9836 -0.0697 0.1662
vn -0.9836 -0.0698 0.1663
vn 0.0556 -0.9956 -0.0757
vn 0.0556 -0.9956 -0.0756
vn -0.1630 -0.9859 -0.0371
vn -0.3352 -0.9164 0.2190
vn -0.3352 -0.9163 0.2190
vn 0.9232 -0.3693 -0.1067
vn 0.9230 -0.3697 -0.1066
vn 0.9232 -0.3693 -0.1066
vn -0.5316 -0.8130 0.2374
vn -0.5317 -0.8130 0.2374
vn 0.8239 -0.5641 -0.0549
vn 0.8239 -0.5641 -0.0548
vn -0.7022 -0.6688 0.2440
vn -0.7022 -0.6688 0.2441
vn -0.7023 -0.6688 0.2441
vn 0.6835 -0.7300 -0.0005
vn 0.6834 -0.7300 -0.0005
vn -0.8381 -0.4907 0.2385
vn -0.8380 -0.4907 0.2386
vn 0.5091 -0.8590 0.0534
vn 0.5092 -0.8590 0.0537
vn 0.5092 -0.8590 0.0538
vn -0.9320 -0.2873 0.2209
vn -0.9320 -0.2872 0.2209
vn -0.9321 -0.2872 0.2209
vn 0.3105 -0.9448 0.1051
vn 0.3101 -0.9449 0.1051
vn 0.3102 -0.9448 0.1051
vn -0.9790 -0.0684 0.1919
vn -0.9790 -0.0683 0.1920
vn -0.9789 -0.0685 0.1923
vn 0.0961 -0.9838 0.1512
vn 0.0962 -0.9838 0.1512
vn -0.1225 -0.9742 0.1898
vn -0.1217 -0.9742 0.1902
vn 0.9760 -0.1547 -0.1531
vn 0.9760 -0.1547 -0.1532
vn 0.9370 -0.3478 -0.0339
vn 0.9370 -0.3476 -0.0335
vn -0.4964 -0.7579 0.4233
vn -0.4965 -0.7579 0.4233
vn 0.8461 -0.5293 0.0624
vn 0.8462 -0.5291 0.0626
vn 0.8459 -0.5296 0.0630
vn -0.6729 -0.6229 0.3990
vn -0.6724 -0.6228 0.4000
vn -0.6728 -0.6227 0.3996
vn 0.7130 -0.6838 0.1555
vn 0.7129 -0.6839 0.1550
vn -0.8158 -0.4560 0.3557
vn -0.8159 -0.4559 0.3557
vn -0.8158 -0.4559 0.3557
vn 0.5444 -0.8039 0.2395
vn 0.5444 -0.8039 0.2396
vn -0.9182 -0.2657 0.2938
vn -0.9183 -0.2653 0.2938
vn 0.3494 -0.8835 0.3120
vn 0.3494 -0.8835 0.3119
vn 0.3493 -0.8835 0.3120
vn -0.9743 -0.0611 0.2166
vn -0.9743 -0.0610 0.2166
vn -0.9743 -0.0611 0.2167
vn 0.1374 -0.9193 0.3689
vn 0.1374 -0.9193 0.3688
vn -0.0812 -0.9096 0.4074
vn 0.9807 -0.1471 -0.1285
vn 0.9807 -0.1474 -0.1284
vn 0.9807 -0.1474 -0.1283
vn -0.2959 -0.8550 0.4259
vn -0.2962 -0.8550 0.4257
vn -0.2960 -0.8550 0.4259
vn -0.4624 -0.6607 0.5913
vn -0.4625 -0.6607 0.5913
vn -0.4619 -0.6608 0.5916
vn 0.8675 -0.4680 0.1684
vn 0.8674 -0.4683 0.1685
vn -0.6441 -0.5411 0.5407
vn -0.6443 -0.5414 0.5401
vn -0.6443 -0.5413 0.5402
vn 0.7409 -0.6029 0.2959
vn 0.7413 -0.6026 0.2956
vn -0.7944 -0.3945 0.4618
vn -0.7943 -0.3945 0.4620
vn -0.7946 -0.3943 0.4617
vn 0.5784 -0.7066 0.4076
vn 0.5784 -0.7067 0.4076
vn 0.5780 -0.7066 0.4082
vn -0.9051 -0.2270 0.3596
vn -0.9049 -0.2274 0.3599
vn -0.9049 -0.2270 0.3600
vn 0.3872 -0.7753 0.4991
vn 0.3872 -0.7753 0.4990
vn 0.3869 -0.7752 0.4993
vn -0.9698 -0.0480 0.2393
vn -0.9698 -0.0479 0.2393
vn 0.1772 -0.8054 0.5656
vn 0.1772 -0.8055 0.5655
vn -0.0414 -0.7958 0.6042
vn -0.0415 -0.7958 0.6042
vn -0.0411 -0.7957 0.6043
vn 0.9853 -0.1344 -0.1059
vn 0.9852 -0.1344 -0.1059
vn -0.2581 -0.7468 0.6129
vn -0.2582 -0.7468 0.6129
vn 0.9506 -0.3089 0.0320
vn 0.9504 -0.3095 0.0324
vn 0.9504 -0.3094 0.0324
vn -0.6185 -0.4289 0.6585
vn -0.6185 -0.4293 0.6581
vn -0.6186 -0.4292 0.6581
vn 0.7671 -0.4905 0.4135
vn 0.7671 -0.4904 0.4136
vn -0.7749 -0.3100 0.5508
vn -0.7750 -0.3099 0.5508
vn 0.6092 -0.5726 0.5486
vn 0.6092 -0.5726 0.5487
vn -0.8927 -0.1748 0.4153
vn -0.8928 -0.1749 0.4151
vn -0.8928 -0.1748 0.4151
vn 0.4215 -0.6261 0.6560
vn 0.4212 -0.6259 0.6564
vn 0.4215 -0.6260 0.6561
vn -0.9656 -0.0298 0.2583
vn -0.9656 -0.0307 0.2584
vn -0.9656 -0.0299 0.2584
vn 0.2133 -0.6488 0.7304
vn 0.2133 -0.6484 0.7308
vn 0.2132 -0.6484 0.7308
vn -0.0054 -0.6388 0.7693
vn -0.0054 -0.6388 0.7694
vn 0.9894 -0.1165 -0.0871
vn 0.9894 -0.1165 -0.0870
vn -0.2239 -0.5975 0.7700
vn -0.2241 -0.5977 0.7698
vn 0.9625 -0.2567 0.0878
vn 0.9625 -0.2568 0.0878
vn -0.4316 -0.5266 0.7324
vn -0.4317 -0.5266 0.7324
vn 0.8870 -0.3834 0.2575
vn 0.8870 -0.3834 0.2574
vn 0.7889 -0.3534 0.5027
vn 0.7889 -0.3535 0.5027
vn -0.7586 -0.2068 0.6179
vn -0.7587 -0.2063 0.6180
vn -0.7586 -0.2067 0.6180
vn 0.6352 -0.4089 0.6552
vn -0.8825 -0.1105 0.4571
vn -0.8824 -0.1104 0.4574
vn 0.4505 -0.4438 0.7747
vn 0.4504 -0.4439 0.7746
vn -0.9622 -0.0083 0.2723
vn -0.9622 -0.0082 0.2722
vn -0.9622 -0.0082 0.2723
vn 0.2438 -0.4567 0.8556
vn 0.2437 -0.4567 0.8556
vn 0.0252 -0.4466 0.8944
vn 0.0252 -0.4471 0.8941
vn 0.0251 -0.4470 0.8942
vn 0.9928 -0.0946 -0.0729
vn 0.9928 -0.0946 -0.0728
vn -0.1949 -0.4154 0.8885
vn -0.1948 -0.4153 0.8886
vn -0.1949 -0.4153 0.8886
vn 0.9727 -0.1925 0.1296
vn -0.4056 -0.3629 0.8389
vn -0.4052 -0.3627 0.8392
vn 0.9034 -0.2802 0.3246
vn -0.5968 -0.2923 0.7473
vn -0.5970 -0.2919 0.7472
vn -0.7460 -0.0904 0.6598
vn -0.7461 -0.0903 0.6597
vn -0.7460 -0.0903 0.6598
vn 0.6551 -0.2249 0.7213
vn 0.6551 -0.2244 0.7215
vn -0.8747 -0.0381 0.4831
vn -0.8748 -0.0375 0.4831
vn 0.4726 -0.2384 0.8484
vn 0.4725 -0.2385 0.8484
vn 0.4721 -0.2381 0.8488
vn -0.9595 0.0163 0.2811
vn 0.2670 -0.2407 0.9331
vn 0.0484 -0.2310 0.9717
vn 0.0481 -0.2312 0.9717
vn 0.0480 -0.2306 0.9719
vn 0.9954 -0.0699 -0.0649
vn 0.9955 -0.0695 -0.0640
vn 0.9955 -0.0696 -0.0639
vn -0.1728 -0.2099 0.9623
vn -0.1727 -0.2099 0.9623
vn -0.1730 -0.2097 0.9623
vn 0.9805 -0.1200 0.1556
vn 0.9804 -0.1207 0.1558
vn 0.9805 -0.1201 0.1557
vn -0.3858 -0.1784 0.9052
vn -0.3857 -0.1785 0.9052
vn -0.3857 -0.1784 0.9052
vn 0.9159 -0.1637 0.3664
vn 0.9159 -0.1638 0.3664
vn 0.9159 -0.1637 0.3665
vn -0.5803 -0.1383 0.8026
vn -0.5802 -0.1379 0.8027
vn -0.5802 -0.1378 0.8027
vn 0.8055 -0.1991 0.5581
vn 0.8055 -0.1991 0.5582
vn 0.6676 -0.0290 0.7439
vn 0.6676 -0.0291 0.7439
vn -0.8698 0.0386 0.4919
vn -0.8698 0.0385 0.4919
vn 0.4866 -0.0211 0.8734
vn 0.4866 -0.0210 0.8734
vn 0.4862 -0.0206 0.8736
vn -0.9579 0.0423 0.2841
vn -0.9579 0.0423 0.2840
vn -0.9579 0.0424 0.2841
vn 0.2818 -0.0119 0.9594
vn 0.2817 -0.0120 0.9594
vn 0.2817 -0.0119 0.9594
vn 0.0631 -0.0023 0.9980
vn 0.0629 -0.0020 0.9980
vn 0.9972 -0.0439 -0.0611
vn 0.9972 -0.0440 -0.0610
vn 0.9972 -0.0439 -0.0610
vn -0.1597 0.0075 0.9871
vn -0.1587 0.0075 0.9873
vn 0.9854 -0.0434 0.1644
vn 0.9854 -0.0433 0.1644
vn 0.9854 -0.0433 0.1645
vn -0.3726 0.0169 0.9278
vn -0.3732 0.0169 0.9276
vn -0.3728 0.0172 0.9278
vn 0.9239 -0.0405 0.3806
vn 0.9238 -0.0405 0.3806
vn -0.5696 0.0255 0.8215
vn -0.5696 0.0256 0.8215
vn -0.5697 0.0256 0.8215
vn 0.8164 -0.0357 0.5764
vn 0.8160 -0.0357 0.5769
vn 0.8162 -0.0355 0.5767
vn -0.7381 0.0329 0.6739
vn -0.7382 0.0333 0.6737
vn -0.7379 0.0331 0.6741
vn -0.8680 0.1155 0.4830
vn -0.8681 0.1149 0.4830
vn -0.8680 0.1155 0.4829
vn 0.4917 0.1974 0.8481
vn 0.4918 0.1968 0.8482
vn 0.4917 0.1968 0.8482
vn -0.9573 0.0690 0.2809
vn -0.9573 0.0685 0.2807
vn -0.9573 0.0680 0.2811
vn 0.2872 0.2172 0.9329
vn 0.2876 0.2168 0.9329
vn 0.2875 0.2176 0.9327
vn 0.0686 0.2269 0.9715
vn 0.0685 0.2269 0.9715
vn 0.9978 -0.0178 -0.0634
vn 0.9978 -0.0175 -0.0642
vn 0.9978 -0.0175 -0.0641
vn -0.1536 0.2253 0.9621
vn -0.1536 0.2257 0.9620
vn 0.9873 0.0335 0.1556
vn 0.9873 0.0334 0.1556
vn -0.3686 0.2126 0.9050
vn -0.3685 0.2126 0.9050
vn 0.9268 0.0830 0.3663
vn 0.9269 0.0834 0.3659
vn 0.9266 0.0833 0.3667
vn -0.5657 0.1892 0.8026
vn -0.5657 0.1893 0.8026
vn -0.5658 0.1892 0.8025
vn 0.8202 0.1280 0.5576
vn 0.8199 0.1280 0.5580
vn 0.8199 0.1281 0.5580
vn -0.7352 0.1563 0.6596
vn -0.7354 0.1565 0.6593
vn 0.6723 0.1667 0.7213
vn 0.6723 0.1666 0.7213
vn -0.9577 0.0932 0.2722
vn -0.9577 0.0932 0.2723
vn 0.2831 0.4344 0.8551
vn 0.2830 0.4345 0.8551
vn 0.0644 0.4441 0.8937
vn 0.9973 0.0069 -0.0730
vn 0.9973 0.0069 -0.0729
vn 0.9973 0.0072 -0.0733
vn -0.1575 0.4318 0.8881
vn 0.9859 0.1064 0.1294
vn 0.9859 0.1063 0.1294
vn 0.9859 0.1064 0.1295
vn -0.3721 0.3980 0.8385
vn -0.3721 0.3981 0.8385
vn 0.9246 0.1999 0.3244
vn 0.9245 0.2000 0.3244
vn -0.5687 0.3445 0.7469
vn -0.5687 0.3444 0.7470
vn 0.8170 0.2832 0.5024
vn 0.8169 0.2832 0.5024
vn -0.7374 0.2733 0.6177
vn -0.7374 0.2734 0.6177
vn 0.6688 0.3521 0.6548
vn 0.6686 0.3518 0.6551
vn 0.6685 0.3525 0.6549
vn -0.8694 0.1882 0.4569
vn -0.8694 0.1883 0.4569
vn 0.4878 0.4033 0.7742
vn 0.4874 0.4036 0.7743
vn 0.2696 0.6279 0.7301
vn 0.2695 0.6279 0.7301
vn 0.0509 0.6376 0.7687
vn 0.9958 0.0289 -0.0872
vn 0.9958 0.0290 -0.0872
vn -0.1703 0.6157 0.7693
vn -0.1704 0.6157 0.7693
vn -0.1703 0.6158 0.7693
vn 0.9813 0.1712 0.0875
vn -0.3836 0.5636 0.7316
vn -0.3836 0.5633 0.7318
vn -0.3837 0.5633 0.7318
vn 0.9173 0.3042 0.2570
vn 0.9173 0.3042 0.2571
vn -0.5784 0.4827 0.6577
vn -0.5784 0.4826 0.6577
vn 0.8073 0.4215 0.4131
vn 0.8072 0.4218 0.4130
vn -0.7446 0.3776 0.5504
vn -0.7447 0.3775 0.5504
vn 0.6573 0.5173 0.5481
vn 0.6575 0.5175 0.5477
vn 0.6572 0.5174 0.5481
vn -0.8739 0.2534 0.4148
vn -0.8739 0.2531 0.4151
vn -0.8739 0.2531 0.4150
vn 0.4749 0.5873 0.6554
vn 0.4748 0.5871 0.6557
vn -0.9593 0.1152 0.2580
vn -0.9592 0.1152 0.2580
vn 0.0287 0.7975 0.6026
vn 0.0287 0.7970 0.6033
vn 0.9933 0.0475 -0.1055
vn 0.9933 0.0467 -0.1054
vn 0.9933 0.0467 -0.1056
vn -0.1914 0.7673 0.6121
vn 0.9739 0.2248 0.0320
vn 0.9739 0.2246 0.0321
vn 0.9739 0.2247 0.0321
vn -0.4025 0.6995 0.5905
vn -0.4025 0.6994 0.5906
vn 0.9054 0.3900 0.1680
vn 0.9054 0.3900 0.1679
vn 0.9053 0.3901 0.1680
vn -0.5942 0.5966 0.5395
vn -0.5942 0.5965 0.5395
vn 0.7915 0.5353 0.2950
vn 0.7915 0.5353 0.2949
vn -0.7566 0.4634 0.4613
vn 0.6384 0.6534 0.4068
vn 0.6384 0.6534 0.4069
vn -0.8813 0.3065 0.3596
vn -0.8813 0.3066 0.3595
vn 0.4539 0.7388 0.4982
vn 0.4539 0.7387 0.4982
vn -0.9618 0.1333 0.2393
vn -0.9619 0.1331 0.2387
vn -0.9618 0.1333 0.2392
vn 0.2474 0.7873 0.5647
vn 0.2476 0.7874 0.5645
vn -0.0008 0.9137 0.4064
vn -0.0008 0.9137 0.4065
vn 0.9899 0.0603 -0.1284
vn 0.9899 0.0604 -0.1284
vn 0.9898 0.0605 -0.1287
vn -0.2196 0.8782 0.4250
vn -0.2195 0.8782 0.4250
vn 0.9640 0.2638 -0.0340
vn 0.9640 0.2638 -0.0339
vn 0.9639 0.2642 -0.0338
vn -0.4278 0.7991 0.4224
vn -0.4278 0.7991 0.4225
vn 0.8894 0.4529 0.0619
vn 0.8894 0.4528 0.0620
vn -0.6154 0.6800 0.3986
vn -0.6153 0.6799 0.3989
vn -0.6154 0.6799 0.3989
vn 0.7704 0.6187 0.1543
vn 0.7703 0.6187 0.1543
vn 0.7705 0.6186 0.1539
vn -0.7725 0.5263 0.3552
vn -0.7725 0.5264 0.3552
vn 0.6130 0.7532 0.2384
vn 0.6130 0.7531 0.2388
vn 0.6130 0.7531 0.2387
vn -0.8913 0.3459 0.2931
vn -0.8912 0.3457 0.2936
vn -0.8913 0.3456 0.2936
vn 0.4258 0.8497 0.3110
vn -0.9650 0.1465 0.2174
vn -0.9650 0.1472 0.2170
vn -0.9651 0.1464 0.2173
vn 0.2178 0.9040 0.3678
vn 0.2178 0.9040 0.3679
vn -0.2537 0.9424 0.2180
vn -0.2532 0.9425 0.2180
vn 0.9523 0.2861 -0.1060
vn 0.9521 0.2864 -0.1069
vn 0.9521 0.2865 -0.1069
vn -0.4581 0.8569 0.2366
vn -0.4583 0.8566 0.2370
vn -0.4581 0.8569 0.2365
vn 0.8703 0.4893 -0.0553
vn 0.8704 0.4893 -0.0554
vn 0.8703 0.4894 -0.0554
vn -0.6407 0.7283 0.2432
vn -0.6408 0.7280 0.2437
vn -0.6411 0.7280 0.2430
vn 0.7450 0.6671 -0.0012
vn 0.7450 0.6671 -0.0013
vn 0.7450 0.6670 -0.0013
vn -0.7916 0.5628 0.2380
vn -0.7917 0.5628 0.2377
vn -0.7916 0.5628 0.2379
vn 0.5828 0.8109 0.0528
vn 0.5828 0.8109 0.0529
vn -0.9030 0.3687 0.2206
vn -0.9031 0.3684 0.2205
vn -0.9031 0.3685 0.2205
vn 0.3921 0.9140 0.1041
vn 0.3921 0.9140 0.1042
vn -0.9692 0.1544 0.1918
vn -0.9693 0.1538 0.1917
vn -0.9691 0.1543 0.1922
vn 0.1824 0.9716 0.1505
vn 0.1824 0.9717 0.1501
vn 0.1823 0.9717 0.1501
vn -0.0362 0.9814 0.1887
vn -0.0363 0.9814 0.1888
vn -0.0363 0.9814 0.1887
vn 0.9859 0.0680 -0.1532
vn 0.9859 0.0681 -0.1531
vn 0.9858 0.0681 -0.1532
vn 0.9389 0.2915 -0.1832
vn 0.9389 0.2913 -0.1836
vn 0.9388 0.2918 -0.1831
vn -0.4917 0.8697 0.0428
vn 0.8492 0.4974 -0.1773
vn 0.8491 0.4975 -0.1776
vn -0.6688 0.7390 0.0813
vn -0.6690 0.7388 0.0811
vn 0.7169 0.6778 -0.1633
vn 0.7171 0.6775 -0.1635
vn -0.8128 0.5709 0.1157
vn -0.8127 0.5711 0.1158
vn -0.8127 0.5711 0.1155
vn 0.5492 0.8238 -0.1409
vn 0.5494 0.8236 -0.1413
vn -0.9163 0.3735 0.1445
vn -0.9164 0.3734 0.1445
vn 0.3547 0.9283 -0.1116
vn 0.3546 0.9283 -0.1115
vn -0.9736 0.1565 0.1661
vn -0.9737 0.1561 0.1660
vn -0.9737 0.1562 0.1659
vn 0.1430 0.9867 -0.0768
vn 0.1429 0.9868 -0.0767
vn -0.0757 0.9964 -0.0382
vn -0.0760 0.9964 -0.0376
vn -0.0765 0.9963 -0.0387
vn 0.9813 0.0698 -0.1795
vn 0.9813 0.0698 -0.1792
vn -0.2901 0.9570 0.0023
vn -0.2907 0.9568 0.0024
vn -0.2906 0.9568 0.0023
vn -0.5269 0.8369 -0.1483
vn 0.8269 0.4768 -0.2982
vn 0.8267 0.4770 -0.2983
vn -0.6982 0.7116 -0.0787
vn -0.6981 0.7116 -0.0791
vn -0.6982 0.7115 -0.0787
vn 0.6874 0.6503 -0.3232
vn 0.6874 0.6504 -0.3232
vn -0.8352 0.5500 -0.0054
vn -0.8349 0.5503 -0.0050
vn -0.8351 0.5501 -0.0048
vn 0.5143 0.7910 -0.3314
vn 0.5143 0.7906 -0.3324
vn 0.5140 0.7909 -0.3320
vn -0.9301 0.3606 0.0695
vn -0.9302 0.3606 0.0693
vn -0.9302 0.3605 0.0693
vn 0.3156 0.8920 -0.3235
vn 0.3155 0.8918 -0.3243
vn -0.9784 0.1518 0.1403
vn -0.9784 0.1514 0.1404
vn -0.9784 0.1517 0.1402
vn 0.1018 0.9483 -0.3005
vn 0.1018 0.9484 -0.3004
vn -0.1169 0.9580 -0.2619
vn -0.1172 0.9580 -0.2618
vn 0.9767 0.0654 -0.2045
vn 0.9767 0.0657 -0.2043
vn -0.3298 0.9203 -0.2104
vn 0.9251 0.2786 -0.2580
vn 0.8050 0.4284 -0.4105
vn 0.8049 0.4284 -0.4105
vn 0.8045 0.4289 -0.4109
vn -0.7273 0.6474 -0.2277
vn 0.6583 0.5862 -0.4722
vn 0.6586 0.5857 -0.4725
vn -0.8570 0.5018 -0.1173
vn -0.8570 0.5019 -0.1170
vn -0.8568 0.5020 -0.1176
vn 0.4792 0.7142 -0.5101
vn 0.4792 0.7143 -0.5101
vn -0.9439 0.3302 -0.0011
vn -0.9438 0.3305 -0.0004
vn -0.9438 0.3304 -0.0004
vn 0.2767 0.8064 -0.5226
vn 0.2767 0.8065 -0.5225
vn -0.9830 0.1417 0.1168
vn 0.0610 0.8585 -0.5091
vn -0.1576 0.8682 -0.4705
vn -0.1577 0.8682 -0.4705
vn 0.9720 0.0551 -0.2284
vn 0.9720 0.0552 -0.2284
vn 0.9720 0.0551 -0.2285
vn -0.3686 0.8350 -0.4086
vn -0.3686 0.8349 -0.4087
vn -0.3685 0.8350 -0.4087
vn 0.9114 0.2485 -0.3279
vn 0.9114 0.2486 -0.3279
vn -0.5617 0.7600 -0.3268
vn -0.5617 0.7602 -0.3264
vn -0.5618 0.7602 -0.3264
vn -0.7545 0.5503 -0.3576
vn -0.7546 0.5501 -0.3578
vn -0.7546 0.5500 -0.3578
vn 0.6310 0.4888 -0.6024
vn -0.8776 0.4284 -0.2153
vn 0.4466 0.5978 -0.6657
vn 0.4469 0.5979 -0.6654
vn -0.9566 0.2848 -0.0615
vn -0.9566 0.2848 -0.0616
vn -0.9566 0.2847 -0.0616
vn 0.2404 0.6768 -0.6958
vn 0.2405 0.6768 -0.6957
vn -0.9874 0.1260 0.0959
vn -0.9874 0.1261 0.0959
vn 0.0228 0.7222 -0.6913
vn 0.0224 0.7222 -0.6913
vn -0.1958 0.7316 -0.6530
vn -0.1958 0.7319 -0.6527
vn -0.1958 0.7318 -0.6527
vn 0.9677 0.0397 -0.2491
vn -0.4048 0.7054 -0.5819
vn -0.4049 0.7054 -0.5818
vn -0.4048 0.7053 -0.5819
vn 0.8985 0.2025 -0.3894
vn 0.8986 0.2028 -0.3890
vn 0.8986 0.2028 -0.3891
vn -0.5944 0.6434 -0.4825
vn -0.5943 0.6438 -0.4820
vn -0.5944 0.6438 -0.4820
vn 0.7844 0.3550 -0.5086
vn 0.7842 0.3547 -0.5090
vn 0.7843 0.3550 -0.5087
vn -0.8954 0.3339 -0.2944
vn -0.8956 0.3338 -0.2940
vn 0.4179 0.4480 -0.7904
vn 0.4179 0.4479 -0.7904
vn 0.4180 0.4479 -0.7904
vn -0.9679 0.2259 -0.1105
vn 0.2086 0.5099 -0.8345
vn 0.2086 0.5100 -0.8345
vn -0.9912 0.1061 0.0794
vn -0.9912 0.1061 0.0793
vn -0.0107 0.5467 -0.8373
vn -0.0107 0.5466 -0.8373
vn -0.2293 0.5563 -0.7987
vn -0.2294 0.5563 -0.7987
vn 0.9639 0.0199 -0.2657
vn 0.9639 0.0198 -0.2657
vn -0.4367 0.5385 -0.7206
vn -0.4371 0.5382 -0.7207
vn 0.8874 0.1441 -0.4379
vn 0.8874 0.1440 -0.4380
vn -0.6229 0.4939 -0.6067
vn -0.6229 0.4939 -0.6066
vn -0.6230 0.4939 -0.6066
vn 0.7663 0.2603 -0.5873
vn 0.7664 0.2604 -0.5873
vn 0.7663 0.2604 -0.5873
vn -0.7786 0.4246 -0.4621
vn -0.7786 0.4248 -0.4619
vn 0.6071 0.3637 -0.7065
vn 0.6071 0.3634 -0.7067
vn 0.6070 0.3634 -0.7067
vn 0.3953 0.2726 -0.8772
vn 0.3949 0.2727 -0.8773
vn -0.9770 0.1568 -0.1448
vn -0.9769 0.1574 -0.1444
vn -0.9769 0.1570 -0.1447
vn 0.1829 0.3148 -0.9314
vn 0.1829 0.3149 -0.9313
vn 0.1826 0.3148 -0.9314
vn -0.9943 0.0826 0.0677
vn -0.9942 0.0828 0.0680
vn -0.9943 0.0823 0.0677
vn -0.0378 0.3410 -0.9393
vn -0.0375 0.3412 -0.9392
vn -0.0378 0.3414 -0.9392
vn -0.2563 0.3511 -0.9006
vn -0.2564 0.3511 -0.9006
vn -0.2564 0.3510 -0.9006
vn 0.9607 -0.0039 -0.2775
vn 0.9607 -0.0040 -0.2774
vn -0.4620 0.3434 -0.8177
vn -0.4624 0.3434 -0.8175
vn 0.8783 0.0749 -0.4722
vn 0.8783 0.0745 -0.4722
vn 0.8783 0.0751 -0.4722
vn -0.6460 0.3191 -0.6934
vn -0.6460 0.3186 -0.6937
vn -0.6460 0.3186 -0.6936
vn 0.7518 0.1497 -0.6422
vn 0.7517 0.1498 -0.6422
vn -0.7979 0.2780 -0.5349
vn -0.7979 0.2779 -0.5349
vn 0.5877 0.2167 -0.7795
vn 0.5877 0.2168 -0.7795
vn -0.9102 0.2230 -0.3491
vn -0.9102 0.2230 -0.3490
vn -0.9102 0.2232 -0.3489
vn -0.9834 0.0819 -0.1617
vn -0.9834 0.0814 -0.1621
vn -0.9833 0.0819 -0.1628
vn 0.1647 0.1020 -0.9811
vn 0.1647 0.1020 -0.9810
vn -0.9965 0.0571 0.0617
vn -0.9965 0.0571 0.0618
vn -0.0568 0.1181 -0.9914
vn -0.0569 0.1175 -0.9914
vn -0.0571 0.1173 -0.9915
vn -0.2755 0.1272 -0.9529
vn -0.2755 0.1271 -0.9529
vn 0.9587 -0.0294 -0.2828
vn 0.9586 -0.0299 -0.2833
vn 0.9586 -0.0287 -0.2832
vn -0.4806 0.1305 -0.8672
vn 0.8720 0.0004 -0.4895
vn 0.8719 0.0001 -0.4897
vn -0.6623 0.1274 -0.7383
vn -0.6626 0.1271 -0.7381
vn 0.7414 0.0292 -0.6704
vn 0.7415 0.0292 -0.6704
vn -0.8115 0.1180 -0.5723
vn 0.5741 0.0567 -0.8168
vn 0.5739 0.0573 -0.8169
vn -0.9205 0.1026 -0.3771
vn -0.9205 0.1026 -0.3770
vn 0.3786 0.0814 -0.9220
vn 0.3785 0.0815 -0.9220
vn -0.9260 -0.0216 -0.3770
vn 0.1549 -0.1174 -0.9809
vn -0.0670 -0.1131 -0.9913
vn -0.4900 -0.0884 -0.8673
vn 0.7358 -0.0946 -0.6705
vn -0.9870 -0.0706 -0.1446
vn -0.0677 -0.3377 -0.9388
vn -0.2863 -0.3280 -0.9002
vn 0.8682 -0.1529 -0.4720
vn -0.8191 -0.2069 -0.5350
vn 0.5663 -0.2685 -0.7792
vn -0.9263 -0.1427 -0.3487
vn 0.1629 -0.5272 -0.8340
vn -0.4829 -0.4983 -0.7201
vn 0.8713 -0.2219 -0.4378
vn -0.6640 -0.4378 -0.6062
vn 0.5727 -0.4162 -0.7063
vn -0.9215 -0.2540 -0.2937
vn -0.0409 -0.7221 -0.6906
vn -0.2595 -0.7125 -0.6520
vn 0.8773 -0.2815 -0.3887
vn -0.6490 -0.5896 -0.4808
vn 0.7500 -0.4230 -0.5085
vn 0.5855 -0.5431 -0.6019
vn 0.3920 -0.6354 -0.6652
vn 0.1796 -0.6964 -0.6948
vn -0.2335 -0.8515 -0.4696
vn -0.6264 -0.7082 -0.3257
vn 0.7641 -0.4980 -0.4101
vn -0.7815 -0.5812 -0.2270
vn -0.8978 -0.4246 -0.1166
vn 0.4145 -0.7542 -0.5093
vn -0.4098 -0.8878 -0.2094
vn -0.5985 -0.7875 -0.1474
vn -0.7581 -0.6475 -0.0779
vn 0.6277 -0.7084 -0.3228
vn -0.8802 -0.4745 -0.0044
vn 0.0180 -0.9539 -0.2995
vn -0.3737 -0.9275 0.0034
vn 0.9096 -0.3732 -0.1826
vn -0.5663 -0.8231 0.0437
vn 0.8021 -0.5704 -0.1770
vn 0.6542 -0.7387 -0.1621
vn 0.4748 -0.8689 -0.1398
vn -0.9456 -0.2910 0.1454
vn 0.2715 -0.9561 -0.1106
vn -0.1631 -0.9859 -0.0371
vn -0.3352 -0.9164 0.2189
vn 0.9232 -0.3692 -0.1066
vn 0.8240 -0.5639 -0.0546
vn -0.7023 -0.6688 0.2440
vn 0.3102 -0.9449 0.1051
vn 0.0961 -0.9838 0.1511
vn -0.1225 -0.9742 0.1897
vn 0.9370 -0.3476 -0.0336
vn 0.8459 -0.5297 0.0621
vn -0.6728 -0.6227 0.3995
vn 0.7132 -0.6835 0.1554
vn -0.8158 -0.4562 0.3555
vn -0.9184 -0.2657 0.2932
vn 0.1375 -0.9193 0.3688
vn -0.4625 -0.6606 0.5913
vn 0.7413 -0.6026 0.2955
vn -0.7944 -0.3946 0.4618
vn -0.9049 -0.2274 0.3598
vn 0.3871 -0.7753 0.4990
vn -0.0414 -0.7958 0.6041
vn 0.9504 -0.3095 0.0323
vn -0.6188 -0.4294 0.6578
vn -0.7750 -0.3100 0.5507
vn -0.8928 -0.1748 0.4152
vn 0.2132 -0.6485 0.7308
vn -0.0053 -0.6388 0.7694
vn -0.2238 -0.5975 0.7700
vn 0.9625 -0.2565 0.0882
vn -0.4317 -0.5266 0.7323
vn 0.8871 -0.3834 0.2571
vn 0.4505 -0.4438 0.7746
vn 0.2441 -0.4565 0.8556
vn 0.0249 -0.4473 0.8941
vn -0.1949 -0.4153 0.8885
vn -0.4055 -0.3632 0.8389
vn 0.9034 -0.2801 0.3246
vn -0.5965 -0.2920 0.7476
vn -0.7458 -0.0912 0.6599
vn 0.6552 -0.2240 0.7215
vn -0.8747 -0.0387 0.4831
vn 0.2674 -0.2411 0.9329
vn 0.0487 -0.2308 0.9718
vn -0.1728 -0.2100 0.9623
vn -0.3860 -0.1780 0.9051
vn -0.5801 -0.1379 0.8028
vn 0.6677 -0.0290 0.7439
vn 0.0628 -0.0025 0.9980
vn -0.1588 0.0075 0.9873
vn 0.9854 -0.0439 0.1646
vn -0.3732 0.0170 0.9276
vn 0.9239 -0.0406 0.3806
vn -0.5697 0.0255 0.8215
vn -0.7381 0.0328 0.6739
vn 0.2872 0.2173 0.9329
vn -0.1536 0.2254 0.9621
vn 0.9873 0.0335 0.1555
vn 0.9268 0.0829 0.3663
vn -0.7350 0.1567 0.6597
vn 0.2834 0.4341 0.8551
vn 0.9246 0.2000 0.3243
vn -0.5687 0.3445 0.7470
vn 0.2699 0.6276 0.7302
vn 0.0509 0.6375 0.7687
vn -0.5782 0.4830 0.6576
vn 0.8073 0.4214 0.4131
vn -0.7447 0.3776 0.5503
vn 0.4750 0.5872 0.6554
vn 0.0288 0.7970 0.6033
vn -0.1914 0.7672 0.6121
vn 0.9739 0.2246 0.0322
vn 0.6383 0.6534 0.4069
vn -0.8813 0.3066 0.3596
vn 0.4539 0.7387 0.4983
vn 0.2474 0.7873 0.5648
vn 0.9640 0.2637 -0.0336
vn 0.8895 0.4527 0.0617
vn 0.7702 0.6189 0.1542
vn -0.7726 0.5263 0.3552
vn 0.6131 0.7531 0.2387
vn 0.4258 0.8497 0.3111
vn -0.2533 0.9425 0.2180
vn -0.4580 0.8569 0.2365
vn 0.8704 0.4893 -0.0557
vn -0.6406 0.7284 0.2430
vn 0.7450 0.6670 -0.0012
vn 0.5826 0.8110 0.0526
vn 0.1823 0.9717 0.1502
vn 0.9389 0.2915 -0.1831
vn -0.4917 0.8697 0.0429
vn 0.8491 0.4974 -0.1777
vn -0.6690 0.7388 0.0818
vn -0.8130 0.5707 0.1154
vn 0.5492 0.8237 -0.1408
vn -0.9163 0.3735 0.1444
vn 0.3548 0.9282 -0.1118
vn 0.1430 0.9867 -0.0767
vn -0.0753 0.9964 -0.0386
vn -0.2906 0.9568 0.0024
vn 0.8269 0.4768 -0.2981
vn -0.6982 0.7116 -0.0786
vn 0.6875 0.6503 -0.3232
vn -0.8350 0.5502 -0.0048
vn 0.5135 0.7913 -0.3318
vn -0.9302 0.3605 0.0695
vn 0.3155 0.8918 -0.3242
vn -0.1168 0.9580 -0.2619
vn -0.3298 0.9203 -0.2103
vn 0.9250 0.2786 -0.2583
vn 0.6581 0.5862 -0.4725
vn -0.9438 0.3304 -0.0005
vn 0.2768 0.8064 -0.5226
vn 0.0610 0.8586 -0.5091
vn -0.3685 0.8350 -0.4086
vn 0.9114 0.2484 -0.3280
vn -0.5619 0.7603 -0.3259
vn -0.7547 0.5501 -0.3574
vn 0.4463 0.5977 -0.6660
vn -0.9566 0.2846 -0.0619
vn 0.2404 0.6769 -0.6957
vn 0.8986 0.2021 -0.3895
vn -0.5941 0.6437 -0.4824
vn 0.7844 0.3549 -0.5087
vn 0.4180 0.4480 -0.7903
vn -0.4365 0.5387 -0.7206
vn 0.8874 0.1440 -0.4379
vn -0.6228 0.4943 -0.6064
vn -0.7785 0.4246 -0.4621
vn 0.6072 0.3631 -0.7067
vn 0.3944 0.2727 -0.8775
vn -0.9769 0.1571 -0.1447
vn -0.0378 0.3414 -0.9391
vn -0.4625 0.3434 -0.8174
vn 0.8783 0.0750 -0.4722
vn -0.6462 0.3189 -0.6933
vn 0.7518 0.1498 -0.6422
vn -0.7976 0.2785 -0.5350
vn -0.9102 0.2235 -0.3487
vn -0.9833 0.0826 -0.1623
vn 0.1645 0.1023 -0.9811
vn -0.0568 0.1175 -0.9914
vn -0.4807 0.1305 -0.8671
vn 0.8719 -0.0001 -0.4896
vn -0.6624 0.1275 -0.7383
vn 0.7415 0.0293 -0.6703
vn 0.3785 0.0814 -0.9220
vt 0.018234 0.955557
vt 0.015668 0.056538
vt 0.032498 0.111859
vt 0.979388 0.935709
vt 0.951022 0.950179
vt 0.958290 0.899076
vt 0.963715 0.583936
vt 0.982051 0.604013
vt 0.982633 0.555763
vt 0.979216 0.983193
vt 0.953287 0.964455
vt 0.403005 0.514073
vt 0.979560 0.888224
vt 0.963462 0.516095
vt 0.037021 0.912643
vt 0.960822 0.531845
vt 0.294625 0.544272
vt 0.983214 0.507512
vt 9.978900 -59.029400
vt 9.996070 -59.046501
vt 9.996070 -59.026901
vt 9.991170 -59.022301
vt 9.996070 -59.019600
vt 10.013200 -59.029400
vt 10.001000 -59.022301
vt 9.922010 -58.996101
vt 9.929840 -58.996101
vt 9.927700 -58.991199
vt 9.947240 -58.996101
vt 9.944940 -58.978901
vt 9.967690 -58.972000
vt 9.980530 -58.996101
vt 9.988730 -58.968700
vt 9.988730 -59.023399
vt 9.967690 -59.020199
vt 9.944940 -59.013199
vt 9.927700 -59.000999
vt 10.002800 -59.059700
vt 10.011300 -59.033401
vt 9.983400 -59.026001
vt 9.971030 -59.053902
vt 10.055100 -59.029400
vt 10.027000 -59.055099
vt 10.056800 -59.046501
vt 9.947360 -59.030998
vt 10.072300 -59.022301
vt 10.074400 -59.026901
vt 9.961690 -59.008598
vt 10.019500 -59.007500
vt 9.996620 -58.998798
vt 9.978730 -58.988201
vt 9.953660 -58.989201
vt 9.967480 -58.977402
vt 9.949880 -58.965500
vt 10.030800 -59.008598
vt 10.003900 -59.001099
vt 10.003900 -59.030998
vt 10.022000 -58.989201
vt 10.003900 -58.965500
vt 9.977050 -59.008598
vt 9.985810 -58.989201
vt 10.027000 -58.996101
vt 10.011300 -58.968700
vt 10.002800 -58.996101
vt 10.032300 -58.972000
vt 10.055100 -58.978901
vt 10.011300 -59.023399
vt 10.032300 -59.020199
vt 10.055100 -59.013199
vt 9.972980 -59.055099
vt 9.944940 -59.029400
vt 9.943210 -59.046501
vt 9.997170 -59.059700
vt 10.016600 -59.026001
vt 9.988730 -59.033401
vt 9.925560 -59.026901
vt 9.927700 -59.022301
vt 10.029000 -59.053902
vt 10.052600 -59.030998
vt 10.038300 -59.008598
vt 10.003400 -58.998798
vt 9.980530 -59.007500
vt 10.021300 -58.988201
vt 10.046300 -58.989201
vt 10.032500 -58.977402
vt 10.050100 -58.965500
vt 10.144500 -59.030102
vt 10.158700 -59.000000
vt 10.133000 -59.000000
vt 10.171300 -59.021500
vt 10.187300 -59.000000
vt 10.193100 -59.009701
vt 10.210500 -59.000000
vt 10.144500 -58.969898
vt 10.171300 -58.978500
vt 10.193100 -58.990299
vt 9.891680 -58.903500
vt 9.866980 -58.862499
vt 9.855550 -58.890301
vt 9.903060 -58.876701
vt 9.914570 -58.906799
vt 9.922130 -58.883701
vt 9.936510 -58.894501
vt 9.932000 -58.908199
vt 9.950890 -58.906502
vt 9.880240 -58.930599
vt 9.844060 -58.918201
vt 9.801160 -58.876801
vt 9.806950 -58.868900
vt 9.789540 -58.861198
vt 9.891680 -59.029301
vt 9.907000 -59.000000
vt 9.880240 -59.000000
vt 9.914570 -59.024300
vt 9.927450 -59.000000
vt 9.932000 -59.014400
vt 9.950890 -59.000000
vt 9.891680 -58.970699
vt 9.914570 -58.975700
vt 9.932000 -58.985600
vt 10.133000 -58.862499
vt 10.096900 -58.876701
vt 10.108300 -58.903500
vt 10.144500 -58.890301
vt 10.085400 -58.906799
vt 10.077900 -58.883701
vt 10.063500 -58.894501
vt 10.068000 -58.908199
vt 10.049100 -58.906502
vt 10.119800 -58.930599
vt 10.155900 -58.918201
vt 10.183900 -58.894299
vt 10.171300 -58.876900
vt 10.193100 -58.868900
vt 10.198800 -58.876801
vt 10.210500 -58.861198
vt 9.816130 -58.894299
vt 9.828680 -58.876900
vt 1.802550 -1.850780
vt 1.802550 -1.987790
vt 1.824570 -1.995690
vt 1.871830 -1.875170
vt 1.871830 -1.919280
vt 1.893850 -1.919280
vt 2.094220 -1.919280
vt 2.072200 -1.919280
vt 2.072200 -1.963400
vt 1.831435 -1.915310
vt 1.831435 -1.918940
vt 1.906000 -1.919280
vt 1.848200 -1.919280
vt 1.848200 -1.964950
vt 1.871830 -1.963400
vt 1.908830 -1.987790
vt 1.916090 -1.975230
vt 1.892440 -1.951580
vt 1.906000 -1.926540
vt 1.926850 -1.923505
vt 1.926850 -1.926165
vt 1.892440 -1.886980
vt 1.883790 -1.919280
vt 1.902690 -1.919280
vt 1.936550 -1.939790
vt 1.925540 -1.958860
vt 1.948390 -1.964980
vt 1.948390 -1.854680
vt 1.948390 -1.873590
vt 1.971230 -1.879710
vt 2.113130 -1.919280
vt 2.094220 -1.958840
vt 2.004330 -1.886990
vt 1.980680 -1.863340
vt 1.968410 -1.884600
vt 1.925540 -1.879710
vt 1.936550 -1.898780
vt 1.916090 -1.975220
vt 1.892450 -1.951580
vt 1.756870 -1.918600
vt 2.024940 -1.963400
vt 2.002920 -1.958840
vt 2.002920 -1.987790
vt 2.024940 -1.842880
vt 2.002920 -1.850780
vt 2.002920 -1.879730
vt 1.831435 -1.919280
vt 1.756870 -1.919280
vt 1.831435 -1.922910
vt 2.024940 -1.919280
vt 1.802550 -1.879730
vt 1.802550 -1.919280
vt 1.824570 -1.919280
vt 2.002920 -1.919280
vt 1.984000 -1.919280
vt 1.824570 -1.963400
vt 1.948390 -1.919280
vt 1.924710 -1.919280
vt 1.927880 -1.931120
vt 1.984000 -1.886990
vt 1.948390 -1.895610
vt 1.933340 -1.895655
vt 1.906000 -1.906710
vt 1.906000 -1.912020
vt 1.783640 -1.919280
vt 1.783640 -1.951580
vt 2.048570 -1.964950
vt 2.048570 -1.919280
vt 1.968985 -1.915310
vt 1.947200 -1.918600
vt 1.968985 -1.912655
vt 1.783640 -1.886980
vt 1.987960 -1.896440
vt 2.004330 -1.886980
vt 1.927535 -1.912405
vt 1.949070 -1.918100
vt 1.927535 -1.915060
vt 2.094220 -1.879730
vt 1.963435 -1.919280
vt 1.963435 -1.932925
vt 1.990770 -1.926540
vt 2.016890 -1.879730
vt 1.987940 -1.850780
vt 1.848200 -1.873620
vt 1.824570 -1.875170
vt 2.113130 -1.886980
vt 1.936100 -1.953970
vt 1.949767 -1.943482
vt 1.949767 -1.936117
vt 1.893850 -1.958840
vt 1.994080 -1.919280
vt 1.987960 -1.942130
vt 2.004330 -1.951580
vt 1.908330 -1.919280
vt 1.948390 -1.983880
vt 1.980680 -1.975220
vt 1.968410 -1.953970
vt 1.848200 -1.998380
vt 1.871830 -1.995690
vt 1.908810 -1.942130
vt 2.012980 -1.919280
vt 1.983070 -1.899260
vt 1.927880 -1.907450
vt 1.879880 -1.879730
vt 1.892450 -1.886990
vt 1.916090 -1.863340
vt 1.949767 -1.902450
vt 1.936100 -1.899260
vt 1.936100 -1.919280
vt 1.912770 -1.886990
vt 1.893850 -1.879730
vt 1.960220 -1.939790
vt 1.968890 -1.931120
vt 1.972060 -1.919280
vt 1.968890 -1.907450
vt 1.928360 -1.953970
vt 1.987940 -1.987790
vt 2.048570 -1.873620
vt 2.072200 -1.875170
vt 1.893850 -1.850780
vt 2.024940 -1.875170
vt 2.048570 -1.840190
vt 1.980690 -1.863340
vt 2.094220 -1.850780
vt 2.072200 -1.842880
vt 1.912770 -1.951580
vt 1.912770 -1.919280
vt 1.948390 -1.854690
vt 1.948390 -1.879230
vt 2.016890 -1.958840
vt 1.980690 -1.975230
vt 1.971230 -1.958860
vt 1.933340 -1.919280
vt 1.933340 -1.905640
vt 1.928360 -1.884600
vt 2.065335 -1.923255
vt 2.065335 -1.919625
vt 1.990770 -1.919280
vt 1.913700 -1.899260
vt 1.960220 -1.898780
vt 1.927785 -1.915995
vt 1.927785 -1.913340
vt 1.949570 -1.919970
vt 2.048570 -1.998380
vt 1.947010 -1.919280
vt 1.947010 -1.936117
vt 1.960680 -1.939310
vt 2.024940 -1.995690
vt 1.960680 -1.899260
vt 1.947010 -1.902450
vt 1.933340 -1.932925
vt 1.906000 -1.931860
vt 1.949767 -1.919280
vt 1.948390 -1.959340
vt 1.908810 -1.896440
vt 2.012990 -1.919280
vt 2.065335 -1.915650
vt 2.065335 -1.919280
vt 2.139900 -1.919280
vt 1.988440 -1.919280
vt 1.802550 -1.958840
vt 1.848200 -1.840190
vt 2.113130 -1.951580
vt 2.072200 -1.995690
vt 2.094220 -1.987790
vt 1.948390 -1.942960
vt 1.984000 -1.951580
vt 1.990770 -1.912020
vt 1.963435 -1.905640
vt 1.963435 -1.932995
vt 1.947010 -1.890128
vt 1.921050 -1.898310
vt 2.139900 -1.919970
vt 1.947700 -1.920470
vt 1.947010 -1.948442
vt 1.960680 -1.919280
vt 1.936100 -1.939310
vt 1.960680 -1.884600
vt 1.960680 -1.953970
vt 1.928575 -1.891455
vt 1.824570 -1.842880
vt 1.879880 -1.958840
vt 1.913700 -1.939310
vt 1.908830 -1.850780
vt 1.933340 -1.942915
vt 1.983070 -1.939310
vt 1.990770 -1.906710
vt 1.936100 -1.884600
vt 0.740741 0.214286
vt 0.740741 0.142857
vt 0.703704 0.142857
vt 0.740741 0.642857
vt 0.703704 0.642857
vt 0.703704 0.714286
vt 0.740741 0.071429
vt 0.703704 0.071429
vt 0.740741 0.571429
vt 0.703704 0.571429
vt 0.722222 0.000000
vt 0.740741 0.500000
vt 0.703704 0.500000
vt 0.740741 0.428571
vt 0.703704 0.428571
vt 0.740741 0.928571
vt 0.703704 0.928572
vt 0.722222 1.000000
vt 0.740741 0.357143
vt 0.703704 0.357143
vt 0.740741 0.857143
vt 0.703704 0.857143
vt 0.740741 0.285714
vt 0.703704 0.285714
vt 0.740741 0.785714
vt 0.703704 0.785714
vt 0.703704 0.214286
vt 0.740741 0.714286
vt 0.666667 0.071429
vt 0.666667 0.571429
vt 0.685185 0.000000
vt 0.666667 0.500000
vt 0.666667 0.428571
vt 0.666667 0.928571
vt 0.685185 1.000000
vt 0.666667 0.357143
vt 0.666667 0.857143
vt 0.666667 0.285714
vt 0.666667 0.785714
vt 0.666667 0.214286
vt 0.666667 0.714286
vt 0.666667 0.142857
vt 0.666667 0.642857
vt 0.629630 0.571429
vt 0.629630 0.642857
vt 0.648148 0.000000
vt 0.629630 0.071429
vt 0.629630 0.500000
vt 0.629630 0.428571
vt 0.629630 0.928571
vt 0.648148 1.000000
vt 0.629630 0.357143
vt 0.629630 0.857143
vt 0.629630 0.285714
vt 0.629630 0.785714
vt 0.629630 0.214286
vt 0.629630 0.714286
vt 0.629630 0.142857
vt 0.611111 0.000000
vt 0.592593 0.071429
vt 0.592593 0.500000
vt 0.592593 0.428571
vt 0.592593 0.928572
vt 0.611111 1.000000
vt 0.592593 0.357143
vt 0.592593 0.857143
vt 0.592593 0.285714
vt 0.592593 0.785714
vt 0.592593 0.214286
vt 0.592593 0.714286
vt 0.592593 0.142857
vt 0.592593 0.642857
vt 0.592593 0.571429
vt 0.555556 0.500000
vt 0.555556 0.428571
vt 0.555556 0.928572
vt 0.574074 1.000000
vt 0.555556 0.357143
vt 0.555556 0.857143
vt 0.555556 0.285714
vt 0.555556 0.785714
vt 0.555556 0.214286
vt 0.555556 0.714286
vt 0.555556 0.142857
vt 0.555556 0.642857
vt 0.555556 0.071429
vt 0.555556 0.571429
vt 0.574074 0.000000
vt 0.518519 0.428571
vt 0.518519 0.928572
vt 0.537037 1.000000
vt 0.518519 0.357143
vt 0.518519 0.857143
vt 0.518519 0.285714
vt 0.518519 0.785714
vt 0.518519 0.214286
vt 0.518519 0.714286
vt 0.518519 0.142857
vt 0.518519 0.642857
vt 0.518519 0.071429
vt 0.518519 0.571429
vt 0.537037 0.000000
vt 0.518519 0.500000
vt 0.481481 0.928572
vt 0.500000 1.000000
vt 0.481481 0.357143
vt 0.481481 0.857143
vt 0.481481 0.285714
vt 0.481481 0.785714
vt 0.481481 0.214286
vt 0.481481 0.714286
vt 0.481481 0.142857
vt 0.481481 0.642857
vt 0.481481 0.071429
vt 0.481481 0.571429
vt 0.500000 0.000000
vt 0.481481 0.500000
vt 0.481481 0.428571
vt 0.444444 0.357143
vt 0.444444 0.857143
vt 0.444444 0.285714
vt 0.444444 0.785714
vt 0.444444 0.214286
vt 0.444444 0.714286
vt 0.444444 0.142857
vt 0.444444 0.642857
vt 0.444444 0.071429
vt 0.444444 0.571429
vt 0.462963 0.000000
vt 0.444444 0.500000
vt 0.444444 0.428571
vt 0.444444 0.928572
vt 0.462963 1.000000
vt 0.407407 0.857143
vt 0.407407 0.285714
vt 0.407407 0.357143
vt 0.407407 0.785714
vt 0.407407 0.214286
vt 0.407407 0.714286
vt 0.407407 0.142857
vt 0.407407 0.642857
vt 0.407407 0.071429
vt 0.407407 0.571429
vt 0.425926 0.000000
vt 0.407407 0.500000
vt 0.407407 0.428571
vt 0.407407 0.928572
vt 0.425926 1.000000
vt 0.370370 0.285714
vt 0.370370 0.357143
vt 0.370370 0.785714
vt 0.370370 0.214286
vt 0.370370 0.714286
vt 0.370370 0.142857
vt 0.370370 0.642857
vt 0.370370 0.071429
vt 0.370370 0.571429
vt 0.388889 0.000000
vt 0.370370 0.500000
vt 0.370370 0.428571
vt 0.370370 0.928571
vt 0.388889 1.000000
vt 0.370370 0.857143
vt 0.333333 0.214286
vt 0.333333 0.714286
vt 0.333333 0.142857
vt 0.333333 0.642857
vt 0.333333 0.071429
vt 0.333333 0.571429
vt 0.351852 0.000000
vt 0.333333 0.500000
vt 0.333333 0.428571
vt 0.333333 0.928572
vt 0.351852 1.000000
vt 0.333333 0.357143
vt 0.333333 0.857143
vt 0.333333 0.285714
vt 0.333333 0.785714
vt 0.296296 0.714286
vt 0.296296 0.785714
vt 0.296296 0.142857
vt 0.296296 0.214286
vt 0.296296 0.642857
vt 0.296296 0.071429
vt 0.296296 0.571429
vt 0.314815 0.000000
vt 0.296296 0.500000
vt 0.296296 0.428571
vt 0.296296 0.928572
vt 0.314815 1.000000
vt 0.296296 0.357143
vt 0.296296 0.857143
vt 0.296296 0.285714
vt 0.259259 0.142857
vt 0.259259 0.214286
vt 0.259259 0.642857
vt 0.259259 0.071429
vt 0.259259 0.571429
vt 0.277778 0.000000
vt 0.259259 0.500000
vt 0.259259 0.428571
vt 0.259259 0.928571
vt 0.277778 1.000000
vt 0.259259 0.357143
vt 0.259259 0.857143
vt 0.259259 0.285714
vt 0.259259 0.785714
vt 0.259259 0.714286
vt 0.222222 0.642857
vt 0.222222 0.071429
vt 0.222222 0.571429
vt 0.240741 0.000000
vt 0.222222 0.500000
vt 0.222222 0.428571
vt 0.222222 0.928571
vt 0.240741 1.000000
vt 0.222222 0.357143
vt 0.222222 0.857143
vt 0.222222 0.285714
vt 0.222222 0.785714
vt 0.222222 0.214286
vt 0.222222 0.714286
vt 0.222222 0.142857
vt 0.185185 0.071429
vt 0.185185 0.571429
vt 0.203704 0.000000
vt 0.185185 0.500000
vt 0.185185 0.428571
vt 0.185185 0.928572
vt 0.203704 1.000000
vt 0.185185 0.357143
vt 0.185185 0.857143
vt 0.185185 0.285714
vt 0.185185 0.785714
vt 0.185185 0.214286
vt 0.185185 0.714286
vt 0.185185 0.142857
vt 0.185185 0.642857
vt 0.166667 0.000000
vt 0.148148 0.071429
vt 0.148148 0.500000
vt 0.148148 0.571429
vt 0.148148 0.428571
vt 0.148148 0.928572
vt 0.166667 1.000000
vt 0.148148 0.357143
vt 0.148148 0.857143
vt 0.148148 0.285714
vt 0.148148 0.785714
vt 0.148148 0.214286
vt 0.148148 0.714286
vt 0.148148 0.142857
vt 0.148148 0.642857
vt 0.111111 0.500000
vt 0.111111 0.571429
vt 0.111111 0.428571
vt 0.111111 0.928571
vt 0.129630 1.000000
vt 0.111111 0.357143
vt 0.111111 0.857143
vt 0.111111 0.285714
vt 0.111111 0.785714
vt 0.111111 0.214286
vt 0.111111 0.714286
vt 0.111111 0.142857
vt 0.111111 0.642857
vt 0.111111 0.071429
vt 0.129630 0.000000
vt 0.074074 0.428571
vt 0.074074 0.928572
vt 0.092593 1.000000
vt 0.074074 0.357143
vt 0.074074 0.857143
vt 0.074074 0.285714
vt 0.074074 0.785714
vt 0.074074 0.214286
vt 0.074074 0.714286
vt 0.074074 0.142857
vt 0.074074 0.642857
vt 0.074074 0.071429
vt 0.074074 0.571429
vt 0.092593 0.000000
vt 0.074074 0.500000
vt 0.037037 0.428571
vt 0.037037 0.500000
vt 0.037037 0.928571
vt 0.055556 1.000000
vt 0.037037 0.357143
vt 0.037037 0.857143
vt 0.037037 0.285714
vt 0.037037 0.785714
vt 0.037037 0.214286
vt 0.037037 0.714286
vt 0.037037 0.142857
vt 0.037037 0.642857
vt 0.037037 0.071429
vt 0.037037 0.571429
vt 0.055556 0.000000
vt 0.000000 0.357143
vt 0.000000 0.428571
vt 0.000000 0.857143
vt 0.000000 0.285714
vt 0.000000 0.785714
vt 0.000000 0.214286
vt 0.000000 0.714286
vt 0.000000 0.142857
vt 0.000000 0.642857
vt 0.000000 0.071429
vt 0.000000 0.571429
vt 0.018519 0.000000
vt 0.000000 0.500000
vt 0.000000 0.928571
vt 0.018519 1.000000
vt 1.000000 0.928571
vt 1.000000 0.857143
vt 0.962963 0.857143
vt 1.000000 0.357143
vt 1.000000 0.285714
vt 0.962963 0.285714
vt 1.000000 0.785714
vt 0.962963 0.785714
vt 1.000000 0.214286
vt 0.962963 0.214286
vt 1.000000 0.714286
vt 0.962963 0.714286
vt 1.000000 0.142857
vt 0.962963 0.142857
vt 1.000000 0.642857
vt 0.962963 0.642857
vt 1.000000 0.071429
vt 0.962963 0.071429
vt 1.000000 0.571429
vt 0.962963 0.571429
vt 0.981481 0.000000
vt 1.000000 0.500000
vt 0.962963 0.500000
vt 1.000000 0.428571
vt 0.962963 0.428571
vt 0.962963 0.928571
vt 0.981481 1.000000
vt 0.962963 0.357143
vt 0.925926 0.285714
vt 0.925926 0.785714
vt 0.925926 0.214286
vt 0.925926 0.714286
vt 0.925926 0.142857
vt 0.925926 0.642857
vt 0.925926 0.071429
vt 0.925926 0.571429
vt 0.944444 0.000000
vt 0.925926 0.500000
vt 0.925926 0.428571
vt 0.925926 0.928571
vt 0.944444 1.000000
vt 0.925926 0.357143
vt 0.925926 0.857143
vt 0.888889 0.785714
vt 0.888889 0.214286
vt 0.888889 0.714286
vt 0.888889 0.142857
vt 0.888889 0.642857
vt 0.888889 0.071429
vt 0.888889 0.571429
vt 0.907407 0.000000
vt 0.888889 0.500000
vt 0.888889 0.428571
vt 0.888889 0.928571
vt 0.907407 1.000000
vt 0.888889 0.357143
vt 0.888889 0.857143
vt 0.888889 0.285714
vt 0.851852 0.214286
vt 0.851852 0.714286
vt 0.851852 0.142857
vt 0.851852 0.642857
vt 0.851852 0.071429
vt 0.851852 0.571429
vt 0.870370 0.000000
vt 0.851852 0.500000
vt 0.851852 0.428571
vt 0.851852 0.928571
vt 0.870370 1.000000
vt 0.851852 0.357143
vt 0.851852 0.857143
vt 0.851852 0.285714
vt 0.851852 0.785714
vt 0.814815 0.142857
vt 0.814815 0.214286
vt 0.814815 0.642857
vt 0.814815 0.714286
vt 0.814815 0.071429
vt 0.814815 0.571429
vt 0.833333 0.000000
vt 0.814815 0.500000
vt 0.814815 0.428571
vt 0.814815 0.928571
vt 0.833333 1.000000
vt 0.814815 0.357143
vt 0.814815 0.857143
vt 0.814815 0.285714
vt 0.814815 0.785714
vt 0.777778 0.642857
vt 0.777778 0.714286
vt 0.777778 0.071429
vt 0.777778 0.571429
vt 0.796296 0.000000
vt 0.777778 0.500000
vt 0.777778 0.428571
vt 0.777778 0.928571
vt 0.796296 1.000000
vt 0.777778 0.357143
vt 0.777778 0.857143
vt 0.777778 0.285714
vt 0.777778 0.785714
vt 0.777778 0.214286
vt 0.777778 0.142857
vt 0.759259 0.000000
vt 0.759259 1.000000
s 1
usemtl none.001
f 1/1/1 3/2/1 2/3/1
f 4/4/2 6/5/2 5/6/2
f 7/7/3 9/8/3 8/9/3
f 4/4/4 11/10/4 10/11/4
f 12/12/5 13/13/5 5/6/5
f 14/11/6 11/10/6 4/4/6
f 8/9/7 9/8/7 15/7/7
f 16/3/8 3/2/8 1/1/8
f 17/6/9 18/5/9 4/4/9
f 17/6/10 13/13/10 12/12/10
f 19/14/11 2/3/11 3/2/11
f 1/1/12 20/15/12 10/11/12
f 15/7/13 9/8/13 12/12/13
f 8/9/14 21/16/14 19/14/14
f 14/11/15 22/15/15 1/1/15
f 3/2/16 16/3/16 23/14/16
f 12/12/17 9/8/17 7/7/17
f 23/14/18 24/16/18 8/9/18
f 25/17/19 6/5/19 2/3/19
f 27/17/20 16/3/20 22/15/20
f 1/1/1 2/3/1 20/15/1
f 4/4/2 5/6/2 13/13/2
f 7/7/3 8/9/3 24/16/3
f 4/4/4 10/11/4 6/5/4
f 12/12/5 5/6/5 25/17/5
f 14/11/6 4/4/6 18/5/6
f 8/9/7 15/7/7 21/16/7
f 16/3/21 1/1/21 22/15/21
f 17/6/9 4/4/9 13/13/9
f 17/6/10 12/12/10 27/17/10
f 19/14/11 3/2/11 26/18/11
f 1/1/12 10/11/12 11/10/12
f 15/7/13 12/12/13 25/17/13
f 8/9/22 19/14/22 26/18/22
f 14/11/15 1/1/15 11/10/15
f 3/2/16 23/14/16 26/18/16
f 12/12/23 7/7/23 27/17/23
f 23/14/18 8/9/18 26/18/18
f 25/17/19 21/16/19 15/7/19
f 21/16/19 2/3/19 19/14/24
f 2/3/19 10/11/19 20/15/19
f 6/5/19 25/17/19 5/6/19
f 2/3/19 6/5/19 10/11/19
f 25/17/19 2/3/19 21/16/19
f 24/16/20 27/17/20 7/7/20
f 27/17/20 18/5/20 17/6/20
f 18/5/20 22/15/20 14/11/20
f 16/3/20 24/16/20 23/14/20
f 27/17/20 22/15/20 18/5/20
f 16/3/20 27/17/20 24/16/20
f 28/19/25 29/20/26 30/21/27
f 31/22/28 30/21/29 32/23/30
f 33/24/31 30/21/27 29/20/26
f 30/21/29 34/25/32 32/23/30
f 32/26/30 35/27/33 31/28/28
f 36/29/34 31/28/34 35/27/34
f 36/29/35 28/30/35 31/28/35
f 36/29/36 37/31/37 28/30/38
f 36/29/39 38/32/39 37/31/39
f 37/31/40 38/32/41 39/33/42
f 40/34/43 38/32/44 41/35/45
f 36/29/46 41/35/46 38/32/46
f 41/35/47 36/29/48 33/36/31
f 36/29/49 34/37/32 33/36/50
f 34/37/51 36/29/51 35/27/51
f 34/37/52 35/27/52 32/26/52
f 42/38/53 39/39/54 43/40/55
f 44/41/56 42/38/56 43/40/56
f 28/42/38 45/43/57 29/44/58
f 43/40/59 46/45/60 44/41/61
f 31/46/28 28/42/62 30/47/29
f 46/45/60 43/40/59 47/48/63
f 39/39/64 38/49/65 48/50/66
f 48/50/67 43/40/55 39/39/54
f 48/50/68 47/48/63 43/40/59
f 47/48/69 48/50/69 49/51/69
f 49/51/70 50/52/71 47/48/72
f 50/52/73 49/51/74 51/53/75
f 50/52/76 51/53/77 52/54/78
f 47/55/79 53/56/79 46/57/79
f 53/56/80 47/55/72 50/58/71
f 53/56/81 50/58/76 52/59/78
f 54/60/82 46/57/82 53/56/82
f 53/56/83 55/61/84 54/60/85
f 53/56/86 52/59/87 55/61/88
f 45/62/89 39/63/89 42/64/89
f 39/63/42 45/62/90 37/65/40
f 45/62/57 28/66/38 37/65/37
f 45/62/91 40/67/43 41/68/45
f 33/69/31 45/62/92 41/68/47
f 40/67/93 45/62/94 42/64/95
f 45/70/92 33/71/31 29/72/26
f 42/73/96 56/74/97 40/75/98
f 30/76/29 33/71/50 34/77/32
f 56/74/99 42/73/99 44/78/99
f 44/78/100 46/79/100 56/74/100
f 56/74/101 46/79/102 54/80/103
f 40/75/104 48/81/105 38/82/106
f 48/81/107 40/75/98 56/74/97
f 56/74/101 54/80/103 48/81/108
f 48/81/109 54/80/109 49/83/109
f 55/84/84 49/83/110 54/80/85
f 49/83/111 55/84/112 51/85/113
f 51/85/114 55/84/88 52/86/87
f 57/19/115 58/20/116 59/21/117
f 60/22/118 59/21/119 61/23/120
f 62/24/121 59/21/119 58/20/122
f 59/21/119 63/25/123 61/23/120
f 61/26/124 64/27/124 60/28/124
f 65/29/125 60/28/125 64/27/125
f 65/29/126 57/30/126 60/28/126
f 65/29/127 66/31/128 57/30/129
f 65/29/130 67/32/130 66/31/130
f 66/31/131 67/32/132 68/33/133
f 69/34/134 67/32/135 70/35/136
f 65/29/137 70/35/137 67/32/137
f 70/35/138 65/29/139 62/36/121
f 65/29/140 63/37/140 62/36/140
f 63/37/141 65/29/141 64/27/141
f 63/37/123 64/27/142 61/26/120
f 71/38/143 68/39/144 72/40/145
f 73/41/146 71/38/146 72/40/146
f 57/42/147 74/43/148 58/44/122
f 72/40/149 75/45/150 73/41/151
f 60/46/152 57/42/115 59/47/117
f 75/45/150 72/40/153 76/48/154
f 68/39/155 67/49/156 77/50/157
f 77/50/158 72/40/145 68/39/144
f 77/50/159 76/48/154 72/40/153
f 76/48/160 77/50/160 78/51/160
f 78/51/161 79/52/162 76/48/163
f 79/52/164 78/51/165 80/53/166
f 79/52/167 80/53/168 81/54/169
f 76/55/170 82/56/170 75/57/170
f 82/56/171 76/55/163 79/58/162
f 82/56/172 79/58/167 81/59/169
f 83/60/173 75/57/173 82/56/173
f 82/56/174 84/61/175 83/60/176
f 82/56/177 81/59/178 84/61/179
f 74/62/180 68/63/180 71/64/180
f 68/63/133 74/62/181 66/65/131
f 74/62/182 57/66/129 66/65/128
f 74/62/183 69/67/134 70/68/136
f 62/69/121 74/62/148 70/68/138
f 69/67/184 74/62/185 71/64/186
f 74/70/148 62/71/121 58/72/122
f 71/73/187 85/74/188 69/75/189
f 59/76/119 62/71/121 63/77/123
f 85/74/190 71/73/190 73/78/190
f 73/78/191 75/79/191 85/74/191
f 85/74/192 75/79/193 83/80/194
f 69/75/195 77/81/196 67/82/197
f 77/81/198 69/75/189 85/74/188
f 85/74/192 83/80/194 77/81/199
f 77/81/200 83/80/200 78/83/200
f 84/84/175 78/83/201 83/80/176
f 78/83/202 84/84/203 80/85/204
f 80/85/205 84/84/179 81/86/178
f 86/87/206 87/88/206 88/89/206
f 87/88/207 86/87/207 89/90/207
f 89/90/208 90/91/209 87/88/210
f 90/91/209 89/90/208 91/92/211
f 90/91/212 91/92/212 92/93/212
f 87/88/213 93/94/213 88/89/213
f 93/94/214 87/88/214 94/95/214
f 87/88/215 90/91/216 94/95/217
f 94/95/217 90/91/216 95/96/218
f 95/96/219 90/91/219 92/93/219
f 96/97/220 88/98/221 93/99/222
f 88/98/221 96/97/220 97/100/223
f 98/101/224 97/100/225 96/97/226
f 97/100/225 98/101/224 99/102/227
f 98/101/228 100/103/229 99/102/230
f 100/103/229 98/101/228 101/104/231
f 100/103/232 101/104/232 102/105/232
f 103/106/233 93/99/234 104/107/235
f 93/99/234 103/106/233 96/97/236
f 105/108/237 95/109/237 92/110/237
f 106/111/238 107/112/238 103/113/238
f 107/112/239 106/111/239 108/114/239
f 108/114/240 109/115/241 107/112/242
f 109/115/241 108/114/240 110/116/243
f 109/115/244 110/116/244 102/117/244
f 107/112/245 96/118/245 103/113/245
f 96/118/246 107/112/246 98/119/246
f 109/115/247 98/119/248 107/112/249
f 98/119/248 109/115/247 101/120/250
f 101/120/251 109/115/251 102/117/251
f 88/121/252 97/122/253 106/123/254
f 106/123/254 86/124/255 88/121/252
f 97/122/256 108/125/257 106/123/258
f 108/125/257 97/122/256 99/126/259
f 108/125/260 99/126/261 100/127/262
f 108/125/260 100/127/262 110/128/263
f 110/128/264 100/127/264 102/129/264
f 86/124/265 106/123/266 103/130/267
f 103/130/267 104/131/268 86/124/265
f 104/131/269 111/132/269 86/124/269
f 86/124/270 111/132/270 89/133/270
f 111/132/271 91/134/271 89/133/272
f 91/134/271 111/132/271 105/135/273
f 91/134/274 105/135/274 92/136/274
f 93/99/275 111/137/275 104/107/275
f 111/137/276 93/99/276 94/138/276
f 111/137/277 94/138/278 95/109/279
f 111/137/277 95/109/279 105/108/280
f 112/87/281 113/88/281 114/89/281
f 113/88/282 112/87/282 115/90/282
f 115/90/283 116/91/284 113/88/285
f 116/91/284 115/90/283 117/92/286
f 116/91/287 117/92/287 118/93/287
f 113/88/288 119/94/288 114/89/288
f 119/94/289 113/88/289 120/95/289
f 113/88/290 116/91/291 120/95/292
f 120/95/292 116/91/291 121/96/293
f 121/96/294 116/91/294 118/93/294
f 122/97/295 114/98/296 119/99/297
f 114/98/296 122/97/295 123/100/298
f 124/101/299 123/100/300 122/97/301
f 123/100/300 124/101/299 125/102/302
f 124/101/303 126/103/304 125/102/305
f 126/103/304 124/101/303 127/104/306
f 126/103/307 127/104/307 128/105/307
f 129/106/308 119/99/309 130/107/310
f 119/99/309 129/106/308 122/97/308
f 131/108/311 121/109/311 118/110/311
f 132/111/312 133/112/312 129/113/312
f 133/112/313 132/111/313 134/114/313
f 134/114/314 135/115/315 133/112/316
f 135/115/315 134/114/314 136/116/317
f 135/115/318 136/116/318 128/117/318
f 133/112/319 122/118/319 129/113/319
f 122/118/320 133/112/320 124/119/320
f 135/115/321 124/119/322 133/112/323
f 124/119/322 135/115/321 127/120/324
f 127/120/325 135/115/325 128/117/325
f 114/121/326 123/122/327 132/123/328
f 132/123/328 112/124/329 114/121/326
f 123/122/330 134/125/331 132/123/332
f 134/125/331 123/122/330 125/126/333
f 134/125/334 125/126/335 126/127/336
f 134/125/334 126/127/336 136/128/337
f 136/128/338 126/127/338 128/129/338
f 112/124/339 132/123/340 129/130/341
f 129/130/341 130/131/342 112/124/339
f 130/131/343 137/132/343 112/124/343
f 112/124/344 137/132/344 115/133/344
f 137/132/345 117/134/346 115/133/347
f 117/134/346 137/132/345 131/135/348
f 117/134/349 131/135/349 118/136/349
f 119/99/350 137/137/350 130/107/350
f 137/137/351 119/99/351 120/138/351
f 137/137/352 120/138/353 121/109/354
f 137/137/352 121/109/354 131/108/355
f 138/1/356 140/2/356 139/3/356
f 141/4/357 143/5/357 142/6/357
f 144/7/358 146/8/358 145/9/358
f 141/4/359 148/10/359 147/11/359
f 149/12/360 150/13/360 142/6/360
f 151/11/361 148/10/361 141/4/361
f 145/9/362 146/8/362 152/7/362
f 153/3/363 140/2/363 138/1/363
f 154/6/364 155/5/364 141/4/364
f 154/6/365 150/13/365 149/12/365
f 156/14/366 139/3/366 140/2/366
f 138/1/367 157/15/367 147/11/367
f 152/7/368 146/8/368 149/12/368
f 145/9/369 158/16/369 156/14/369
f 151/11/370 159/15/370 138/1/370
f 140/2/371 153/3/371 160/14/371
f 149/12/372 146/8/372 144/7/372
f 160/14/373 161/16/373 145/9/373
f 162/17/19 143/5/19 139/3/19
f 164/17/20 153/3/20 159/15/20
f 138/1/374 139/3/374 157/15/374
f 141/4/357 142/6/357 150/13/357
f 144/7/358 145/9/358 161/16/358
f 141/4/359 147/11/359 143/5/359
f 149/12/360 142/6/360 162/17/360
f 151/11/361 141/4/361 155/5/361
f 145/9/362 152/7/362 158/16/362
f 153/3/363 138/1/363 159/15/363
f 154/6/364 141/4/364 150/13/364
f 154/6/365 149/12/365 164/17/365
f 156/14/366 140/2/366 163/18/366
f 138/1/367 147/11/367 148/10/367
f 152/7/368 149/12/368 162/17/368
f 145/9/369 156/14/369 163/18/369
f 151/11/370 138/1/370 148/10/370
f 140/2/371 160/14/371 163/18/371
f 149/12/375 144/7/375 164/17/375
f 160/14/373 145/9/373 163/18/373
f 162/17/19 158/16/376 152/7/19
f 158/16/376 139/3/19 156/14/376
f 139/3/19 147/11/19 157/15/19
f 143/5/19 162/17/19 142/6/19
f 139/3/19 143/5/19 147/11/19
f 162/17/19 139/3/19 158/16/376
f 161/16/20 164/17/20 144/7/20
f 164/17/20 155/5/20 154/6/20
f 155/5/20 159/15/20 151/11/20
f 153/3/20 161/16/20 160/14/20
f 164/17/20 159/15/20 155/5/20
f 153/3/20 164/17/20 161/16/20
f 165/139/377 166/140/378 167/141/379
f 168/142/380 169/143/380 170/144/381
f 171/145/382 172/146/383 173/147/384
f 174/148/385 175/149/386 176/150/387
f 177/151/388 178/152/389 179/153/389
f 180/154/390 181/155/391 182/156/392
f 183/157/393 184/158/394 185/159/395
f 186/160/396 187/161/397 188/162/398
f 189/163/399 190/164/400 191/165/401
f 192/166/402 193/167/403 194/168/404
f 195/169/405 171/145/406 196/170/407
f 197/171/408 198/172/409 199/173/410
f 193/167/411 200/174/412 201/175/413
f 202/154/414 203/176/415 204/177/416
f 205/149/417 206/148/418 207/178/419
f 208/179/420 202/180/421 209/181/422
f 210/182/423 211/183/424 212/184/425
f 205/185/426 207/186/427 184/187/428
f 202/180/429 208/179/430 213/188/431
f 166/189/432 214/190/433 215/191/434
f 211/180/435 216/192/436 217/193/437
f 177/151/438 218/191/439 219/194/439
f 220/195/440 221/196/441 222/197/440
f 223/184/442 197/198/443 217/193/444
f 194/168/445 193/167/446 224/199/447
f 225/200/448 226/201/449 227/202/450
f 214/190/451 228/203/452 229/204/453
f 213/188/454 208/179/455 230/205/456
f 231/206/457 232/205/458 233/147/459
f 234/207/460 207/208/461 235/209/462
f 236/210/463 192/203/464 237/190/465
f 194/168/466 238/211/467 239/212/468
f 240/213/469 207/214/470 174/215/471
f 172/146/472 171/145/473 180/216/474
f 241/217/475 242/218/476 243/219/477
f 228/203/478 214/190/479 166/189/480
f 244/200/481 245/201/482 246/202/483
f 223/220/484 247/221/485 198/172/486
f 248/222/487 249/223/488 218/191/489
f 181/224/490 180/216/491 171/145/492
f 169/143/493 168/142/493 248/222/493
f 250/225/494 251/226/495 252/227/496
f 169/143/497 179/153/498 253/228/499
f 254/229/500 255/230/501 229/231/502
f 256/151/503 257/143/504 258/142/505
f 259/232/506 260/161/507 204/177/508
f 261/233/509 262/234/510 263/235/511
f 187/169/512 186/224/513 264/216/514
f 265/187/515 175/185/516 207/186/517
f 178/152/518 266/236/519 258/237/520
f 267/238/521 188/162/522 187/161/523
f 268/170/524 269/145/525 270/146/526
f 217/239/527 197/171/528 271/240/529
f 210/179/530 272/188/531 216/192/532
f 273/241/533 221/196/534 220/195/533
f 222/197/535 267/238/536 190/164/537
f 190/164/538 267/238/539 182/156/540
f 274/242/541 275/243/542 276/244/543
f 277/245/544 199/246/545 278/247/546
f 198/248/547 247/249/548 170/144/549
f 220/195/550 279/250/551 280/251/552
f 281/252/553 282/253/554 220/195/555
f 232/205/556 231/206/557 272/188/558
f 283/189/559 237/190/560 218/191/561
f 275/248/562 274/249/563 284/144/564
f 204/177/565 203/176/566 285/254/567
f 286/231/568 262/234/569 212/255/570
f 248/222/571 287/256/572 288/257/573
f 274/249/574 258/142/575 257/143/576
f 253/258/577 179/153/578 258/237/579
f 289/259/580 290/256/581 232/260/582
f 165/221/583 291/261/584 239/212/585
f 264/216/586 283/262/587 249/263/588
f 212/184/589 262/198/590 261/193/591
f 253/228/592 276/264/593 292/265/594
f 198/172/595 292/266/596 278/267/597
f 293/268/598 229/231/599 294/269/600
f 279/250/601 295/270/602 255/230/603
f 269/145/604 264/216/605 288/257/606
f 264/242/607 186/160/608 236/244/609
f 296/271/610 297/272/611 246/202/612
f 292/266/613 276/244/614 298/273/615
f 185/274/616 299/275/617 300/276/618
f 250/277/619 275/243/620 260/161/621
f 238/211/622 194/168/623 301/278/624
f 206/279/625 265/280/626 207/281/627
f 302/217/628 303/218/629 304/219/630
f 281/252/631 254/229/632 238/211/633
f 173/147/634 230/205/635 305/282/636
f 276/244/637 275/243/638 250/277/639
f 306/283/640 307/284/640 308/285/640
f 309/286/641 305/282/642 230/205/643
f 233/263/644 310/257/645 180/216/646
f 222/197/647 221/196/648 188/162/649
f 181/155/650 195/233/651 191/165/652
f 271/287/653 311/288/654 306/283/655
f 235/274/656 312/275/657 313/276/658
f 314/289/659 183/157/660 304/290/661
f 315/291/662 251/245/663 250/246/664
f 316/259/665 223/184/666 216/192/667
f 167/141/668 266/236/669 178/152/668
f 261/233/670 317/292/671 285/254/672
f 237/190/673 192/203/674 291/204/675
f 318/293/676 188/162/677 221/196/678
f 238/211/679 254/229/680 228/294/681
f 191/165/682 195/233/683 294/269/684
f 209/228/685 204/264/686 260/265/687
f 263/235/688 262/234/689 286/231/690
f 270/146/691 288/257/692 287/256/693
f 266/222/694 167/223/695 215/191/696
f 240/295/697 312/296/698 207/297/699
f 319/284/700 320/283/701 296/271/702
f 286/231/703 217/239/704 321/298/705
f 237/190/706 165/299/707 219/194/707
f 287/300/708 248/222/709 168/182/710
f 314/289/711 296/271/711 322/150/712
f 309/153/713 209/228/714 284/144/715
f 182/301/716 187/169/717 269/145/718
f 305/152/719 309/153/720 257/143/721
f 215/191/722 214/190/723 293/299/724
f 220/195/725 224/199/726 201/175/727
f 234/295/728 299/296/729 207/297/730
f 323/302/731 293/303/732 196/170/733
f 220/195/734 282/253/735 301/278/734
f 220/195/736 189/163/737 324/304/737
f 236/244/738 186/160/739 318/293/740
f 290/256/741 310/257/742 233/263/742
f 324/304/743 191/165/744 295/270/743
f 316/259/745 272/188/746 231/206/747
f 310/257/748 290/256/749 325/206/750
f 256/151/751 215/191/752 323/194/753
f 193/167/754 192/166/755 236/244/756
f 281/252/757 280/251/758 255/230/759
f 289/259/760 212/184/760 326/192/761
f 203/305/762 202/180/763 326/192/764
f 172/146/765 325/206/765 230/205/766
f 325/206/767 290/256/768 289/259/769
f 316/259/770 168/182/771 247/183/772
f 295/270/773 294/269/774 229/231/775
f 234/295/728 327/306/776 300/276/776
f 226/306/777 225/307/778 241/217/779
f 227/202/780 176/150/781 328/271/782
f 329/308/783 327/306/784 243/219/785
f 277/309/786 225/200/787 330/310/788
f 322/150/789 246/202/790 206/148/418
f 207/311/791 312/275/657 235/274/656
f 207/312/792 185/159/395 184/158/394
f 331/313/793 319/284/794 314/289/793
f 226/201/795 240/213/469 174/215/471
f 207/178/796 175/149/386 174/148/385
f 183/157/797 322/150/798 205/185/426
f 207/311/799 299/275/617 185/274/616
f 307/309/800 244/200/801 297/272/802
f 245/157/803 176/150/804 175/185/516
f 240/295/697 226/306/805 313/276/806
f 327/306/807 329/307/807 302/217/808
f 241/217/809 332/291/810 252/227/810
f 206/279/625 246/202/811 245/201/812
f 327/306/813 234/207/460 235/209/462
f 176/150/814 245/157/815 244/289/816
f 315/291/817 331/227/817 303/218/817
f 320/283/818 333/288/819 297/272/820
f 201/175/821 200/174/822 318/293/823
f 317/314/824 263/287/825 333/288/826
f 315/291/827 259/247/828 334/315/829
f 332/291/830 278/247/831 298/315/830
f 308/316/832 307/309/833 333/288/834
f 334/317/835 285/285/836 319/284/837
f 199/316/838 277/309/839 311/318/840
f 285/285/841 317/314/841 320/283/842
f 329/307/843 251/245/844 315/291/844
f 311/288/845 330/272/846 328/271/847
f 328/271/848 244/289/849 307/284/850
f 225/307/851 277/245/852 332/291/853
f 251/226/854 329/308/855 242/218/856
f 165/139/377 167/141/379 219/319/379
f 168/142/380 170/144/381 247/249/857
f 171/145/382 173/147/384 196/170/858
f 174/148/385 176/150/387 227/202/859
f 177/151/388 179/153/389 169/143/388
f 180/154/390 182/156/392 268/320/860
f 183/157/393 185/159/395 304/290/861
f 186/160/396 188/162/398 318/293/862
f 189/163/399 191/165/401 324/304/863
f 192/166/402 194/168/404 291/261/864
f 195/169/405 196/170/407 294/301/865
f 197/171/408 199/173/410 271/240/866
f 193/167/411 201/175/413 224/199/867
f 202/154/414 204/177/416 209/320/415
f 208/179/420 209/181/422 309/286/868
f 210/182/423 212/184/425 289/259/869
f 202/180/429 213/188/431 326/192/870
f 166/189/432 215/191/434 167/223/433
f 211/180/435 217/193/437 286/305/871
f 177/151/438 219/194/439 178/152/872
f 220/195/873 222/197/874 189/163/875
f 223/184/442 217/193/444 216/192/876
f 194/168/445 224/199/447 301/278/445
f 225/200/448 227/202/450 330/310/877
f 214/190/451 229/204/453 293/299/452
f 213/188/454 230/205/456 325/206/878
f 231/206/457 233/147/459 270/146/879
f 236/210/463 237/190/465 283/189/880
f 194/168/466 239/212/468 291/261/881
f 172/146/472 180/216/474 310/257/882
f 241/217/475 243/219/477 313/276/883
f 228/203/478 166/189/480 239/210/884
f 244/200/481 246/202/483 297/272/885
f 223/220/484 198/172/486 197/171/886
f 248/222/487 218/191/489 177/151/887
f 181/224/490 171/145/492 195/169/888
f 169/143/493 248/222/493 177/151/889
f 250/225/494 252/227/496 298/315/890
f 169/143/497 253/228/499 170/144/891
f 254/229/500 229/231/502 228/294/892
f 256/151/503 258/142/505 266/222/893
f 259/232/506 204/177/508 334/321/894
f 261/233/509 263/235/511 317/292/895
f 187/169/512 264/216/514 269/145/896
f 178/152/518 258/237/520 179/153/897
f 267/238/521 187/161/523 182/156/898
f 268/170/524 270/146/526 233/147/899
f 217/239/527 271/240/529 321/298/900
f 210/179/530 216/192/532 211/180/901
f 222/197/535 190/164/537 189/163/902
f 190/164/538 182/156/540 181/155/903
f 274/242/541 276/244/543 253/322/904
f 277/245/544 278/247/546 332/291/544
f 198/248/547 170/144/549 292/265/905
f 220/195/906 280/251/907 281/252/908
f 232/205/556 272/188/558 210/179/909
f 283/189/559 218/191/561 249/223/910
f 275/248/562 284/144/564 260/265/911
f 204/177/565 285/254/567 334/321/912
f 286/231/568 212/255/570 211/268/913
f 248/222/571 288/257/573 249/223/914
f 274/249/574 257/143/576 284/144/575
f 253/258/577 258/237/579 274/249/915
f 289/259/580 232/260/582 210/182/916
f 165/221/583 239/212/585 166/220/917
f 264/216/586 249/263/588 288/257/918
f 212/184/589 261/193/591 326/192/919
f 253/228/592 292/265/594 170/144/920
f 198/172/595 278/267/597 199/173/921
f 293/268/598 294/269/600 196/255/922
f 279/250/601 255/230/603 280/251/923
f 269/145/604 288/257/606 270/146/605
f 264/242/607 236/244/609 283/322/924
f 296/271/610 246/202/612 322/150/612
f 292/266/613 298/273/615 278/267/925
f 185/274/616 300/276/618 304/219/926
f 250/277/619 260/161/621 259/232/620
f 238/211/622 301/278/624 282/253/927
f 302/217/628 304/219/630 300/276/630
f 281/252/631 238/211/633 282/253/928
f 173/147/634 305/282/636 323/302/929
f 276/244/637 250/277/639 298/273/930
f 306/283/640 308/285/640 321/314/931
f 309/286/641 230/205/643 208/179/932
f 233/263/644 180/216/646 268/262/933
f 222/197/647 188/162/649 267/238/934
f 181/155/650 191/165/652 190/164/935
f 271/287/653 306/283/655 321/314/936
f 235/274/656 313/276/658 243/219/658
f 314/289/659 304/290/661 303/323/937
f 315/291/662 250/246/664 259/247/938
f 316/259/665 216/192/667 272/188/939
f 167/141/668 178/152/668 219/194/940
f 261/233/670 285/254/672 203/176/941
f 237/190/673 291/204/675 165/299/942
f 318/293/676 221/196/678 273/241/943
f 238/211/679 228/294/681 239/212/944
f 191/165/682 294/269/684 295/270/945
f 209/228/685 260/265/687 284/144/686
f 263/235/688 286/231/690 308/324/946
f 270/146/691 287/256/693 231/206/947
f 266/222/694 215/191/696 256/151/948
f 319/284/700 296/271/702 314/289/949
f 286/231/703 321/298/705 308/324/950
f 237/190/706 219/194/707 218/191/706
f 287/300/708 168/182/710 316/259/709
f 314/289/711 322/150/712 183/157/951
f 309/153/713 284/144/715 257/143/952
f 182/301/716 269/145/718 268/170/953
f 305/152/719 257/143/721 256/151/954
f 215/191/722 293/299/724 323/194/955
f 220/195/956 201/175/957 273/241/956
f 323/302/731 196/170/733 173/147/958
f 220/195/959 301/278/959 224/199/960
f 220/195/961 324/304/961 279/250/962
f 236/244/738 318/293/740 200/174/963
f 290/256/741 233/263/742 232/260/742
f 324/304/743 295/270/743 279/250/964
f 316/259/745 231/206/747 287/256/965
f 310/257/748 325/206/750 172/146/966
f 256/151/751 323/194/753 305/152/967
f 193/167/754 236/244/756 200/174/968
f 281/252/757 255/230/759 254/229/969
f 289/259/760 326/192/761 213/188/970
f 203/305/762 326/192/764 261/193/764
f 172/146/765 230/205/766 173/147/971
f 325/206/767 289/259/769 213/188/972
f 316/259/770 247/183/772 223/184/973
f 295/270/773 229/231/775 255/230/974
f 234/295/728 300/276/776 299/296/729
f 226/306/777 241/217/779 313/276/975
f 227/202/780 328/271/782 330/272/976
f 329/308/783 243/219/785 242/218/977
f 277/309/786 330/310/788 311/318/978
f 322/150/789 206/148/418 205/149/417
f 331/313/793 314/289/793 303/323/793
f 226/201/795 174/215/471 227/202/979
f 183/157/797 205/185/426 184/187/428
f 307/309/800 297/272/802 333/288/980
f 245/157/803 175/185/516 265/187/515
f 240/295/697 313/276/806 312/296/698
f 327/306/807 302/217/808 300/276/808
f 241/217/809 252/227/810 242/218/809
f 206/279/625 245/201/812 265/280/626
f 327/306/813 235/209/462 243/325/981
f 176/150/814 244/289/816 328/271/982
f 315/291/817 303/218/817 302/217/817
f 320/283/818 297/272/820 296/271/820
f 201/175/821 318/293/823 273/241/983
f 317/314/824 333/288/826 320/283/984
f 315/291/827 334/315/829 331/227/985
f 332/291/830 298/315/830 252/227/986
f 308/316/832 333/288/834 263/287/987
f 334/317/835 319/284/837 331/313/988
f 199/316/838 311/318/840 271/326/989
f 285/285/841 320/283/842 319/284/990
f 329/307/843 315/291/844 302/217/844
f 311/288/845 328/271/847 306/283/991
f 328/271/848 307/284/850 306/283/850
f 225/307/851 332/291/853 241/217/992
f 251/226/854 242/218/856 252/227/854
f 335/139/993 336/140/994 337/141/995
f 338/142/996 339/143/997 340/144/998
f 341/145/999 342/146/1000 343/147/1001
f 344/148/1002 345/149/1003 346/150/1004
f 347/151/1005 348/152/1006 349/153/1007
f 350/154/1008 351/155/1009 352/156/1010
f 353/157/1011 354/158/1012 355/159/1013
f 356/160/1014 357/161/1015 358/162/1016
f 359/163/1017 360/164/1018 361/165/1019
f 362/166/1020 363/167/1021 364/168/1022
f 365/169/1023 341/145/1024 366/170/1025
f 367/171/1026 368/172/1027 369/173/1028
f 363/167/1029 370/174/1030 371/175/1031
f 372/154/1032 373/176/1033 374/177/1034
f 375/149/1035 376/148/1036 377/178/1037
f 378/179/1038 372/180/1039 379/181/1040
f 380/182/1041 381/183/1042 382/184/1043
f 375/185/1044 377/186/1045 354/187/1046
f 372/180/1047 378/179/1048 383/188/1049
f 336/189/1050 384/190/1051 385/191/1052
f 381/180/1053 386/192/1054 387/193/1055
f 347/151/1056 388/191/1056 389/194/1057
f 390/195/1058 391/196/1058 392/197/1058
f 393/184/1059 367/198/1060 387/193/1061
f 364/168/1062 363/167/1062 394/199/1063
f 395/200/1064 396/201/1065 397/202/1066
f 384/190/1067 398/203/1068 399/204/1069
f 383/188/1070 378/179/1071 400/205/1072
f 401/206/1073 402/205/1074 403/147/1075
f 404/207/1076 377/208/1077 405/209/1078
f 406/210/1079 362/203/1080 407/190/1081
f 364/168/1082 408/211/1083 409/212/1084
f 410/213/1085 377/214/1086 344/215/1087
f 342/146/1088 341/145/1089 350/216/1090
f 411/217/1091 412/218/1092 413/219/1093
f 398/203/1094 384/190/1095 336/189/1096
f 414/200/1097 415/201/1098 416/202/1099
f 393/220/1100 417/221/1101 368/172/1102
f 418/222/1103 419/223/1104 388/191/1105
f 351/224/1106 350/216/1107 341/145/1108
f 339/143/1109 338/142/1110 418/222/1111
f 420/225/1112 421/226/1113 422/227/1114
f 339/143/1115 349/153/1116 423/228/1117
f 424/229/1118 425/230/1119 399/231/1120
f 426/151/1121 427/143/1122 428/142/1123
f 429/232/1124 430/161/1125 374/177/1126
f 431/233/1127 432/234/1128 433/235/1129
f 357/169/1130 356/224/1131 434/216/1132
f 435/187/1133 345/185/1134 377/186/1135
f 348/152/1136 436/236/1137 428/237/1138
f 437/238/1139 358/162/1140 357/161/1141
f 438/170/1142 439/145/1143 440/146/1144
f 387/239/1145 367/171/1146 441/240/1147
f 380/179/1148 442/188/1149 386/192/1150
f 443/241/1151 391/196/1152 390/195/1153
f 392/197/1154 437/238/1155 360/164/1156
f 360/164/1157 437/238/1158 352/156/1159
f 444/242/1160 445/243/1161 446/244/1162
f 447/245/1163 369/246/1163 448/247/1163
f 368/248/1164 417/249/1165 340/144/1166
f 390/195/1167 449/250/1168 450/251/1169
f 451/252/1170 452/253/1170 390/195/1171
f 402/205/1172 401/206/1173 442/188/1174
f 453/189/1175 407/190/1176 388/191/1177
f 445/248/1178 444/249/1179 454/144/1180
f 374/177/1181 373/176/1182 455/254/1183
f 456/231/1184 432/234/1185 382/255/1186
f 418/222/1187 457/256/1188 458/257/1189
f 444/249/1190 428/142/1191 427/143/1192
f 423/258/1193 349/153/1194 428/237/1195
f 459/259/1196 460/256/1197 402/260/1198
f 335/221/1199 461/261/1200 409/212/1201
f 434/216/1202 453/262/1203 419/263/1204
f 382/184/1205 432/198/1206 431/193/1207
f 423/228/1208 446/264/1209 462/265/1210
f 368/172/1211 462/266/1212 448/267/1213
f 463/268/1214 399/231/1215 464/269/1216
f 449/250/1217 465/270/1218 425/230/1219
f 439/145/1220 434/216/1221 458/257/1222
f 434/242/1223 356/160/1224 406/244/1225
f 466/271/1226 467/272/1227 416/202/1228
f 462/266/1229 446/244/1230 468/273/1231
f 355/274/1232 469/275/1233 470/276/1234
f 420/277/1235 445/243/1236 430/161/1237
f 408/211/1238 364/168/1239 471/278/1240
f 376/279/1241 435/280/1242 377/281/1243
f 472/217/1244 473/218/1244 474/219/1245
f 451/252/1246 424/229/1247 408/211/1248
f 343/147/1249 400/205/1250 475/282/1251
f 446/244/1252 445/243/1253 420/277/1254
f 476/283/1255 477/284/1256 478/285/1257
f 479/286/1258 475/282/1259 400/205/1260
f 403/263/1261 480/257/1262 350/216/1263
f 392/197/1264 391/196/1265 358/162/1266
f 351/155/1267 365/233/1268 361/165/1269
f 441/287/1270 481/288/1271 476/283/1272
f 405/274/1273 482/275/1274 483/276/1275
f 484/289/1276 353/157/1277 474/290/1278
f 485/291/1279 421/245/1279 420/246/1280
f 486/259/1281 393/184/1281 386/192/1282
f 337/141/1283 436/236/1284 348/152/1283
f 431/233/1285 487/292/1286 455/254/1287
f 407/190/1288 362/203/1289 461/204/1290
f 488/293/1291 358/162/1292 391/196/1293
f 408/211/1294 424/229/1295 398/294/1296
f 361/165/1297 365/233/1298 464/269/1299
f 379/228/1300 374/264/1301 430/265/1302
f 433/235/1303 432/234/1304 456/231/1305
f 440/146/1306 458/257/1307 457/256/1308
f 436/222/1309 337/223/1310 385/191/1311
f 410/295/1312 482/296/1313 377/297/1314
f 489/284/1315 490/283/1316 466/271/1317
f 456/231/1318 387/239/1319 491/298/1320
f 407/190/1321 335/299/1322 389/194/1323
f 457/300/1324 418/222/1325 338/182/1326
f 484/289/1327 466/271/1328 492/150/1329
f 479/153/1330 379/228/1331 454/144/1332
f 352/301/1333 357/169/1334 439/145/1335
f 475/152/1336 479/153/1337 427/143/1338
f 385/191/1339 384/190/1340 463/299/1341
f 390/195/1342 394/199/1343 371/175/1344
f 404/295/1345 469/296/1346 377/297/1347
f 493/302/1348 463/303/1349 366/170/1350
f 390/195/1351 452/253/1352 471/278/1351
f 390/195/1353 359/163/1353 494/304/1354
f 406/244/1355 356/160/1356 488/293/1357
f 460/256/1358 480/257/1359 403/263/1358
f 494/304/1360 361/165/1360 465/270/1360
f 486/259/1361 442/188/1362 401/206/1363
f 480/257/1364 460/256/1364 495/206/1365
f 426/151/1366 385/191/1367 493/194/1368
f 363/167/1369 362/166/1370 406/244/1371
f 451/252/1372 450/251/1373 425/230/1374
f 459/259/1375 382/184/1375 496/192/1376
f 373/305/1377 372/180/1377 496/192/1377
f 342/146/1378 495/206/1379 400/205/1380
f 495/206/1381 460/256/1381 459/259/1382
f 486/259/1383 338/182/1384 417/183/1385
f 465/270/1386 464/269/1387 399/231/1388
f 404/295/1345 497/306/1389 470/276/1390
f 396/306/1391 395/307/1392 411/217/1393
f 397/202/1394 346/150/1395 498/271/1396
f 499/308/1397 497/306/1398 413/219/1399
f 447/309/1400 395/200/1401 500/310/1402
f 492/150/1403 416/202/1404 376/148/1036
f 377/311/1405 482/275/1274 405/274/1273
f 377/312/1406 355/159/1013 354/158/1012
f 501/313/1407 489/284/1407 484/289/1408
f 396/201/1409 410/213/1085 344/215/1087
f 377/178/1410 345/149/1003 344/148/1002
f 353/157/1044 492/150/1411 375/185/1044
f 377/311/1412 469/275/1233 355/274/1232
f 477/309/1413 414/200/1414 467/272/1415
f 415/157/1416 346/150/1417 345/185/1134
f 410/295/1312 396/306/1418 483/276/1418
f 497/306/1419 499/307/1420 472/217/1421
f 411/217/1422 502/291/1422 422/227/1423
f 376/279/1241 416/202/1424 415/201/1425
f 497/306/1426 404/207/1076 405/209/1078
f 346/150/1427 415/157/1428 414/289/1429
f 485/291/1430 501/227/1431 473/218/1432
f 490/283/1433 503/288/1433 467/272/1433
f 371/175/1434 370/174/1435 488/293/1436
f 487/314/1437 433/287/1438 503/288/1439
f 485/291/1440 429/247/1441 504/315/1442
f 502/291/1443 448/247/1443 468/315/1444
f 478/316/1445 477/309/1446 503/288/1447
f 504/317/1448 455/285/1449 489/284/1450
f 369/316/1451 447/309/1452 481/318/1453
f 455/285/1454 487/314/1455 490/283/1454
f 499/307/1456 421/245/1457 485/291/1458
f 481/288/1459 500/272/1460 498/271/1460
f 498/271/1461 414/289/1462 477/284/1463
f 395/307/1464 447/245/1465 502/291/1466
f 421/226/1467 499/308/1468 412/218/1468
f 335/139/993 337/141/995 389/319/1469
f 338/142/996 340/144/998 417/249/1470
f 341/145/999 343/147/1001 366/170/1471
f 344/148/1002 346/150/1004 397/202/1472
f 347/151/1005 349/153/1007 339/143/1005
f 350/154/1008 352/156/1010 438/320/1473
f 353/157/1011 355/159/1013 474/290/1474
f 356/160/1014 358/162/1016 488/293/1475
f 359/163/1017 361/165/1019 494/304/1476
f 362/166/1020 364/168/1022 461/261/1477
f 365/169/1023 366/170/1025 464/301/1478
f 367/171/1026 369/173/1028 441/240/1026
f 363/167/1029 371/175/1031 394/199/1479
f 372/154/1032 374/177/1034 379/320/1480
f 378/179/1038 379/181/1040 479/286/1481
f 380/182/1041 382/184/1043 459/259/1042
f 372/180/1047 383/188/1049 496/192/1482
f 336/189/1050 385/191/1052 337/223/1483
f 381/180/1053 387/193/1055 456/305/1484
f 347/151/1056 389/194/1057 348/152/1057
f 390/195/1485 392/197/1486 359/163/1485
f 393/184/1059 387/193/1061 386/192/1487
f 364/168/1062 394/199/1063 471/278/1488
f 395/200/1064 397/202/1066 500/310/1489
f 384/190/1067 399/204/1069 463/299/1490
f 383/188/1070 400/205/1072 495/206/1491
f 401/206/1073 403/147/1075 440/146/1492
f 406/210/1079 407/190/1081 453/189/1493
f 364/168/1082 409/212/1084 461/261/1494
f 342/146/1088 350/216/1090 480/257/1495
f 411/217/1091 413/219/1093 483/276/1496
f 398/203/1094 336/189/1096 409/210/1497
f 414/200/1097 416/202/1099 467/272/1498
f 393/220/1100 368/172/1102 367/171/1499
f 418/222/1103 388/191/1105 347/151/1500
f 351/224/1106 341/145/1108 365/169/1107
f 339/143/1109 418/222/1111 347/151/1111
f 420/225/1112 422/227/1114 468/315/1501
f 339/143/1115 423/228/1117 340/144/1502
f 424/229/1118 399/231/1120 398/294/1503
f 426/151/1121 428/142/1123 436/222/1504
f 429/232/1124 374/177/1126 504/321/1505
f 431/233/1127 433/235/1129 487/292/1506
f 357/169/1130 434/216/1132 439/145/1507
f 348/152/1136 428/237/1138 349/153/1137
f 437/238/1139 357/161/1141 352/156/1508
f 438/170/1142 440/146/1144 403/147/1509
f 387/239/1145 441/240/1147 491/298/1510
f 380/179/1148 386/192/1150 381/180/1148
f 392/197/1154 360/164/1156 359/163/1511
f 360/164/1157 352/156/1159 351/155/1512
f 444/242/1160 446/244/1162 423/322/1513
f 447/245/1163 448/247/1163 502/291/1514
f 368/248/1164 340/144/1166 462/265/1515
f 390/195/1516 450/251/1517 451/252/1518
f 402/205/1172 442/188/1174 380/179/1519
f 453/189/1175 388/191/1177 419/223/1520
f 445/248/1178 454/144/1180 430/265/1521
f 374/177/1181 455/254/1183 504/321/1522
f 456/231/1184 382/255/1186 381/268/1523
f 418/222/1187 458/257/1189 419/223/1524
f 444/249/1190 427/143/1192 454/144/1525
f 423/258/1193 428/237/1195 444/249/1526
f 459/259/1196 402/260/1198 380/182/1527
f 335/221/1199 409/212/1201 336/220/1528
f 434/216/1202 419/263/1204 458/257/1529
f 382/184/1205 431/193/1207 496/192/1530
f 423/228/1208 462/265/1210 340/144/1531
f 368/172/1211 448/267/1213 369/173/1532
f 463/268/1214 464/269/1216 366/255/1533
f 449/250/1217 425/230/1219 450/251/1534
f 439/145/1220 458/257/1222 440/146/1535
f 434/242/1223 406/244/1225 453/322/1536
f 466/271/1226 416/202/1228 492/150/1537
f 462/266/1229 468/273/1231 448/267/1538
f 355/274/1232 470/276/1234 474/219/1234
f 420/277/1235 430/161/1237 429/232/1539
f 408/211/1238 471/278/1240 452/253/1540
f 472/217/1244 474/219/1245 470/276/1541
f 451/252/1246 408/211/1248 452/253/1542
f 343/147/1249 475/282/1251 493/302/1543
f 446/244/1252 420/277/1254 468/273/1544
f 476/283/1255 478/285/1257 491/314/1545
f 479/286/1258 400/205/1260 378/179/1546
f 403/263/1261 350/216/1263 438/262/1262
f 392/197/1264 358/162/1266 437/238/1547
f 351/155/1267 361/165/1269 360/164/1548
f 441/287/1270 476/283/1272 491/314/1549
f 405/274/1273 483/276/1275 413/219/1550
f 484/289/1276 474/290/1278 473/323/1551
f 485/291/1279 420/246/1280 429/247/1280
f 486/259/1281 386/192/1282 442/188/1282
f 337/141/1283 348/152/1283 389/194/1552
f 431/233/1285 455/254/1287 373/176/1553
f 407/190/1288 461/204/1290 335/299/1554
f 488/293/1291 391/196/1293 443/241/1291
f 408/211/1294 398/294/1296 409/212/1555
f 361/165/1297 464/269/1299 465/270/1556
f 379/228/1300 430/265/1302 454/144/1557
f 433/235/1303 456/231/1305 478/324/1558
f 440/146/1306 457/256/1308 401/206/1559
f 436/222/1309 385/191/1311 426/151/1560
f 489/284/1315 466/271/1317 484/289/1317
f 456/231/1318 491/298/1320 478/324/1561
f 407/190/1321 389/194/1323 388/191/1562
f 457/300/1324 338/182/1326 486/259/1563
f 484/289/1327 492/150/1329 353/157/1564
f 479/153/1330 454/144/1332 427/143/1565
f 352/301/1333 439/145/1335 438/170/1334
f 475/152/1336 427/143/1338 426/151/1566
f 385/191/1339 463/299/1341 493/194/1567
f 390/195/1568 371/175/1569 443/241/1569
f 493/302/1348 366/170/1350 343/147/1570
f 390/195/1571 471/278/1572 394/199/1572
f 390/195/1573 494/304/1574 449/250/1575
f 406/244/1355 488/293/1357 370/174/1576
f 460/256/1358 403/263/1358 402/260/1358
f 494/304/1360 465/270/1360 449/250/1360
f 486/259/1361 401/206/1363 457/256/1577
f 480/257/1364 495/206/1365 342/146/1578
f 426/151/1366 493/194/1368 475/152/1579
f 363/167/1369 406/244/1371 370/174/1580
f 451/252/1372 425/230/1374 424/229/1581
f 459/259/1375 496/192/1376 383/188/1582
f 373/305/1377 496/192/1377 431/193/1583
f 342/146/1378 400/205/1380 343/147/1584
f 495/206/1381 459/259/1382 383/188/1381
f 486/259/1383 417/183/1385 393/184/1383
f 465/270/1386 399/231/1388 425/230/1585
f 404/295/1345 470/276/1390 469/296/1346
f 396/306/1391 411/217/1393 483/276/1586
f 397/202/1394 498/271/1396 500/272/1587
f 499/308/1397 413/219/1399 412/218/1588
f 447/309/1400 500/310/1402 481/318/1589
f 492/150/1403 376/148/1036 375/149/1035
f 501/313/1407 484/289/1408 473/323/1590
f 396/201/1409 344/215/1087 397/202/1409
f 353/157/1044 375/185/1044 354/187/1046
f 477/309/1413 467/272/1415 503/288/1414
f 415/157/1416 345/185/1134 435/187/1133
f 410/295/1312 483/276/1418 482/296/1313
f 497/306/1419 472/217/1421 470/276/1419
f 411/217/1422 422/227/1423 412/218/1422
f 376/279/1241 415/201/1425 435/280/1242
f 497/306/1426 405/209/1078 413/325/1591
f 346/150/1427 414/289/1429 498/271/1592
f 485/291/1430 473/218/1432 472/217/1593
f 490/283/1433 467/272/1433 466/271/1433
f 371/175/1434 488/293/1436 443/241/1594
f 487/314/1437 503/288/1439 490/283/1595
f 485/291/1440 504/315/1442 501/227/1596
f 502/291/1443 468/315/1444 422/227/1597
f 478/316/1445 503/288/1447 433/287/1598
f 504/317/1448 489/284/1450 501/313/1599
f 369/316/1451 481/318/1453 441/326/1600
f 455/285/1454 490/283/1454 489/284/1454
f 499/307/1456 485/291/1458 472/217/1458
f 481/288/1459 498/271/1460 476/283/1601
f 498/271/1461 477/284/1463 476/283/1602
f 395/307/1464 502/291/1466 411/217/1603
f 421/226/1467 412/218/1468 422/227/1604
f 505/327/1605 506/328/1605 507/329/1606
f 508/330/1607 509/331/1608 510/332/1607
f 511/333/1609 512/334/1610 507/329/1611
f 508/330/1612 513/335/1613 514/336/1614
f 515/337/1615 512/334/1616 511/333/1617
f 513/335/1618 516/338/1619 517/339/1620
f 518/340/1621 519/341/1622 517/339/1621
f 520/342/1623 521/343/1624 522/344/1623
f 523/345/1625 524/346/1626 519/341/1626
f 520/342/1627 525/347/1627 526/348/1627
f 523/345/1628 527/349/1629 528/350/1630
f 525/347/1631 529/351/1632 530/352/1633
f 527/349/1634 505/327/1635 531/353/1634
f 532/354/1636 510/332/1637 530/352/1636
f 507/329/1638 512/334/1639 533/355/1640
f 509/331/1641 514/336/1642 534/356/1641
f 515/357/1643 533/355/1644 512/334/1645
f 514/336/1646 517/339/1647 535/358/1647
f 519/341/1648 536/359/1649 535/358/1648
f 521/343/1650 537/360/1651 522/361/1652
f 519/341/1653 524/346/1653 538/362/1653
f 521/343/1654 526/348/1655 539/363/1655
f 524/346/1656 528/350/1656 540/364/1656
f 526/348/1657 530/352/1657 541/365/1658
f 531/353/1659 542/366/1660 540/364/1661
f 530/352/1662 510/332/1662 543/367/1663
f 531/353/1664 507/329/1665 544/368/1665
f 510/332/1666 509/331/1667 545/369/1667
f 534/356/1668 546/370/1669 547/371/1670
f 515/372/1671 548/373/1672 533/355/1673
f 534/356/1674 535/358/1675 549/374/1675
f 535/358/1676 536/359/1677 550/375/1676
f 537/360/1678 551/376/1678 522/377/1678
f 536/359/1679 538/362/1680 552/378/1681
f 537/360/1682 539/363/1682 553/379/1683
f 540/364/1684 554/380/1685 552/378/1686
f 539/363/1687 541/365/1688 555/381/1687
f 540/364/1689 542/366/1690 556/382/1691
f 543/367/1692 557/383/1692 555/381/1692
f 542/366/1693 544/368/1694 558/384/1695
f 543/367/1696 545/369/1696 547/371/1696
f 544/368/1697 533/355/1697 548/373/1697
f 515/385/1698 559/386/1699 548/373/1700
f 546/370/1701 549/374/1702 560/387/1703
f 550/375/1704 561/388/1705 560/387/1704
f 551/376/1706 562/389/1707 522/390/1708
f 550/375/1709 552/378/1709 563/391/1709
f 551/376/1710 553/379/1711 564/392/1712
f 554/380/1713 565/393/1714 563/391/1715
f 553/379/1716 555/381/1717 566/394/1718
f 554/380/1719 556/382/1720 567/395/1721
f 557/383/1722 568/396/1723 566/394/1722
f 558/384/1724 569/397/1725 567/395/1726
f 557/383/1727 547/371/1728 570/398/1729
f 548/373/1730 559/386/1731 569/397/1732
f 546/370/1733 571/399/1734 570/398/1735
f 571/399/1736 560/387/1737 572/400/1737
f 561/388/1738 573/401/1739 572/400/1740
f 562/389/1741 574/402/1742 522/403/1743
f 563/391/1744 575/404/1745 573/401/1744
f 562/389/1746 564/392/1746 576/405/1747
f 565/393/1748 577/406/1749 575/404/1749
f 564/392/1750 566/394/1751 578/407/1752
f 565/393/1753 567/395/1754 579/408/1754
f 568/396/1755 580/409/1756 578/407/1757
f 569/397/1758 581/410/1759 579/408/1758
f 568/396/1760 570/398/1761 582/411/1762
f 569/397/1763 559/386/1764 583/412/1765
f 570/398/1766 571/399/1767 584/413/1767
f 515/414/1768 583/412/1768 559/386/1768
f 572/400/1769 573/401/1770 585/415/1770
f 574/402/1771 586/416/1772 522/417/1773
f 573/401/1774 575/404/1775 587/418/1776
f 576/405/1777 588/419/1778 586/416/1778
f 577/406/1779 589/420/1780 587/418/1781
f 576/405/1782 578/407/1783 590/421/1782
f 577/406/1784 579/408/1785 591/422/1786
f 580/409/1787 592/423/1788 590/421/1789
f 581/410/1790 593/424/1791 591/422/1790
f 580/409/1792 582/411/1793 594/425/1794
f 581/410/1795 583/412/1795 595/426/1795
f 582/411/1796 584/413/1797 596/427/1798
f 515/428/1799 595/426/1800 583/412/1800
f 584/413/1801 572/400/1801 597/429/1802
f 586/416/1803 598/430/1803 522/431/1804
f 585/415/1805 587/418/1806 599/432/1806
f 588/419/1807 600/433/1808 598/430/1809
f 589/420/1810 601/434/1811 599/432/1812
f 588/419/1813 590/421/1813 602/435/1814
f 589/420/1815 591/422/1816 603/436/1817
f 592/423/1818 604/437/1819 602/435/1818
f 591/422/1820 593/424/1820 605/438/1821
f 592/423/1822 594/425/1823 606/439/1824
f 595/426/1825 607/440/1826 605/438/1827
f 594/425/1828 596/427/1828 608/441/1828
f 515/442/1829 607/440/1830 595/426/1829
f 596/427/1831 597/429/1831 609/443/1832
f 585/415/1833 610/444/1833 609/443/1833
f 610/444/1834 599/432/1834 611/445/1835
f 598/430/1836 600/433/1837 612/446/1838
f 601/434/1839 613/447/1840 611/445/1839
f 600/433/1841 602/435/1842 614/448/1842
f 601/434/1843 603/436/1844 615/449/1845
f 604/437/1846 616/450/1847 614/448/1846
f 603/436/1848 605/438/1849 617/451/1849
f 604/437/1850 606/439/1851 618/452/1852
f 605/438/1853 607/440/1854 619/453/1855
f 608/441/1856 620/454/1857 618/452/1858
f 515/455/1859 619/453/1860 607/440/1861
f 608/441/1862 609/443/1863 621/456/1862
f 609/443/1864 610/444/1865 622/457/1864
f 598/430/1866 623/458/1867 522/459/1866
f 623/458/1868 612/446/1869 624/460/1869
f 613/447/1870 625/461/1871 626/462/1870
f 612/446/1872 614/448/1873 627/463/1874
f 613/447/1875 615/449/1876 628/464/1877
f 614/448/1878 616/450/1879 629/465/1879
f 617/451/1880 630/466/1881 628/464/1882
f 616/450/1883 618/452/1883 631/467/1884
f 617/451/1885 619/453/1885 632/468/1886
f 618/452/1887 620/454/1888 633/469/1889
f 515/470/1890 632/468/1891 619/453/1892
f 620/454/1893 621/456/1894 634/471/1894
f 621/456/1895 622/457/1895 635/472/1895
f 623/458/1896 636/473/1897 522/474/1898
f 622/457/1899 611/445/1900 626/462/1901
f 625/461/1902 637/475/1903 638/476/1904
f 624/460/1905 627/463/1906 639/477/1905
f 625/461/1907 628/464/1908 640/478/1909
f 629/465/1910 641/479/1911 639/477/1911
f 628/464/1912 630/466/1913 642/480/1914
f 629/465/1915 631/467/1916 643/481/1917
f 630/466/1918 632/468/1919 644/482/1920
f 631/467/1921 633/469/1922 645/483/1923
f 515/484/1924 644/482/1925 632/468/1924
f 633/469/1926 634/471/1927 646/485/1926
f 635/472/1928 647/486/1929 646/485/1930
f 636/473/1931 648/487/1932 522/488/1931
f 626/462/1933 638/476/1934 647/486/1933
f 624/460/1935 649/489/1936 648/487/1937
f 637/475/1938 640/478/1939 650/490/1940
f 639/477/1941 641/479/1942 651/491/1942
f 642/480/1943 652/492/1944 650/490/1943
f 641/479/1945 643/481/1946 653/493/1946
f 642/480/1947 644/482/1948 654/494/1949
f 645/483/1950 655/495/1951 653/493/1952
f 515/496/1953 654/494/1954 644/482/1955
f 645/483/1956 646/485/1957 656/497/1958
f 646/485/1959 647/486/1959 657/498/1960
f 648/487/1961 658/499/1961 522/500/1962
f 647/486/1963 638/476/1964 659/501/1963
f 649/489/1965 660/502/1966 658/499/1965
f 637/475/1967 661/503/1968 659/501/1967
f 649/489/1969 639/477/1970 662/504/1969
f 651/491/1971 663/505/1972 664/506/1971
f 652/492/1973 665/507/1974 666/508/1975
f 651/491/1976 653/493/1976 667/509/1976
f 652/492/1977 654/494/1977 668/510/1978
f 653/493/1979 655/495/1980 669/511/1979
f 515/512/1981 668/510/1982 654/494/1983
f 655/495/1984 656/497/1985 670/513/1985
f 656/497/1986 657/498/1987 671/514/1988
f 658/499/1989 672/515/1990 522/516/1990
f 657/498/1991 659/501/1992 673/517/1993
f 660/502/1994 674/518/1994 672/515/1994
f 661/503/1995 675/519/1995 673/517/1996
f 660/502/1997 662/504/1997 664/506/1997
f 661/503/1998 650/490/1998 666/508/1999
f 665/507/2000 676/520/2001 677/521/2002
f 663/505/2003 667/509/2004 678/522/2004
f 668/510/2005 679/523/2006 676/520/2005
f 667/509/2007 669/511/2008 680/524/2009
f 515/525/2010 679/523/2010 668/510/2010
f 670/513/2011 681/526/2011 680/524/2011
f 670/513/2012 671/514/2013 682/527/2014
f 672/515/2015 683/528/2016 522/529/2017
f 671/514/2018 673/517/2019 684/530/2020
f 672/515/2021 674/518/2022 685/531/2023
f 675/519/2024 686/532/2025 684/530/2026
f 674/518/2027 664/506/2028 687/533/2029
f 675/519/2030 666/508/2031 677/521/2032
f 663/505/2033 688/534/2034 687/533/2034
f 688/534/2035 678/522/2036 689/535/2035
f 676/520/2037 679/523/2038 690/536/2037
f 678/522/2039 680/524/2040 691/537/2041
f 515/538/2042 690/536/2043 679/523/2044
f 680/524/2045 681/526/2046 692/539/2047
f 681/526/2048 682/527/2048 693/540/2049
f 683/528/2050 694/541/2051 522/542/2052
f 684/530/2053 695/543/2054 693/540/2054
f 683/528/2055 685/531/2056 696/544/2057
f 686/532/2058 697/545/2059 695/543/2060
f 685/531/2061 687/533/2061 698/546/2062
f 686/532/2063 677/521/2064 699/547/2065
f 688/534/2066 700/548/2067 698/546/2068
f 676/520/2069 701/549/2070 699/547/2071
f 701/549/2072 690/536/2073 702/550/2074
f 689/535/2075 691/537/2076 703/551/2077
f 515/552/2078 702/550/2079 690/536/2080
f 692/539/2081 704/553/2082 703/551/2083
f 692/539/2084 693/540/2084 705/554/2085
f 694/541/2086 706/555/2087 522/556/2088
f 693/540/2089 695/543/2089 707/557/2090
f 694/541/2091 696/544/2092 708/558/2091
f 697/545/2093 709/559/2093 707/557/2094
f 696/544/2095 698/546/2096 710/560/2097
f 697/545/2098 699/547/2099 711/561/2100
f 700/548/2101 712/562/2102 710/560/2103
f 699/547/2104 701/549/2104 713/563/2105
f 700/548/2106 689/535/2107 714/564/2106
f 515/565/2108 715/566/2109 702/550/2108
f 704/553/2110 716/567/2111 717/568/2110
f 704/553/2112 705/554/2112 718/569/2112
f 706/555/2113 719/570/2114 522/571/2115
f 707/557/2116 720/572/2116 718/569/2116
f 706/555/2117 708/558/2118 721/573/2119
f 709/559/2120 722/574/2120 720/572/2121
f 708/558/2122 710/560/2122 723/575/2123
f 709/559/2124 711/561/2125 724/576/2124
f 712/562/2126 725/577/2127 723/575/2126
f 713/563/2128 726/578/2129 724/576/2129
f 712/562/2130 714/564/2131 727/579/2132
f 702/550/2133 715/566/2133 726/578/2134
f 714/564/2135 703/551/2136 717/568/2135
f 716/567/2137 728/580/2138 729/581/2137
f 716/567/2139 718/569/2139 730/582/2139
f 719/570/2140 731/583/2141 522/584/2141
f 720/572/2142 732/585/2143 730/582/2144
f 721/573/2145 733/586/2145 731/583/2145
f 720/572/2146 722/574/2147 734/587/2148
f 721/573/2149 723/575/2149 735/588/2150
f 722/574/2151 724/576/2152 736/589/2152
f 725/577/2153 737/590/2154 735/588/2153
f 726/578/2155 738/591/2156 736/589/2155
f 725/577/2157 727/579/2158 739/592/2159
f 726/578/2160 715/566/2161 740/593/2162
f 727/579/2163 717/568/2164 729/581/2163
f 515/594/2165 740/593/2166 715/566/2165
f 728/580/2167 730/582/2168 741/595/2168
f 731/583/2169 742/596/2170 522/597/2171
f 732/585/2172 743/598/2172 741/595/2172
f 731/583/2173 733/586/2174 744/599/2175
f 732/585/2176 734/587/2177 745/600/2177
f 733/586/2178 735/588/2179 746/601/2180
f 734/587/2181 736/589/2181 747/602/2182
f 737/590/2183 748/603/2183 746/601/2184
f 738/591/2185 749/604/2185 747/602/2185
f 739/592/2186 750/605/2187 748/603/2186
f 738/591/2188 740/593/2189 751/606/2189
f 739/592/2190 729/581/2191 752/607/2190
f 515/608/2192 751/606/2193 740/593/2194
f 729/581/2195 728/580/2196 753/609/2195
f 741/595/2197 754/610/2198 755/611/2197
f 742/596/2199 756/612/2200 522/613/2201
f 743/598/2202 757/614/2203 754/610/2203
f 742/596/2204 744/599/2205 758/615/2206
f 743/598/2207 745/600/2208 759/616/2207
f 744/599/2209 746/601/2210 760/617/2209
f 745/600/2211 747/602/2212 761/618/2213
f 748/603/2214 762/619/2215 760/617/2216
f 749/604/2217 763/620/2217 761/618/2218
f 748/603/2219 750/605/2220 764/621/2221
f 749/604/2222 751/606/2223 765/622/2224
f 750/605/2225 752/607/2225 766/623/2225
f 515/624/2226 765/622/2227 751/606/2228
f 752/607/2229 753/609/2230 755/611/2229
f 757/614/2231 767/625/2232 768/626/2232
f 756/612/2233 758/615/2234 769/627/2235
f 757/614/2236 759/616/2237 770/628/2238
f 758/615/2239 760/617/2240 771/629/2241
f 759/616/2242 761/618/2243 772/630/2244
f 762/619/2245 773/631/2246 771/629/2247
f 763/620/2248 774/632/2249 772/630/2250
f 764/621/2251 775/633/2252 773/631/2251
f 765/622/2253 776/634/2254 774/632/2255
f 764/621/2256 766/623/2257 777/635/2256
f 515/636/2258 776/634/2259 765/622/2260
f 766/623/2261 755/611/2262 778/637/2263
f 755/611/2264 754/610/2265 768/626/2266
f 756/612/2267 779/638/2268 522/639/2269
f 779/640/2270 769/641/2271 780/642/2272
f 767/643/2273 770/644/2273 781/645/2273
f 769/641/2274 771/646/2275 782/647/2275
f 770/644/2276 772/648/2276 783/649/2277
f 773/650/2278 784/651/2278 782/647/2279
f 774/652/2280 785/653/2281 783/649/2282
f 775/654/2283 786/655/2283 784/651/2284
f 774/652/2285 776/656/2285 787/657/2286
f 775/654/2287 777/658/2288 788/659/2288
f 515/660/2289 787/657/2290 776/656/2291
f 777/658/2292 778/661/2292 789/662/2293
f 778/661/2294 768/663/2295 790/664/2296
f 779/640/2297 791/665/2298 522/666/2298
f 767/643/2299 792/667/2300 790/664/2301
f 792/667/2302 781/645/2302 793/668/2302
f 780/642/2303 782/647/2303 794/669/2304
f 781/645/2305 783/649/2306 795/670/2307
f 782/647/2308 784/651/2309 796/671/2309
f 783/649/2310 785/653/2311 797/672/2312
f 784/651/2313 786/655/2314 798/673/2315
f 785/653/2316 787/657/2317 799/674/2318
f 786/655/2319 788/659/2320 800/675/2320
f 515/676/2321 799/674/2322 787/657/2323
f 788/659/2324 789/662/2325 801/677/2324
f 789/662/2326 790/664/2327 802/678/2326
f 791/665/2328 803/679/2329 522/680/2329
f 792/667/2330 804/681/2330 802/678/2330
f 780/642/2331 805/682/2331 803/679/2331
f 805/682/2332 794/669/2333 806/683/2334
f 793/668/2335 795/670/2335 807/684/2335
f 796/671/2336 808/685/2336 806/683/2337
f 797/672/2338 809/686/2339 807/684/2340
f 798/673/2341 810/687/2342 808/685/2341
f 797/672/2343 799/674/2344 811/688/2345
f 798/673/2346 800/675/2347 812/689/2346
f 515/690/2348 811/688/2348 799/674/2348
f 800/675/2349 801/677/2349 813/691/2349
f 801/677/2350 802/678/2350 814/692/2351
f 803/679/2352 815/693/2353 522/694/2354
f 804/681/2355 816/695/2356 814/692/2357
f 803/679/2358 805/682/2358 817/696/2359
f 804/681/2360 793/668/2361 818/697/2362
f 818/697/2363 807/684/2364 819/698/2365
f 806/683/2366 808/685/2366 820/699/2366
f 807/684/2367 809/686/2367 821/700/2367
f 810/687/2368 822/701/2369 820/699/2368
f 809/686/2370 811/688/2371 823/702/2372
f 810/687/2373 812/689/2374 824/703/2373
f 515/704/2375 823/702/2376 811/688/2375
f 812/689/2377 813/691/2378 825/705/2377
f 813/691/2379 814/692/2380 826/706/2381
f 815/693/2382 827/707/2382 522/708/2382
f 816/695/2383 828/709/2384 826/706/2385
f 815/693/2386 817/696/2387 829/710/2388
f 816/695/2389 818/697/2390 830/711/2391
f 817/696/2392 806/683/2393 831/712/2394
f 821/700/2395 832/713/2396 833/714/2396
f 822/701/2397 834/715/2398 835/716/2399
f 821/700/2400 823/702/2400 836/717/2400
f 822/701/2401 824/703/2401 837/718/2402
f 515/719/2403 836/717/2403 823/702/2404
f 824/703/2405 825/705/2406 838/720/2406
f 825/705/2407 826/706/2407 839/721/2408
f 827/707/2409 840/722/2410 522/723/2410
f 828/709/2411 841/724/2412 839/721/2411
f 827/707/2413 829/710/2414 842/725/2414
f 828/709/2415 830/711/2416 843/726/2417
f 829/710/2418 831/712/2419 844/727/2420
f 830/711/2421 819/698/2422 833/714/2421
f 831/712/2423 820/699/2424 835/716/2425
f 834/715/2426 845/728/2427 846/729/2427
f 832/713/2428 836/717/2429 847/730/2430
f 834/715/2431 837/718/2432 848/731/2433
f 515/732/2434 847/730/2435 836/717/2436
f 837/718/2437 838/720/2438 849/733/2439
f 839/721/2440 850/734/2441 849/733/2442
f 840/722/2443 851/735/2444 522/736/2444
f 841/724/2445 852/737/2446 850/734/2446
f 840/722/2447 842/725/2448 853/738/2449
f 841/724/2450 843/726/2451 854/739/2452
f 842/725/2453 844/727/2453 855/740/2454
f 833/714/2455 856/741/2456 854/739/2455
f 844/727/2457 835/716/2458 846/729/2457
f 833/714/2459 832/713/2460 857/742/2461
f 847/730/2462 511/333/2463 506/328/2464
f 845/728/2465 848/731/2466 513/335/2465
f 515/743/2467 511/333/2468 847/730/2467
f 848/731/2469 849/733/2470 516/338/2471
f 849/733/2472 850/734/2473 518/340/2473
f 851/735/2474 520/342/2475 522/744/2476
f 852/737/2477 523/345/2477 518/340/2477
f 851/735/2478 853/738/2479 525/347/2479
f 852/737/2480 854/739/2480 527/349/2481
f 853/738/2482 855/740/2483 529/351/2482
f 856/741/2484 505/327/2484 527/349/2484
f 855/740/2485 846/729/2486 532/354/2485
f 857/742/2487 506/328/2488 505/327/2487
f 845/728/2489 508/330/2490 532/354/2489
f 505/327/1605 507/329/1606 531/353/2491
f 508/330/1607 510/332/1607 532/354/1607
f 511/333/1609 507/329/1611 506/328/1610
f 508/330/1612 514/336/1614 509/331/2492
f 513/335/1618 517/339/1620 514/336/2493
f 518/340/1621 517/339/1621 516/338/1621
f 523/345/1625 519/341/1626 518/340/2494
f 520/342/1627 526/348/1627 521/343/1627
f 523/345/1628 528/350/1630 524/346/1630
f 525/347/1631 530/352/1633 526/348/2495
f 527/349/1634 531/353/1634 528/350/1634
f 532/354/1636 530/352/1636 529/351/1636
f 507/329/1638 533/355/1640 544/368/2496
f 509/331/1641 534/356/1641 545/369/1641
f 514/336/1646 535/358/1647 534/356/2497
f 519/341/1648 535/358/1648 517/339/2498
f 519/341/1653 538/362/1653 536/359/1653
f 521/343/1654 539/363/1655 537/360/2499
f 524/346/1656 540/364/1656 538/362/1656
f 526/348/1657 541/365/1658 539/363/1657
f 531/353/1659 540/364/1661 528/350/2500
f 530/352/1662 543/367/1663 541/365/2501
f 531/353/1664 544/368/1665 542/366/2502
f 510/332/1666 545/369/1667 543/367/1667
f 534/356/1668 547/371/1670 545/369/2503
f 534/356/1674 549/374/1675 546/370/1674
f 535/358/1676 550/375/1676 549/374/1676
f 536/359/1679 552/378/1681 550/375/2504
f 537/360/1682 553/379/1683 551/376/2505
f 540/364/1684 552/378/1686 538/362/2506
f 539/363/1687 555/381/1687 553/379/1688
f 540/364/1689 556/382/1691 554/380/1690
f 543/367/1692 555/381/1692 541/365/2507
f 542/366/1693 558/384/1695 556/382/2508
f 543/367/1696 547/371/1696 557/383/1696
f 544/368/1697 548/373/1697 558/384/1697
f 546/370/1701 560/387/1703 571/399/2509
f 550/375/1704 560/387/1704 549/374/2510
f 550/375/1709 563/391/1709 561/388/1709
f 551/376/1710 564/392/1712 562/389/2511
f 554/380/1713 563/391/1715 552/378/2512
f 553/379/1716 566/394/1718 564/392/2513
f 554/380/1719 567/395/1721 565/393/1719
f 557/383/1722 566/394/1722 555/381/2514
f 558/384/1724 567/395/1726 556/382/1724
f 557/383/1727 570/398/1729 568/396/2515
f 548/373/1730 569/397/1732 558/384/1731
f 546/370/1733 570/398/1735 547/371/2516
f 571/399/1736 572/400/1737 584/413/1737
f 561/388/1738 572/400/1740 560/387/2517
f 563/391/1744 573/401/1744 561/388/1744
f 562/389/1746 576/405/1747 574/402/1746
f 565/393/1748 575/404/1749 563/391/2518
f 564/392/1750 578/407/1752 576/405/2519
f 565/393/1753 579/408/1754 577/406/2520
f 568/396/1755 578/407/1757 566/394/1756
f 569/397/1758 579/408/1758 567/395/2521
f 568/396/1760 582/411/1762 580/409/2522
f 569/397/1763 583/412/1765 581/410/1763
f 570/398/1766 584/413/1767 582/411/1767
f 572/400/1769 585/415/1770 597/429/1770
f 573/401/1774 587/418/1776 585/415/2523
f 576/405/1777 586/416/1778 574/402/1778
f 577/406/1779 587/418/1781 575/404/2524
f 576/405/1782 590/421/1782 588/419/1783
f 577/406/1784 591/422/1786 589/420/2525
f 580/409/1787 590/421/1789 578/407/2526
f 581/410/1790 591/422/1790 579/408/2527
f 580/409/1792 594/425/1794 592/423/1792
f 581/410/1795 595/426/1795 593/424/1795
f 582/411/1796 596/427/1798 594/425/1797
f 584/413/1801 597/429/1802 596/427/2528
f 585/415/1805 599/432/1806 610/444/2529
f 588/419/1807 598/430/1809 586/416/2530
f 589/420/1810 599/432/1812 587/418/2531
f 588/419/1813 602/435/1814 600/433/2532
f 589/420/1815 603/436/1817 601/434/1817
f 592/423/1818 602/435/1818 590/421/2533
f 591/422/1820 605/438/1821 603/436/1820
f 592/423/1822 606/439/1824 604/437/2534
f 595/426/1825 605/438/1827 593/424/2535
f 594/425/1828 608/441/1828 606/439/2536
f 596/427/1831 609/443/1832 608/441/1831
f 585/415/1833 609/443/1833 597/429/2537
f 610/444/1834 611/445/1835 622/457/2538
f 598/430/1836 612/446/1838 623/458/2539
f 601/434/1839 611/445/1839 599/432/1840
f 600/433/1841 614/448/1842 612/446/2540
f 601/434/1843 615/449/1845 613/447/2541
f 604/437/1846 614/448/1846 602/435/1847
f 603/436/1848 617/451/1849 615/449/1848
f 604/437/1850 618/452/1852 616/450/1851
f 605/438/1853 619/453/1855 617/451/1854
f 608/441/1856 618/452/1858 606/439/2542
f 608/441/1862 621/456/1862 620/454/2543
f 609/443/1864 622/457/1864 621/456/2544
f 623/458/1868 624/460/1869 636/473/2545
f 613/447/1870 626/462/1870 611/445/1870
f 612/446/1872 627/463/1874 624/460/2546
f 613/447/1875 628/464/1877 625/461/2547
f 614/448/1878 629/465/1879 627/463/2548
f 617/451/1880 628/464/1882 615/449/2549
f 616/450/1883 631/467/1884 629/465/1884
f 617/451/1885 632/468/1886 630/466/2550
f 618/452/1887 633/469/1889 631/467/1887
f 620/454/1893 634/471/1894 633/469/2551
f 621/456/1895 635/472/1895 634/471/1895
f 622/457/1899 626/462/1901 635/472/1899
f 625/461/1902 638/476/1904 626/462/2552
f 624/460/1905 639/477/1905 649/489/1905
f 625/461/1907 640/478/1909 637/475/1909
f 629/465/1910 639/477/1911 627/463/2553
f 628/464/1912 642/480/1914 640/478/2554
f 629/465/1915 643/481/1917 641/479/1915
f 630/466/1918 644/482/1920 642/480/2555
f 631/467/1921 645/483/1923 643/481/2556
f 633/469/1926 646/485/1926 645/483/1926
f 635/472/1928 646/485/1930 634/471/2557
f 626/462/1933 647/486/1933 635/472/1933
f 624/460/1935 648/487/1937 636/473/2558
f 637/475/1938 650/490/1940 661/503/2559
f 639/477/1941 651/491/1942 662/504/1942
f 642/480/1943 650/490/1943 640/478/2560
f 641/479/1945 653/493/1946 651/491/1946
f 642/480/1947 654/494/1949 652/492/2561
f 645/483/1950 653/493/1952 643/481/1950
f 645/483/1956 656/497/1958 655/495/2562
f 646/485/1959 657/498/1960 656/497/2563
f 647/486/1963 659/501/1963 657/498/2564
f 649/489/1965 658/499/1965 648/487/2565
f 637/475/1967 659/501/1967 638/476/2566
f 649/489/1969 662/504/1969 660/502/2567
f 651/491/1971 664/506/1971 662/504/1972
f 652/492/1973 666/508/1975 650/490/1973
f 651/491/1976 667/509/1976 663/505/1976
f 652/492/1977 668/510/1978 665/507/1977
f 653/493/1979 669/511/1979 667/509/2568
f 655/495/1984 670/513/1985 669/511/2569
f 656/497/1986 671/514/1988 670/513/2570
f 657/498/1991 673/517/1993 671/514/2571
f 660/502/1994 672/515/1994 658/499/1994
f 661/503/1995 673/517/1996 659/501/2572
f 660/502/1997 664/506/1997 674/518/2573
f 661/503/1998 666/508/1999 675/519/2574
f 665/507/2000 677/521/2002 666/508/2575
f 663/505/2003 678/522/2004 688/534/2576
f 668/510/2005 676/520/2005 665/507/2577
f 667/509/2007 680/524/2009 678/522/2007
f 670/513/2011 680/524/2011 669/511/2578
f 670/513/2012 682/527/2014 681/526/2579
f 671/514/2018 684/530/2020 682/527/2580
f 672/515/2021 685/531/2023 683/528/2021
f 675/519/2024 684/530/2026 673/517/2581
f 674/518/2027 687/533/2029 685/531/2028
f 675/519/2030 677/521/2032 686/532/2582
f 663/505/2033 687/533/2034 664/506/2034
f 688/534/2035 689/535/2035 700/548/2583
f 676/520/2037 690/536/2037 701/549/2037
f 678/522/2039 691/537/2041 689/535/2040
f 680/524/2045 692/539/2047 691/537/2045
f 681/526/2048 693/540/2049 692/539/2584
f 684/530/2053 693/540/2054 682/527/2585
f 683/528/2055 696/544/2057 694/541/2586
f 686/532/2058 695/543/2060 684/530/2587
f 685/531/2061 698/546/2062 696/544/2588
f 686/532/2063 699/547/2065 697/545/2589
f 688/534/2066 698/546/2068 687/533/2067
f 676/520/2069 699/547/2071 677/521/2590
f 701/549/2072 702/550/2074 713/563/2072
f 689/535/2075 703/551/2077 714/564/2076
f 692/539/2081 703/551/2083 691/537/2591
f 692/539/2084 705/554/2085 704/553/2085
f 693/540/2089 707/557/2090 705/554/2592
f 694/541/2091 708/558/2091 706/555/2593
f 697/545/2093 707/557/2094 695/543/2094
f 696/544/2095 710/560/2097 708/558/2594
f 697/545/2098 711/561/2100 709/559/2098
f 700/548/2101 710/560/2103 698/546/2103
f 699/547/2104 713/563/2105 711/561/2595
f 700/548/2106 714/564/2106 712/562/2107
f 704/553/2110 717/568/2110 703/551/2596
f 704/553/2112 718/569/2112 716/567/2112
f 707/557/2116 718/569/2116 705/554/2116
f 706/555/2117 721/573/2119 719/570/2117
f 709/559/2120 720/572/2121 707/557/2121
f 708/558/2122 723/575/2123 721/573/2597
f 709/559/2124 724/576/2124 722/574/2598
f 712/562/2126 723/575/2126 710/560/2127
f 713/563/2128 724/576/2129 711/561/2128
f 712/562/2130 727/579/2132 725/577/2130
f 702/550/2133 726/578/2134 713/563/2133
f 714/564/2135 717/568/2135 727/579/2135
f 716/567/2137 729/581/2137 717/568/2599
f 716/567/2139 730/582/2139 728/580/2600
f 720/572/2142 730/582/2144 718/569/2143
f 721/573/2145 731/583/2145 719/570/2145
f 720/572/2146 734/587/2148 732/585/2147
f 721/573/2149 735/588/2150 733/586/2150
f 722/574/2151 736/589/2152 734/587/2601
f 725/577/2153 735/588/2153 723/575/2602
f 726/578/2155 736/589/2155 724/576/2603
f 725/577/2157 739/592/2159 737/590/2157
f 726/578/2160 740/593/2162 738/591/2161
f 727/579/2163 729/581/2163 739/592/2604
f 728/580/2167 741/595/2168 753/609/2605
f 732/585/2172 741/595/2172 730/582/2606
f 731/583/2173 744/599/2175 742/596/2607
f 732/585/2176 745/600/2177 743/598/2177
f 733/586/2178 746/601/2180 744/599/2179
f 734/587/2181 747/602/2182 745/600/2182
f 737/590/2183 746/601/2184 735/588/2183
f 738/591/2185 747/602/2185 736/589/2185
f 739/592/2186 748/603/2186 737/590/2608
f 738/591/2188 751/606/2189 749/604/2609
f 739/592/2190 752/607/2190 750/605/2610
f 729/581/2195 753/609/2195 752/607/2611
f 741/595/2197 755/611/2197 753/609/2197
f 743/598/2202 754/610/2203 741/595/2202
f 742/596/2204 758/615/2206 756/612/2612
f 743/598/2207 759/616/2207 757/614/2208
f 744/599/2209 760/617/2209 758/615/2613
f 745/600/2211 761/618/2213 759/616/2212
f 748/603/2214 760/617/2216 746/601/2614
f 749/604/2217 761/618/2218 747/602/2615
f 748/603/2219 764/621/2221 762/619/2616
f 749/604/2222 765/622/2224 763/620/2223
f 750/605/2225 766/623/2225 764/621/2617
f 752/607/2229 755/611/2229 766/623/2229
f 757/614/2231 768/626/2232 754/610/2618
f 756/612/2233 769/627/2235 779/638/2234
f 757/614/2236 770/628/2238 767/625/2619
f 758/615/2239 771/629/2241 769/627/2620
f 759/616/2242 772/630/2244 770/628/2621
f 762/619/2245 771/629/2247 760/617/2622
f 763/620/2248 772/630/2250 761/618/2250
f 764/621/2251 773/631/2251 762/619/2623
f 765/622/2253 774/632/2255 763/620/2254
f 764/621/2256 777/635/2256 775/633/2256
f 766/623/2261 778/637/2263 777/635/2624
f 755/611/2264 768/626/2266 778/637/2264
f 779/640/2270 780/642/2272 791/665/2625
f 767/643/2273 781/645/2273 792/667/2626
f 769/641/2274 782/647/2275 780/642/2627
f 770/644/2276 783/649/2277 781/645/2628
f 773/650/2278 782/647/2279 771/646/2278
f 774/652/2280 783/649/2282 772/648/2629
f 775/654/2283 784/651/2284 773/650/2630
f 774/652/2285 787/657/2286 785/653/2631
f 775/654/2287 788/659/2288 786/655/2632
f 777/658/2292 789/662/2293 788/659/2633
f 778/661/2294 790/664/2296 789/662/2634
f 767/643/2299 790/664/2301 768/663/2635
f 792/667/2302 793/668/2302 804/681/2302
f 780/642/2303 794/669/2304 805/682/2636
f 781/645/2305 795/670/2307 793/668/2637
f 782/647/2308 796/671/2309 794/669/2638
f 783/649/2310 797/672/2312 795/670/2639
f 784/651/2313 798/673/2315 796/671/2640
f 785/653/2316 799/674/2318 797/672/2641
f 786/655/2319 800/675/2320 798/673/2642
f 788/659/2324 801/677/2324 800/675/2324
f 789/662/2326 802/678/2326 801/677/2643
f 792/667/2330 802/678/2330 790/664/2644
f 780/642/2331 803/679/2331 791/665/2645
f 805/682/2332 806/683/2334 817/696/2333
f 793/668/2335 807/684/2335 818/697/2335
f 796/671/2336 806/683/2337 794/669/2646
f 797/672/2338 807/684/2340 795/670/2338
f 798/673/2341 808/685/2341 796/671/2342
f 797/672/2343 811/688/2345 809/686/2647
f 798/673/2346 812/689/2346 810/687/2648
f 800/675/2349 813/691/2349 812/689/2649
f 801/677/2350 814/692/2351 813/691/2351
f 804/681/2355 814/692/2357 802/678/2650
f 803/679/2358 817/696/2359 815/693/2651
f 804/681/2360 818/697/2362 816/695/2652
f 818/697/2363 819/698/2365 830/711/2653
f 806/683/2366 820/699/2366 831/712/2366
f 807/684/2367 821/700/2367 819/698/2367
f 810/687/2368 820/699/2368 808/685/2654
f 809/686/2370 823/702/2372 821/700/2655
f 810/687/2373 824/703/2373 822/701/2656
f 812/689/2377 825/705/2377 824/703/2377
f 813/691/2379 826/706/2381 825/705/2380
f 816/695/2383 826/706/2385 814/692/2384
f 815/693/2386 829/710/2388 827/707/2657
f 816/695/2389 830/711/2391 828/709/2658
f 817/696/2392 831/712/2394 829/710/2659
f 821/700/2395 833/714/2396 819/698/2396
f 822/701/2397 835/716/2399 820/699/2660
f 821/700/2400 836/717/2400 832/713/2400
f 822/701/2401 837/718/2402 834/715/2402
f 824/703/2405 838/720/2406 837/718/2405
f 825/705/2407 839/721/2408 838/720/2407
f 828/709/2411 839/721/2411 826/706/2661
f 827/707/2413 842/725/2414 840/722/2662
f 828/709/2415 843/726/2417 841/724/2663
f 829/710/2418 844/727/2420 842/725/2420
f 830/711/2421 833/714/2421 843/726/2664
f 831/712/2423 835/716/2425 844/727/2665
f 834/715/2426 846/729/2427 835/716/2666
f 832/713/2428 847/730/2430 857/742/2667
f 834/715/2431 848/731/2433 845/728/2431
f 837/718/2437 849/733/2439 848/731/2668
f 839/721/2440 849/733/2442 838/720/2441
f 841/724/2445 850/734/2446 839/721/2669
f 840/722/2447 853/738/2449 851/735/2670
f 841/724/2450 854/739/2452 852/737/2671
f 842/725/2453 855/740/2454 853/738/2672
f 833/714/2455 854/739/2455 843/726/2673
f 844/727/2457 846/729/2457 855/740/2458
f 833/714/2459 857/742/2461 856/741/2674
f 847/730/2462 506/328/2464 857/742/2675
f 845/728/2465 513/335/2465 508/330/2676
f 848/731/2469 516/338/2471 513/335/2677
f 849/733/2472 518/340/2473 516/338/2472
f 852/737/2477 518/340/2477 850/734/2678
f 851/735/2478 525/347/2479 520/342/2679
f 852/737/2480 527/349/2481 523/345/2680
f 853/738/2482 529/351/2482 525/347/2681
f 856/741/2484 527/349/2484 854/739/2484
f 855/740/2485 532/354/2485 529/351/2485
f 857/742/2487 505/327/2487 856/741/2488
f 845/728/2489 532/354/2489 846/729/2682
